[WARN] [1772871249.302034285]: Controller manager disabled; skipping controller setup.
[WARN] [1772871251.872658500]: "yaw" passed to lookupTransform argument source_frame does not exist. 
[WARN] [1772871251.872812575]: "yaw" passed to lookupTransform argument target_frame does not exist. 
[INFO] [1772871249.294596890]: zone loaded: enemy_attack_mid_robot_area points=0 aims=1 polygon=5
[INFO] [1772871249.299638558]: Failed to call service N7rm_msgs10EnableGyroE on /enable_gyro. Retrying now ...
[INFO] [1772871249.300495501]: Failed to call service N7rm_msgs11SetLimitVelE on /set_limit_vel. Retrying now ...
[INFO] [1772871249.303132335]: Failed to call service N7rm_msgs12StatusChangeE on /Processor_back/status_switch. Retrying now ...
[INFO] [1772871251.772361205]: [BT] OutputRightSwitchState SUCCESS C:CSG G:YSR B:S pos=(0.00,0.00) Enemy:blue Time:0.00 switch=auto state=auto
[INFO] [1772871251.772503325]: [BT] ReviveIfDead SUCCESS C:CSG G:YSR B:S pos=(0.00,0.00) Enemy:blue Time:0.00 revive=done
[INFO] [1772871251.772586687]: [BT] GetPresentTime SUCCESS C:CSG G:YSR B:S pos=(0.00,0.00) Enemy:blue Time:0.00
[INFO] [1772871251.772717626]: [BT] GetPosInMap SUCCESS C:CSG G:YSR B:S pos=(2.85,3.76) Enemy:blue Time:0.00
[INFO] [1772871251.772770675]: [BT] GetPolygonInWhich SUCCESS C:CSG G:YSR B:S pos=(2.85,3.76)@own_protect_mid_robot_area Enemy:blue Time:0.00 area=own_protect_mid_robot_area
[INFO] [1772871251.772842981]: [BT] GetSentryCmd SUCCESS C:CSG G:YSR B:S pos=(2.85,3.76)@own_protect_mid_robot_area Enemy:blue Time:0.00 area=own_protect_mid_robot_area desired=0 mode=3 acc_sec=0 degraded=0
[INFO] [1772871251.773138295]: [BT] SetPidPlannerParam SUCCESS C:CSG G:YSR B:S pos=(2.85,3.76)@own_protect_mid_robot_area Enemy:blue Time:0.00
[INFO] [1772871251.773204054]: Present time:0 C:AS G:YSR B:S staying_area_name: own_protect_mid_robot_area
[INFO] [1772871251.773235776]: [BT] GetChassisDecisions SUCCESS C:AS G:YSR B:S pos=(2.85,3.76)@own_protect_mid_robot_area Enemy:blue Time:0.00
[INFO] [1772871251.773278202]: [BT] SendChassisCommand SUCCESS C:AS G:YSR B:S pos=(2.85,3.76)@own_protect_mid_robot_area Enemy:blue Time:0.00
[INFO] [1772871251.773322619]: Present time:0 C:AS G:AS B:S
[INFO] [1772871251.773358716]: [BT] GetGimbalDecisions SUCCESS C:AS G:AS B:S pos=(2.85,3.76)@own_protect_mid_robot_area Enemy:blue Time:0.00
[INFO] [1772871251.773397503]: [BT] SendGimbalCommand SUCCESS C:AS G:AS B:S pos=(2.85,3.76)@own_protect_mid_robot_area Enemy:blue Time:0.00
[INFO] [1772871251.773434323]: [BT] GetShooterDecisions SUCCESS C:AS G:AS B:S pos=(2.85,3.76)@own_protect_mid_robot_area Enemy:blue Time:0.00
[INFO] [1772871251.773486045]: [BT] SendShooterCommand SUCCESS C:AS G:AS B:S pos=(2.85,3.76)@own_protect_mid_robot_area Enemy:blue Time:0.00
[INFO] [1772871251.872894189]: Present time:0 Chassis:CSG Gimbal:YSR Booster:R
[INFO] [1772871252.282058073]: [BT] OutputRightSwitchState SUCCESS C:CSG G:YSR B:R pos=(2.85,3.76)@own_protect_mid_robot_area Enemy:blue Time:0.00 switch=auto state=auto
[INFO] [1772871252.282138037]: [BT] ReviveIfDead SUCCESS C:CSG G:YSR B:R pos=(2.85,3.76)@own_protect_mid_robot_area Enemy:blue Time:0.00 revive=done
[INFO] [1772871252.282164149]: [BT] GetPresentTime SUCCESS C:CSG G:YSR B:R pos=(2.85,3.76)@own_protect_mid_robot_area Enemy:blue Time:0.00
[INFO] [1772871252.282205643]: [BT] GetPosInMap SUCCESS C:CSG G:YSR B:R pos=(2.85,3.76)@own_protect_mid_robot_area Enemy:blue Time:0.00
[INFO] [1772871252.282237350]: [BT] GetPolygonInWhich SUCCESS C:CSG G:YSR B:R pos=(2.85,3.76)@own_protect_mid_robot_area Enemy:blue Time:0.00 area=own_protect_mid_robot_area
[INFO] [1772871252.282268909]: [BT] GetSentryCmd SUCCESS C:CSG G:YSR B:R pos=(2.85,3.76)@own_protect_mid_robot_area Enemy:blue Time:0.00 area=own_protect_mid_robot_area desired=0 mode=3 acc_sec=0 degraded=0 change=0
[INFO] [1772871252.282397312]: [BT] SetPidPlannerParam SUCCESS C:CSG G:YSR B:R pos=(2.85,3.76)@own_protect_mid_robot_area Enemy:blue Time:0.00
[INFO] [1772871252.282430614]: [BT] GetChassisDecisions SUCCESS C:CSG G:YSR B:R pos=(2.85,3.76)@own_protect_mid_robot_area Enemy:blue Time:0.00
[INFO] [1772871252.282500739]: [BT] SendChassisCommand SUCCESS C:CSG G:YSR B:R pos=(2.85,3.76)@own_protect_mid_robot_area Enemy:blue Time:0.00
[INFO] [1772871252.282531706]: [BT] GetGimbalDecisions SUCCESS C:CSG G:YSR B:R pos=(2.85,3.76)@own_protect_mid_robot_area En[WARN] [1772871252.382424694]: "yaw" passed to lookupTransform argument source_frame does not exist. 
[WARN] [1772871252.382537345]: "yaw" passed to lookupTransform argument target_frame does not exist. 
[WARN] [1772871252.882535400]: "yaw" passed to lookupTransform argument source_frame does not exist. 
[WARN] [1772871252.882664837]: "yaw" passed to lookupTransform argument target_frame does not exist. 
emy:blue Time:0.00
[INFO] [1772871252.282694138]: [BT] SendGimbalCommand SUCCESS C:CSG G:YSR B:R pos=(2.85,3.76)@own_protect_mid_robot_area Enemy:blue Time:0.00
[INFO] [1772871252.282728095]: [BT] GetShooterDecisions SUCCESS C:CSG G:YSR B:R pos=(2.85,3.76)@own_protect_mid_robot_area Enemy:blue Time:0.00
[INFO] [1772871252.282773207]: [BT] SendShooterCommand SUCCESS C:CSG G:YSR B:R pos=(2.85,3.76)@own_protect_mid_robot_area Enemy:blue Time:0.00
[INFO] [1772871252.782095558]: [BT] OutputRightSwitchState SUCCESS C:CSG G:YSR B:R pos=(2.85,3.76)@own_protect_mid_robot_area Enemy:blue Time:0.00 switch=auto state=auto
[INFO] [1772871252.782194320]: [BT] ReviveIfDead SUCCESS C:CSG G:YSR B:R pos=(2.85,3.76)@own_protect_mid_robot_area Enemy:blue Time:0.00 revive=done
[INFO] [1772871252.782234609]: [BT] GetPresentTime SUCCESS C:CSG G:YSR B:R pos=(2.85,3.76)@own_protect_mid_robot_area Enemy:blue Time:0.00
[INFO] [1772871252.782287678]: [BT] GetPosInMap SUCCESS C:CSG G:YSR B:R pos=(2.85,3.76)@own_protect_mid_robot_area Enemy:blue Time:0.00
[INFO] [1772871252.782341108]: [BT] GetPolygonInWhich SUCCESS C:CSG G:YSR B:R pos=(2.85,3.76)@own_protect_mid_robot_area Enemy:blue Time:0.00 area=own_protect_mid_robot_area
[INFO] [1772871252.782378211]: [BT] GetSentryCmd SUCCESS C:CSG G:YSR B:R pos=(2.85,3.76)@own_protect_mid_robot_area Enemy:blue Time:0.00 area=own_protect_mid_robot_area desired=0 mode=3 acc_sec=1 degraded=0 change=0
[INFO] [1772871252.782531091]: [BT] SetPidPlannerParam SUCCESS C:CSG G:YSR B:R pos=(2.85,3.76)@own_protect_mid_robot_area Enemy:blue Time:0.00
[INFO] [1772871252.782571517]: [BT] GetChassisDecisions SUCCESS C:CSG G:YSR B:R pos=(2.85,3.76)@own_protect_mid_robot_area Enemy:blue Time:0.00
[INFO] [1772871252.782643052]: [BT] SendChassisCommand SUCCESS C:CSG G:YSR B:R pos=(2.85,3.76)@own_protect_mid_robot_area Enemy:blue Time:0.00
[INFO] [1772871252.782675310]: [BT] GetGimbalDecisions SUCCESS C:CSG G:YSR B:R pos=(2.85,3.76)@own_protect_mid_robot_area Enemy:blue Time:0.00
[INFO] [1772871252.782804115]: [BT] SendGimbalCommand SUCCESS C:CSG G:YSR B:R pos=(2.85,3.76)@own_protect_mid_robot_area Enemy:blue Time:0.00
[INFO] [1772871252.782838821]: [BT] GetShooterDecisions SUCCESS C:CSG G:YSR B:R pos=(2.85,3.76)@own_protect_mid_robot_area Enemy:blue Time:0.00
[INFO] [1772871252.782877160]: [BT] SendShooterCommand SUCCESS C:CSG G:YSR B:R pos=(2.85,3.76)@own_protect_mid_robot_area Enemy:blue Time:0.00
[INFO] [1772871253.292316137]: [BT] OutputRightSwitchState SUCCESS C:CSG G:YSR B:R pos=(2.85,3.76)@own_protect_mid_robot_area Enemy:blue Time:0.00 switch=auto state=auto
[INFO] [1772871253.292411281]: [BT] ReviveIfDead SUCCESS C:CSG G:YSR B:R pos=(2.85,3.76)@own_protect_mid_robot_area Enemy:blue Time:0.00 revive=done
[INFO] [1772871253.292449193]: [BT] GetPresentTime SUCCESS C:CSG G:YSR B:R pos=(2.85,3.76)@own_protect_mid_robot_area Enemy:blue Time:0.00
[INFO] [1772871253.292500130]: [BT] GetPosInMap SUCCESS C:CSG G:YSR B:R pos=(2.85,3.76)@own_protect_mid_robot_area Enemy:blue Time:0.00
[INFO] [1772871253.292537750]: [BT] GetPolygonInWhich SUCCESS C:CSG G:YSR B:R pos=(2.85,3.76)@own_protect_mid_robot_area Enemy:blue Time:0.00 area=own_protect_mid_robot_area
[INFO] [1772871253.292577877]: [BT] GetSentryCmd SUCCESS C:CSG G:YSR B:R pos=(2.85,3.76)@own_protect_mid_robot_area Enemy:blue Time:0.00 area=own_protect_mid_robot_area desired=0 mode=3 acc_sec=1 degraded=0 change=0
[INFO] [1772871253.292738858]: [BT] SetPidPlannerParam SUCCESS C:CSG G:YSR B:R pos=(2.85,3.76)@own_protect_mid_robot_area Enemy:blue Time:0.00
[INFO] [1772871253.292788198]: [BT] GetChassisDecisions SUCCESS C:CSG G:YSR B:R pos=(2.85,3.76)@own_protect_mid_robot_area Enemy:blue Time:0.00
[INFO] [1772871253.292902273]: [BT] SendChassisCommand SUCCESS C:CSG G:YSR B:R pos=(2.85,3.76)@own_protect_mid_robot_area Enemy:blue Time:0.00
[INFO] [1772871253.292957593]: [BT] GetGimbalDecisions SUCCESS C:CSG G:YSR B:R pos=(2.85,3.76)@own_protect_mid_robot_area Enemy:blue Time:0.00
[INFO] [1772871253.293054757]: [BT] SendGimbalCommand SUCCESS C:CSG G:YSR B:R pos=(2.85,3.76)@own_protect[WARN] [1772871253.392645024]: "yaw" passed to lookupTransform argument source_frame does not exist. 
[WARN] [1772871253.392811969]: "yaw" passed to lookupTransform argument target_frame does not exist. 
[WARN] [1772871253.586165326]: action not connect
[WARN] [1772871253.896540313]: "yaw" passed to lookupTransform argument source_frame does not exist. 
[WARN] [1772871253.896620668]: "yaw" passed to lookupTransform argument target_frame does not exist. 
[WARN] [1772871254.091802213]: action not connect
_mid_robot_area Enemy:blue Time:0.00
[INFO] [1772871253.293128263]: [BT] GetShooterDecisions SUCCESS C:CSG G:YSR B:R pos=(2.85,3.76)@own_protect_mid_robot_area Enemy:blue Time:0.00
[INFO] [1772871253.293163703]: [BT] SendShooterCommand SUCCESS C:CSG G:YSR B:R pos=(2.85,3.76)@own_protect_mid_robot_area Enemy:blue Time:0.00
[INFO] [1772871253.572472404]: Waiting for configuration...
[INFO] [1772871253.572546179]: 0
[INFO] [1772871253.575947173]: Present time:0 C:GMA G:YSR B:R staying_area_name: own_protect_mid_robot_area
[INFO] [1772871253.689541528]: Present time:0 C:GMA G:RSE B:R
[INFO] [1772871253.798941472]: [BT] SendChassisCommand SUCCESS C:GMA G:RSE B:R pos=(2.85,3.76)@own_protect_mid_robot_area Enemy:blue Time:1.00
[INFO] [1772871253.799025333]: [BT] GetGimbalDecisions SUCCESS C:GMA G:RSE B:R pos=(2.85,3.76)@own_protect_mid_robot_area Enemy:blue Time:1.00
[INFO] [1772871253.799118048]: [BT] SendGimbalCommand SUCCESS C:GMA G:RSE B:R pos=(2.85,3.76)@own_protect_mid_robot_area Enemy:blue Time:1.00
[INFO] [1772871253.799137262]: [BT] GetShooterDecisions SUCCESS C:GMA G:RSE B:R pos=(2.85,3.76)@own_protect_mid_robot_area Enemy:blue Time:1.00
[INFO] [1772871253.799168639]: [BT] SendShooterCommand SUCCESS C:GMA G:RSE B:R pos=(2.85,3.76)@own_protect_mid_robot_area Enemy:blue Time:1.00
[INFO] [1772871253.799483808]: [BT] OutputRightSwitchState SUCCESS C:GMA G:RSE B:R pos=(2.85,3.76)@own_protect_mid_robot_area Enemy:blue Time:1.00 switch=auto state=auto
[INFO] [1772871253.799535164]: [BT] ReviveIfDead SUCCESS C:GMA G:RSE B:R pos=(2.85,3.76)@own_protect_mid_robot_area Enemy:blue Time:1.00 revive=done
[INFO] [1772871253.799558562]: [BT] GetPresentTime SUCCESS C:GMA G:RSE B:R pos=(2.85,3.76)@own_protect_mid_robot_area Enemy:blue Time:1.00
[INFO] [1772871253.799606808]: [BT] GetPosInMap SUCCESS C:GMA G:RSE B:R pos=(2.85,3.76)@own_protect_mid_robot_area Enemy:blue Time:1.00
[INFO] [1772871253.799641374]: [BT] GetPolygonInWhich SUCCESS C:GMA G:RSE B:R pos=(2.85,3.76)@own_protect_mid_robot_area Enemy:blue Time:1.00 area=own_protect_mid_robot_area
[INFO] [1772871253.799694107]: [BT] GetSentryCmd SUCCESS C:GMA G:RSE B:R pos=(2.85,3.76)@own_protect_mid_robot_area Enemy:blue Time:1.00 area=own_protect_mid_robot_area desired=0 mode=3 acc_sec=2 degraded=0 change=0
[INFO] [1772871253.799833984]: [BT] SetPidPlannerParam SUCCESS C:GMA G:RSE B:R pos=(2.85,3.76)@own_protect_mid_robot_area Enemy:blue Time:1.00
[INFO] [1772871253.799882038]: [BT] GetChassisDecisions SUCCESS C:GMA G:RSE B:R pos=(2.85,3.76)@own_protect_mid_robot_area Enemy:blue Time:1.00
[INFO] [1772871254.307725438]: [BT] SendChassisCommand SUCCESS C:GMA G:RSE B:R pos=(2.85,3.76)@own_protect_mid_robot_area Enemy:blue Time:3.00
[INFO] [1772871254.307825810]: [BT] GetGimbalDecisions SUCCESS C:GMA G:RSE B:R pos=(2.85,3.76)@own_protect_mid_robot_area Enemy:blue Time:3.00
[INFO] [1772871254.307944647]: [BT] SendGimbalCommand SUCCESS C:GMA G:RSE B:R pos=(2.85,3.76)@own_protect_mid_robot_area Enemy:blue Time:3.00
[INFO] [1772871254.307983571]: [BT] GetShooterDecisions SUCCESS C:GMA G:RSE B:R pos=(2.85,3.76)@own_protect_mid_robot_area Enemy:blue Time:3.00
[INFO] [1772871254.308030344]: [BT] SendShooterCommand SUCCESS C:GMA G:RSE B:R pos=(2.85,3.76)@own_protect_mid_robot_area Enemy:blue Time:3.00
[INFO] [1772871254.308175238]: [BT] OutputRightSwitchState SUCCESS C:GMA G:RSE B:R pos=(2.85,3.76)@own_protect_mid_robot_area Enemy:blue Time:3.00 switch=auto state=auto
[INFO] [1772871254.308244008]: [BT] ReviveIfDead SUCCESS C:GMA G:RSE B:R pos=(2.85,3.76)@own_protect_mid_robot_area Enemy:blue Time:3.00 revive=done
[INFO] [1772871254.308279039]: [BT] GetPresentTime SUCCESS C:GMA G:RSE B:R pos=(2.85,3.76)@own_protect_mid_robot_area Enemy:blue Time:3.00
[INFO] [1772871254.308349666]: [BT] GetPosInMap SUCCESS C:GMA G:RSE B:R pos=(2.85,3.76)@own_protect_mid_robot_area Enemy:blue Time:3.00
[INFO] [1772871254.308388064]: [BT] GetPolygonInWhich SUCCESS C:GMA G:RSE B:R pos=(2.85,3.76)@own_protect_mid_robot_area Enemy:blue Time:3.00 area=own_protect_mid_robot_area
[INFO] [1772871254.308426494]: [BT] GetS[WARN] [1772871254.405164504]: "yaw" passed to lookupTransform argument source_frame does not exist. 
[WARN] [1772871254.405314425]: "yaw" passed to lookupTransform argument target_frame does not exist. 
[WARN] [1772871254.599008617]: action not connect
[WARN] [1772871254.913405904]: "yaw" passed to lookupTransform argument source_frame does not exist. 
[WARN] [1772871254.913508403]: "yaw" passed to lookupTransform argument target_frame does not exist. 
[WARN] [1772871255.107016033]: action not connect
entryCmd SUCCESS C:GMA G:RSE B:R pos=(2.85,3.76)@own_protect_mid_robot_area Enemy:blue Time:3.00 area=own_protect_mid_robot_area desired=0 mode=3 acc_sec=2 degraded=0 change=0
[INFO] [1772871254.308633533]: [BT] SetPidPlannerParam SUCCESS C:GMA G:RSE B:R pos=(2.85,3.76)@own_protect_mid_robot_area Enemy:blue Time:3.00
[INFO] [1772871254.308697238]: [BT] GetChassisDecisions SUCCESS C:GMA G:RSE B:R pos=(2.85,3.76)@own_protect_mid_robot_area Enemy:blue Time:3.00
[INFO] [1772871254.815492778]: [BT] SendChassisCommand SUCCESS C:GMA G:RSE B:R pos=(2.85,3.76)@own_protect_mid_robot_area Enemy:blue Time:4.00
[INFO] [1772871254.815606969]: [BT] GetGimbalDecisions SUCCESS C:GMA G:RSE B:R pos=(2.85,3.76)@own_protect_mid_robot_area Enemy:blue Time:4.00
[INFO] [1772871254.815733846]: [BT] SendGimbalCommand SUCCESS C:GMA G:RSE B:R pos=(2.85,3.76)@own_protect_mid_robot_area Enemy:blue Time:4.00
[INFO] [1772871254.815775380]: [BT] GetShooterDecisions SUCCESS C:GMA G:RSE B:R pos=(2.85,3.76)@own_protect_mid_robot_area Enemy:blue Time:4.00
[INFO] [1772871254.815841600]: [BT] SendShooterCommand SUCCESS C:GMA G:RSE B:R pos=(2.85,3.76)@own_protect_mid_robot_area Enemy:blue Time:4.00
[INFO] [1772871254.816207205]: [BT] OutputRightSwitchState SUCCESS C:GMA G:RSE B:R pos=(2.85,3.76)@own_protect_mid_robot_area Enemy:blue Time:4.00 switch=auto state=auto
[INFO] [1772871254.816284432]: [BT] ReviveIfDead SUCCESS C:GMA G:RSE B:R pos=(2.85,3.76)@own_protect_mid_robot_area Enemy:blue Time:4.00 revive=done
[INFO] [1772871254.816329689]: [BT] GetPresentTime SUCCESS C:GMA G:RSE B:R pos=(2.85,3.76)@own_protect_mid_robot_area Enemy:blue Time:4.00
[INFO] [1772871254.816391008]: [BT] GetPosInMap SUCCESS C:GMA G:RSE B:R pos=(2.85,3.76)@own_protect_mid_robot_area Enemy:blue Time:4.00
[INFO] [1772871254.816433170]: [BT] GetPolygonInWhich SUCCESS C:GMA G:RSE B:R pos=(2.85,3.76)@own_protect_mid_robot_area Enemy:blue Time:4.00 area=own_protect_mid_robot_area
[INFO] [1772871254.816499978]: [BT] GetSentryCmd SUCCESS C:GMA G:RSE B:R pos=(2.85,3.76)@own_protect_mid_robot_area Enemy:blue Time:4.00 area=own_protect_mid_robot_area desired=0 mode=3 acc_sec=3 degraded=0 change=0
[INFO] [1772871254.816689515]: [BT] SetPidPlannerParam SUCCESS C:GMA G:RSE B:R pos=(2.85,3.76)@own_protect_mid_robot_area Enemy:blue Time:4.00
[INFO] [1772871254.816756232]: [BT] GetChassisDecisions SUCCESS C:GMA G:RSE B:R pos=(2.85,3.76)@own_protect_mid_robot_area Enemy:blue Time:4.00
[INFO] [1772871255.321911967]: [BT] SendChassisCommand SUCCESS C:GMA G:RSE B:R pos=(2.85,3.76)@own_protect_mid_robot_area Enemy:blue Time:6.00
[INFO] [1772871255.322012007]: [BT] GetGimbalDecisions SUCCESS C:GMA G:RSE B:R pos=(2.85,3.76)@own_protect_mid_robot_area Enemy:blue Time:6.00
[INFO] [1772871255.322125147]: [BT] SendGimbalCommand SUCCESS C:GMA G:RSE B:R pos=(2.85,3.76)@own_protect_mid_robot_area Enemy:blue Time:6.00
[INFO] [1772871255.322160985]: [BT] GetShooterDecisions SUCCESS C:GMA G:RSE B:R pos=(2.85,3.76)@own_protect_mid_robot_area Enemy:blue Time:6.00
[INFO] [1772871255.322312019]: [BT] SendShooterCommand SUCCESS C:GMA G:RSE B:R pos=(2.85,3.76)@own_protect_mid_robot_area Enemy:blue Time:6.00
[INFO] [1772871255.322524654]: [BT] OutputRightSwitchState SUCCESS C:GMA G:RSE B:R pos=(2.85,3.76)@own_protect_mid_robot_area Enemy:blue Time:6.00 switch=auto state=auto
[INFO] [1772871255.322579732]: [BT] ReviveIfDead SUCCESS C:GMA G:RSE B:R pos=(2.85,3.76)@own_protect_mid_robot_area Enemy:blue Time:6.00 revive=done
[INFO] [1772871255.322611635]: [BT] GetPresentTime SUCCESS C:GMA G:RSE B:R pos=(2.85,3.76)@own_protect_mid_robot_area Enemy:blue Time:6.00
[INFO] [1772871255.322662226]: [BT] GetPosInMap SUCCESS C:GMA G:RSE B:R pos=(2.85,3.76)@own_protect_mid_robot_area Enemy:blue Time:6.00
[INFO] [1772871255.322699133]: [BT] GetPolygonInWhich SUCCESS C:GMA G:RSE B:R pos=(2.85,3.76)@own_protect_mid_robot_area Enemy:blue Time:6.00 area=own_protect_mid_robot_area
[INFO] [1772871255.322753152]: [BT] GetSentryCmd SUCCESS C:GMA G:RSE B:R pos=(2.85,3.76)@own_protect_mid_robot_area Enemy:blue Time:6.00 area=own_protect_mid_robot_[WARN] [1772871255.419760388]: "yaw" passed to lookupTransform argument source_frame does not exist. 
[WARN] [1772871255.419885146]: "yaw" passed to lookupTransform argument target_frame does not exist. 
[WARN] [1772871255.613550034]: action not connect
[WARN] [1772871255.924938314]: "yaw" passed to lookupTransform argument source_frame does not exist. 
[WARN] [1772871255.925066555]: "yaw" passed to lookupTransform argument target_frame does not exist. 
[WARN] [1772871256.119419605]: action not connect
area desired=0 mode=3 acc_sec=3 degraded=0 change=0
[INFO] [1772871255.322916975]: [BT] SetPidPlannerParam SUCCESS C:GMA G:RSE B:R pos=(2.85,3.76)@own_protect_mid_robot_area Enemy:blue Time:6.00
[INFO] [1772871255.322954367]: [BT] GetChassisDecisions SUCCESS C:GMA G:RSE B:R pos=(2.85,3.76)@own_protect_mid_robot_area Enemy:blue Time:6.00
[INFO] [1772871255.826874852]: [BT] SendChassisCommand SUCCESS C:GMA G:RSE B:R pos=(2.85,3.76)@own_protect_mid_robot_area Enemy:blue Time:7.00
[INFO] [1772871255.826974108]: [BT] GetGimbalDecisions SUCCESS C:GMA G:RSE B:R pos=(2.85,3.76)@own_protect_mid_robot_area Enemy:blue Time:7.00
[INFO] [1772871255.827260695]: [BT] SendGimbalCommand SUCCESS C:GMA G:RSE B:R pos=(2.85,3.76)@own_protect_mid_robot_area Enemy:blue Time:7.00
[INFO] [1772871255.827321546]: [BT] GetShooterDecisions SUCCESS C:GMA G:RSE B:R pos=(2.85,3.76)@own_protect_mid_robot_area Enemy:blue Time:7.00
[INFO] [1772871255.827588122]: [BT] SendShooterCommand SUCCESS C:GMA G:RSE B:R pos=(2.85,3.76)@own_protect_mid_robot_area Enemy:blue Time:7.00
[INFO] [1772871255.827755967]: [BT] OutputRightSwitchState SUCCESS C:GMA G:RSE B:R pos=(2.85,3.76)@own_protect_mid_robot_area Enemy:blue Time:7.00 switch=auto state=auto
[INFO] [1772871255.827815904]: [BT] ReviveIfDead SUCCESS C:GMA G:RSE B:R pos=(2.85,3.76)@own_protect_mid_robot_area Enemy:blue Time:7.00 revive=done
[INFO] [1772871255.827849059]: [BT] GetPresentTime SUCCESS C:GMA G:RSE B:R pos=(2.85,3.76)@own_protect_mid_robot_area Enemy:blue Time:7.00
[INFO] [1772871255.827904338]: [BT] GetPosInMap SUCCESS C:GMA G:RSE B:R pos=(2.85,3.76)@own_protect_mid_robot_area Enemy:blue Time:7.00
[INFO] [1772871255.827944186]: [BT] GetPolygonInWhich SUCCESS C:GMA G:RSE B:R pos=(2.85,3.76)@own_protect_mid_robot_area Enemy:blue Time:7.00 area=own_protect_mid_robot_area
[INFO] [1772871255.827985060]: [BT] GetSentryCmd SUCCESS C:GMA G:RSE B:R pos=(2.85,3.76)@own_protect_mid_robot_area Enemy:blue Time:7.00 area=own_protect_mid_robot_area desired=0 mode=3 acc_sec=4 degraded=0 change=0
[INFO] [1772871255.828135385]: [BT] SetPidPlannerParam SUCCESS C:GMA G:RSE B:R pos=(2.85,3.76)@own_protect_mid_robot_area Enemy:blue Time:7.00
[INFO] [1772871255.828188417]: [BT] GetChassisDecisions SUCCESS C:GMA G:RSE B:R pos=(2.85,3.76)@own_protect_mid_robot_area Enemy:blue Time:7.00
[INFO] [1772871256.334745476]: [BT] SendChassisCommand SUCCESS C:GMA G:RSE B:R pos=(2.85,3.76)@own_protect_mid_robot_area Enemy:blue Time:9.00
[INFO] [1772871256.334850685]: [BT] GetGimbalDecisions SUCCESS C:GMA G:RSE B:R pos=(2.85,3.76)@own_protect_mid_robot_area Enemy:blue Time:9.00
[INFO] [1772871256.334975630]: [BT] SendGimbalCommand SUCCESS C:GMA G:RSE B:R pos=(2.85,3.76)@own_protect_mid_robot_area Enemy:blue Time:9.00
[INFO] [1772871256.335015758]: [BT] GetShooterDecisions SUCCESS C:GMA G:RSE B:R pos=(2.85,3.76)@own_protect_mid_robot_area Enemy:blue Time:9.00
[INFO] [1772871256.335063940]: [BT] SendShooterCommand SUCCESS C:GMA G:RSE B:R pos=(2.85,3.76)@own_protect_mid_robot_area Enemy:blue Time:9.00
[INFO] [1772871256.335496596]: [BT] OutputRightSwitchState SUCCESS C:GMA G:RSE B:R pos=(2.85,3.76)@own_protect_mid_robot_area Enemy:blue Time:9.00 switch=auto state=auto
[INFO] [1772871256.335567468]: [BT] ReviveIfDead SUCCESS C:GMA G:RSE B:R pos=(2.85,3.76)@own_protect_mid_robot_area Enemy:blue Time:9.00 revive=done
[INFO] [1772871256.335600257]: [BT] GetPresentTime SUCCESS C:GMA G:RSE B:R pos=(2.85,3.76)@own_protect_mid_robot_area Enemy:blue Time:9.00
[INFO] [1772871256.335675422]: [BT] GetPosInMap SUCCESS C:GMA G:RSE B:R pos=(2.85,3.76)@own_protect_mid_robot_area Enemy:blue Time:9.00
[INFO] [1772871256.335729478]: [BT] GetPolygonInWhich SUCCESS C:GMA G:RSE B:R pos=(2.85,3.76)@own_protect_mid_robot_area Enemy:blue Time:9.00 area=own_protect_mid_robot_area
[INFO] [1772871256.335774490]: [BT] GetSentryCmd SUCCESS C:GMA G:RSE B:R pos=(2.85,3.76)@own_protect_mid_robot_area Enemy:blue Time:9.00 area=own_protect_mid_robot_area desired=0 mode=3 acc_sec=4 degraded=0 change=0
[INFO] [1772871256.335957477]: [BT] SetPidPlannerParam SUCCESS C:GMA G:R[WARN] [1772871256.432465821]: "yaw" passed to lookupTransform argument source_frame does not exist. 
[WARN] [1772871256.432564493]: "yaw" passed to lookupTransform argument target_frame does not exist. 
[WARN] [1772871256.625274945]: action not connect
[WARN] [1772871256.942519256]: "yaw" passed to lookupTransform argument source_frame does not exist. 
[WARN] [1772871256.942659079]: "yaw" passed to lookupTransform argument target_frame does not exist. 
[WARN] [1772871257.126016164]: action not connect
SE B:R pos=(2.85,3.76)@own_protect_mid_robot_area Enemy:blue Time:9.00
[INFO] [1772871256.336063730]: [BT] GetChassisDecisions SUCCESS C:GMA G:RSE B:R pos=(2.85,3.76)@own_protect_mid_robot_area Enemy:blue Time:9.00
[INFO] [1772871256.841686126]: [BT] SendChassisCommand SUCCESS C:GMA G:RSE B:R pos=(2.85,3.76)@own_protect_mid_robot_area Enemy:blue Time:10.00
[INFO] [1772871256.841783141]: [BT] GetGimbalDecisions SUCCESS C:GMA G:RSE B:R pos=(2.85,3.76)@own_protect_mid_robot_area Enemy:blue Time:10.00
[INFO] [1772871256.841900153]: [BT] SendGimbalCommand SUCCESS C:GMA G:RSE B:R pos=(2.85,3.76)@own_protect_mid_robot_area Enemy:blue Time:10.00
[INFO] [1772871256.841932590]: [BT] GetShooterDecisions SUCCESS C:GMA G:RSE B:R pos=(2.85,3.76)@own_protect_mid_robot_area Enemy:blue Time:10.00
[INFO] [1772871256.841973514]: [BT] SendShooterCommand SUCCESS C:GMA G:RSE B:R pos=(2.85,3.76)@own_protect_mid_robot_area Enemy:blue Time:10.00
[INFO] [1772871256.842209650]: [BT] OutputRightSwitchState SUCCESS C:GMA G:RSE B:R pos=(2.85,3.76)@own_protect_mid_robot_area Enemy:blue Time:10.00 switch=auto state=auto
[INFO] [1772871256.842269821]: [BT] ReviveIfDead SUCCESS C:GMA G:RSE B:R pos=(2.85,3.76)@own_protect_mid_robot_area Enemy:blue Time:10.00 revive=done
[INFO] [1772871256.842309683]: [BT] GetPresentTime SUCCESS C:GMA G:RSE B:R pos=(2.85,3.76)@own_protect_mid_robot_area Enemy:blue Time:10.00
[INFO] [1772871256.842363882]: [BT] GetPosInMap SUCCESS C:GMA G:RSE B:R pos=(2.85,3.76)@own_protect_mid_robot_area Enemy:blue Time:10.00
[INFO] [1772871256.842404730]: [BT] GetPolygonInWhich SUCCESS C:GMA G:RSE B:R pos=(2.85,3.76)@own_protect_mid_robot_area Enemy:blue Time:10.00 area=own_protect_mid_robot_area
[INFO] [1772871256.842449045]: [BT] GetSentryCmd SUCCESS C:GMA G:RSE B:R pos=(2.85,3.76)@own_protect_mid_robot_area Enemy:blue Time:10.00 area=own_protect_mid_robot_area desired=0 mode=3 acc_sec=5 degraded=0 change=0
[INFO] [1772871256.842593307]: [BT] SetPidPlannerParam SUCCESS C:GMA G:RSE B:R pos=(2.85,3.76)@own_protect_mid_robot_area Enemy:blue Time:10.00
[INFO] [1772871256.842648503]: [BT] GetChassisDecisions SUCCESS C:GMA G:RSE B:R pos=(2.85,3.76)@own_protect_mid_robot_area Enemy:blue Time:10.00
[INFO] [1772871256.917822625]: 0
[INFO] [1772871257.352013501]: [BT] SendChassisCommand SUCCESS C:GMA G:RSE B:R pos=(2.85,3.76)@own_protect_mid_robot_area Enemy:blue Time:12.00
[INFO] [1772871257.352124591]: [BT] GetGimbalDecisions SUCCESS C:GMA G:RSE B:R pos=(2.85,3.76)@own_protect_mid_robot_area Enemy:blue Time:12.00
[INFO] [1772871257.352249490]: [BT] SendGimbalCommand SUCCESS C:GMA G:RSE B:R pos=(2.85,3.76)@own_protect_mid_robot_area Enemy:blue Time:12.00
[INFO] [1772871257.352356886]: [BT] GetShooterDecisions SUCCESS C:GMA G:RSE B:R pos=(2.85,3.76)@own_protect_mid_robot_area Enemy:blue Time:12.00
[INFO] [1772871257.352437002]: [BT] SendShooterCommand SUCCESS C:GMA G:RSE B:R pos=(2.85,3.76)@own_protect_mid_robot_area Enemy:blue Time:12.00
[INFO] [1772871257.352886116]: [BT] OutputRightSwitchState SUCCESS C:GMA G:RSE B:R pos=(2.85,3.76)@own_protect_mid_robot_area Enemy:blue Time:12.00 switch=auto state=auto
[INFO] [1772871257.352959751]: [BT] ReviveIfDead SUCCESS C:GMA G:RSE B:R pos=(2.85,3.76)@own_protect_mid_robot_area Enemy:blue Time:12.00 revive=done
[INFO] [1772871257.352998579]: [BT] GetPresentTime SUCCESS C:GMA G:RSE B:R pos=(2.85,3.76)@own_protect_mid_robot_area Enemy:blue Time:12.00
[INFO] [1772871257.353057411]: [BT] GetPosInMap SUCCESS C:GMA G:RSE B:R pos=(2.85,3.76)@own_protect_mid_robot_area Enemy:blue Time:12.00
[INFO] [1772871257.353098416]: [BT] GetPolygonInWhich SUCCESS C:GMA G:RSE B:R pos=(2.85,3.76)@own_protect_mid_robot_area Enemy:blue Time:12.00 area=own_protect_mid_robot_area
[INFO] [1772871257.353148929]: [BT] GetSentryCmd SUCCESS C:GMA G:RSE B:R pos=(2.85,3.76)@own_protect_mid_robot_area Enemy:blue Time:12.00 area=own_protect_mid_robot_area desired=0 mode=3 acc_sec=5 degraded=0 change=0
[INFO] [1772871257.353282368]: [BT] SetPidPlannerParam SUCCESS C:GMA G:RSE B:R pos=(2.85,3.76)@own_protect_mid_robot_area Enemy:blue Time:1[WARN] [1772871257.449662475]: "yaw" passed to lookupTransform argument source_frame does not exist. 
[WARN] [1772871257.449808543]: "yaw" passed to lookupTransform argument target_frame does not exist. 
[WARN] [1772871257.632915966]: action not connect
[WARN] [1772871257.957184634]: "yaw" passed to lookupTransform argument source_frame does not exist. 
[WARN] [1772871257.957325575]: "yaw" passed to lookupTransform argument target_frame does not exist. 
[WARN] [1772871258.140033609]: action not connect
2.00
[INFO] [1772871257.353400850]: [BT] GetChassisDecisions SUCCESS C:GMA G:RSE B:R pos=(2.85,3.76)@own_protect_mid_robot_area Enemy:blue Time:12.00
[INFO] [1772871257.859714717]: [BT] SendChassisCommand SUCCESS C:GMA G:RSE B:R pos=(2.85,3.76)@own_protect_mid_robot_area Enemy:blue Time:13.00
[INFO] [1772871257.859814089]: [BT] GetGimbalDecisions SUCCESS C:GMA G:RSE B:R pos=(2.85,3.76)@own_protect_mid_robot_area Enemy:blue Time:13.00
[INFO] [1772871257.859925490]: [BT] SendGimbalCommand SUCCESS C:GMA G:RSE B:R pos=(2.85,3.76)@own_protect_mid_robot_area Enemy:blue Time:13.00
[INFO] [1772871257.859964317]: [BT] GetShooterDecisions SUCCESS C:GMA G:RSE B:R pos=(2.85,3.76)@own_protect_mid_robot_area Enemy:blue Time:13.00
[INFO] [1772871257.860027673]: [BT] SendShooterCommand SUCCESS C:GMA G:RSE B:R pos=(2.85,3.76)@own_protect_mid_robot_area Enemy:blue Time:13.00
[INFO] [1772871257.860492928]: [BT] OutputRightSwitchState SUCCESS C:GMA G:RSE B:R pos=(2.85,3.76)@own_protect_mid_robot_area Enemy:blue Time:13.00 switch=auto state=auto
[INFO] [1772871257.860569688]: [BT] ReviveIfDead SUCCESS C:GMA G:RSE B:R pos=(2.85,3.76)@own_protect_mid_robot_area Enemy:blue Time:13.00 revive=done
[INFO] [1772871257.860604676]: [BT] GetPresentTime SUCCESS C:GMA G:RSE B:R pos=(2.85,3.76)@own_protect_mid_robot_area Enemy:blue Time:13.00
[INFO] [1772871257.860664012]: [BT] GetPosInMap SUCCESS C:GMA G:RSE B:R pos=(2.85,3.76)@own_protect_mid_robot_area Enemy:blue Time:13.00
[INFO] [1772871257.860710578]: [BT] GetPolygonInWhich SUCCESS C:GMA G:RSE B:R pos=(2.85,3.76)@own_protect_mid_robot_area Enemy:blue Time:13.00 area=own_protect_mid_robot_area
[INFO] [1772871257.860751426]: [BT] GetSentryCmd SUCCESS C:GMA G:RSE B:R pos=(2.85,3.76)@own_protect_mid_robot_area Enemy:blue Time:13.00 area=own_protect_mid_robot_area desired=0 mode=3 acc_sec=6 degraded=0 change=0
[INFO] [1772871257.860874975]: [BT] SetPidPlannerParam SUCCESS C:GMA G:RSE B:R pos=(2.85,3.76)@own_protect_mid_robot_area Enemy:blue Time:13.00
[INFO] [1772871257.860924915]: [BT] GetChassisDecisions SUCCESS C:GMA G:RSE B:R pos=(2.85,3.76)@own_protect_mid_robot_area Enemy:blue Time:13.00
[INFO] [1772871258.366126969]: [BT] SendChassisCommand SUCCESS C:GMA G:RSE B:R pos=(2.85,3.76)@own_protect_mid_robot_area Enemy:blue Time:15.00
[INFO] [1772871258.366245094]: [BT] GetGimbalDecisions SUCCESS C:GMA G:RSE B:R pos=(2.85,3.76)@own_protect_mid_robot_area Enemy:blue Time:15.00
[INFO] [1772871258.366398312]: [BT] SendGimbalCommand SUCCESS C:GMA G:RSE B:R pos=(2.85,3.76)@own_protect_mid_robot_area Enemy:blue Time:15.00
[INFO] [1772871258.366446642]: [BT] GetShooterDecisions SUCCESS C:GMA G:RSE B:R pos=(2.85,3.76)@own_protect_mid_robot_area Enemy:blue Time:15.00
[INFO] [1772871258.366498253]: [BT] SendShooterCommand SUCCESS C:GMA G:RSE B:R pos=(2.85,3.76)@own_protect_mid_robot_area Enemy:blue Time:15.00
[INFO] [1772871258.366672845]: [BT] OutputRightSwitchState SUCCESS C:GMA G:RSE B:R pos=(2.85,3.76)@own_protect_mid_robot_area Enemy:blue Time:15.00 switch=auto state=auto
[INFO] [1772871258.366729955]: [BT] ReviveIfDead SUCCESS C:GMA G:RSE B:R pos=(2.85,3.76)@own_protect_mid_robot_area Enemy:blue Time:15.00 revive=done
[INFO] [1772871258.366761934]: [BT] GetPresentTime SUCCESS C:GMA G:RSE B:R pos=(2.85,3.76)@own_protect_mid_robot_area Enemy:blue Time:15.00
[INFO] [1772871258.366826705]: [BT] GetPosInMap SUCCESS C:GMA G:RSE B:R pos=(2.85,3.76)@own_protect_mid_robot_area Enemy:blue Time:15.00
[INFO] [1772871258.366868144]: [BT] GetPolygonInWhich SUCCESS C:GMA G:RSE B:R pos=(2.85,3.76)@own_protect_mid_robot_area Enemy:blue Time:15.00 area=own_protect_mid_robot_area
[INFO] [1772871258.366912644]: [BT] GetSentryCmd SUCCESS C:GMA G:RSE B:R pos=(2.85,3.76)@own_protect_mid_robot_area Enemy:blue Time:15.00 area=own_protect_mid_robot_area desired=0 mode=3 acc_sec=6 degraded=0 change=0
[INFO] [1772871258.367094920]: [BT] SetPidPlannerParam SUCCESS C:GMA G:RSE B:R pos=(2.85,3.76)@own_protect_mid_robot_area Enemy:blue Time:15.00
[INFO] [1772871258.367160433]: [BT] GetChassisDecisions SUCCESS C:GMA G:RSE B:R pos=(2.85,3.7[WARN] [1772871258.463739143]: "yaw" passed to lookupTransform argument source_frame does not exist. 
[WARN] [1772871258.463850175]: "yaw" passed to lookupTransform argument target_frame does not exist. 
[WARN] [1772871258.646648735]: action not connect
[WARN] [1772871258.970664361]: "yaw" passed to lookupTransform argument source_frame does not exist. 
[WARN] [1772871258.970768685]: "yaw" passed to lookupTransform argument target_frame does not exist. 
[WARN] [1772871259.153963017]: action not connect
[WARN] [1772871259.477620802]: "yaw" passed to lookupTransform argument source_frame does not exist. 
[WARN] [1772871259.477750983]: "yaw" passed to lookupTransform argument target_frame does not exist. 
[WARN] [1772871259.660281567]: action not connect
6)@own_protect_mid_robot_area Enemy:blue Time:15.00
[INFO] [1772871258.873058372]: [BT] SendChassisCommand SUCCESS C:GMA G:RSE B:R pos=(2.85,3.76)@own_protect_mid_robot_area Enemy:blue Time:16.00
[INFO] [1772871258.873169812]: [BT] GetGimbalDecisions SUCCESS C:GMA G:RSE B:R pos=(2.85,3.76)@own_protect_mid_robot_area Enemy:blue Time:16.00
[INFO] [1772871258.873284706]: [BT] SendGimbalCommand SUCCESS C:GMA G:RSE B:R pos=(2.85,3.76)@own_protect_mid_robot_area Enemy:blue Time:16.00
[INFO] [1772871258.873339847]: [BT] GetShooterDecisions SUCCESS C:GMA G:RSE B:R pos=(2.85,3.76)@own_protect_mid_robot_area Enemy:blue Time:16.00
[INFO] [1772871258.873386400]: [BT] SendShooterCommand SUCCESS C:GMA G:RSE B:R pos=(2.85,3.76)@own_protect_mid_robot_area Enemy:blue Time:16.00
[INFO] [1772871258.873772582]: [BT] OutputRightSwitchState SUCCESS C:GMA G:RSE B:R pos=(2.85,3.76)@own_protect_mid_robot_area Enemy:blue Time:16.00 switch=auto state=auto
[INFO] [1772871258.873849288]: [BT] ReviveIfDead SUCCESS C:GMA G:RSE B:R pos=(2.85,3.76)@own_protect_mid_robot_area Enemy:blue Time:16.00 revive=done
[INFO] [1772871258.873884814]: [BT] GetPresentTime SUCCESS C:GMA G:RSE B:R pos=(2.85,3.76)@own_protect_mid_robot_area Enemy:blue Time:16.00
[INFO] [1772871258.873943545]: [BT] GetPosInMap SUCCESS C:GMA G:RSE B:R pos=(2.85,3.76)@own_protect_mid_robot_area Enemy:blue Time:16.00
[INFO] [1772871258.874009025]: [BT] GetPolygonInWhich SUCCESS C:GMA G:RSE B:R pos=(2.85,3.76)@own_protect_mid_robot_area Enemy:blue Time:16.00 area=own_protect_mid_robot_area
[INFO] [1772871258.874055326]: [BT] GetSentryCmd SUCCESS C:GMA G:RSE B:R pos=(2.85,3.76)@own_protect_mid_robot_area Enemy:blue Time:16.00 area=own_protect_mid_robot_area desired=0 mode=3 acc_sec=7 degraded=0 change=0
[INFO] [1772871258.874251253]: [BT] SetPidPlannerParam SUCCESS C:GMA G:RSE B:R pos=(2.85,3.76)@own_protect_mid_robot_area Enemy:blue Time:16.00
[INFO] [1772871258.874322164]: [BT] GetChassisDecisions SUCCESS C:GMA G:RSE B:R pos=(2.85,3.76)@own_protect_mid_robot_area Enemy:blue Time:16.00
[INFO] [1772871259.380689211]: [BT] SendChassisCommand SUCCESS C:GMA G:RSE B:R pos=(2.85,3.76)@own_protect_mid_robot_area Enemy:blue Time:18.00
[INFO] [1772871259.380776334]: [BT] GetGimbalDecisions SUCCESS C:GMA G:RSE B:R pos=(2.85,3.76)@own_protect_mid_robot_area Enemy:blue Time:18.00
[INFO] [1772871259.380869313]: [BT] SendGimbalCommand SUCCESS C:GMA G:RSE B:R pos=(2.85,3.76)@own_protect_mid_robot_area Enemy:blue Time:18.00
[INFO] [1772871259.380896895]: [BT] GetShooterDecisions SUCCESS C:GMA G:RSE B:R pos=(2.85,3.76)@own_protect_mid_robot_area Enemy:blue Time:18.00
[INFO] [1772871259.380927852]: [BT] SendShooterCommand SUCCESS C:GMA G:RSE B:R pos=(2.85,3.76)@own_protect_mid_robot_area Enemy:blue Time:18.00
[INFO] [1772871259.381053879]: [BT] OutputRightSwitchState SUCCESS C:GMA G:RSE B:R pos=(2.85,3.76)@own_protect_mid_robot_area Enemy:blue Time:18.00 switch=auto state=auto
[INFO] [1772871259.381094490]: [BT] ReviveIfDead SUCCESS C:GMA G:RSE B:R pos=(2.85,3.76)@own_protect_mid_robot_area Enemy:blue Time:18.00 revive=done
[INFO] [1772871259.381117212]: [BT] GetPresentTime SUCCESS C:GMA G:RSE B:R pos=(2.85,3.76)@own_protect_mid_robot_area Enemy:blue Time:18.00
[INFO] [1772871259.381159144]: [BT] GetPosInMap SUCCESS C:GMA G:RSE B:R pos=(2.85,3.76)@own_protect_mid_robot_area Enemy:blue Time:18.00
[INFO] [1772871259.381189010]: [BT] GetPolygonInWhich SUCCESS C:GMA G:RSE B:R pos=(2.85,3.76)@own_protect_mid_robot_area Enemy:blue Time:18.00 area=own_protect_mid_robot_area
[INFO] [1772871259.381223792]: [BT] GetSentryCmd SUCCESS C:GMA G:RSE B:R pos=(2.85,3.76)@own_protect_mid_robot_area Enemy:blue Time:18.00 area=own_protect_mid_robot_area desired=0 mode=3 acc_sec=7 degraded=0 change=0
[INFO] [1772871259.381394445]: [BT] SetPidPlannerParam SUCCESS C:GMA G:RSE B:R pos=(2.85,3.76)@own_protect_mid_robot_area Enemy:blue Time:18.00
[INFO] [1772871259.381456746]: [BT] GetChassisDecisions SUCCESS C:GMA G:RSE B:R pos=(2.85,3.76)@own_protect_mid_robot_area Enemy:blue Time:18.00
[INFO] [1772871259.885188361]: [BT] SendChassi[WARN] [1772871259.982119523]: "yaw" passed to lookupTransform argument source_frame does not exist. 
[WARN] [1772871259.982309365]: "yaw" passed to lookupTransform argument target_frame does not exist. 
[WARN] [1772871260.165663995]: action not connect
[WARN] [1772871260.491757139]: "yaw" passed to lookupTransform argument source_frame does not exist. 
[WARN] [1772871260.491860940]: "yaw" passed to lookupTransform argument target_frame does not exist. 
[WARN] [1772871260.675535214]: action not connect
sCommand SUCCESS C:GMA G:RSE B:R pos=(2.85,3.76)@own_protect_mid_robot_area Enemy:blue Time:19.00
[INFO] [1772871259.885353813]: [BT] GetGimbalDecisions SUCCESS C:GMA G:RSE B:R pos=(2.85,3.76)@own_protect_mid_robot_area Enemy:blue Time:19.00
[INFO] [1772871259.885490928]: [BT] SendGimbalCommand SUCCESS C:GMA G:RSE B:R pos=(2.85,3.76)@own_protect_mid_robot_area Enemy:blue Time:19.00
[INFO] [1772871259.885538112]: [BT] GetShooterDecisions SUCCESS C:GMA G:RSE B:R pos=(2.85,3.76)@own_protect_mid_robot_area Enemy:blue Time:19.00
[INFO] [1772871259.885593404]: [BT] SendShooterCommand SUCCESS C:GMA G:RSE B:R pos=(2.85,3.76)@own_protect_mid_robot_area Enemy:blue Time:19.00
[INFO] [1772871259.885721229]: [BT] OutputRightSwitchState SUCCESS C:GMA G:RSE B:R pos=(2.85,3.76)@own_protect_mid_robot_area Enemy:blue Time:19.00 switch=auto state=auto
[INFO] [1772871259.885787165]: [BT] ReviveIfDead SUCCESS C:GMA G:RSE B:R pos=(2.85,3.76)@own_protect_mid_robot_area Enemy:blue Time:19.00 revive=done
[INFO] [1772871259.885821644]: [BT] GetPresentTime SUCCESS C:GMA G:RSE B:R pos=(2.85,3.76)@own_protect_mid_robot_area Enemy:blue Time:19.00
[INFO] [1772871259.885884195]: [BT] GetPosInMap SUCCESS C:GMA G:RSE B:R pos=(2.85,3.76)@own_protect_mid_robot_area Enemy:blue Time:19.00
[INFO] [1772871259.885928680]: [BT] GetPolygonInWhich SUCCESS C:GMA G:RSE B:R pos=(2.85,3.76)@own_protect_mid_robot_area Enemy:blue Time:19.00 area=own_protect_mid_robot_area
[INFO] [1772871259.885975129]: [BT] GetSentryCmd SUCCESS C:GMA G:RSE B:R pos=(2.85,3.76)@own_protect_mid_robot_area Enemy:blue Time:19.00 area=own_protect_mid_robot_area desired=0 mode=3 acc_sec=8 degraded=0 change=0
[INFO] [1772871259.886158076]: [BT] SetPidPlannerParam SUCCESS C:GMA G:RSE B:R pos=(2.85,3.76)@own_protect_mid_robot_area Enemy:blue Time:19.00
[INFO] [1772871259.886227305]: [BT] GetChassisDecisions SUCCESS C:GMA G:RSE B:R pos=(2.85,3.76)@own_protect_mid_robot_area Enemy:blue Time:19.00
[INFO] [1772871260.393688600]: [BT] SendChassisCommand SUCCESS C:GMA G:RSE B:R pos=(2.85,3.76)@own_protect_mid_robot_area Enemy:blue Time:21.00
[INFO] [1772871260.393802089]: [BT] GetGimbalDecisions SUCCESS C:GMA G:RSE B:R pos=(2.85,3.76)@own_protect_mid_robot_area Enemy:blue Time:21.00
[INFO] [1772871260.393950005]: [BT] SendGimbalCommand SUCCESS C:GMA G:RSE B:R pos=(2.85,3.76)@own_protect_mid_robot_area Enemy:blue Time:21.00
[INFO] [1772871260.394001422]: [BT] GetShooterDecisions SUCCESS C:GMA G:RSE B:R pos=(2.85,3.76)@own_protect_mid_robot_area Enemy:blue Time:21.00
[INFO] [1772871260.394055140]: [BT] SendShooterCommand SUCCESS C:GMA G:RSE B:R pos=(2.85,3.76)@own_protect_mid_robot_area Enemy:blue Time:21.00
[INFO] [1772871260.394514796]: [BT] OutputRightSwitchState SUCCESS C:GMA G:RSE B:R pos=(2.85,3.76)@own_protect_mid_robot_area Enemy:blue Time:21.00 switch=auto state=auto
[INFO] [1772871260.394609306]: [BT] ReviveIfDead SUCCESS C:GMA G:RSE B:R pos=(2.85,3.76)@own_protect_mid_robot_area Enemy:blue Time:21.00 revive=done
[INFO] [1772871260.394651789]: [BT] GetPresentTime SUCCESS C:GMA G:RSE B:R pos=(2.85,3.76)@own_protect_mid_robot_area Enemy:blue Time:21.00
[INFO] [1772871260.394726039]: [BT] GetPosInMap SUCCESS C:GMA G:RSE B:R pos=(2.85,3.76)@own_protect_mid_robot_area Enemy:blue Time:21.00
[INFO] [1772871260.394776528]: [BT] GetPolygonInWhich SUCCESS C:GMA G:RSE B:R pos=(2.85,3.76)@own_protect_mid_robot_area Enemy:blue Time:21.00 area=own_protect_mid_robot_area
[INFO] [1772871260.394830312]: [BT] GetSentryCmd SUCCESS C:GMA G:RSE B:R pos=(2.85,3.76)@own_protect_mid_robot_area Enemy:blue Time:21.00 area=own_protect_mid_robot_area desired=0 mode=3 acc_sec=8 degraded=0 change=0
[INFO] [1772871260.395005206]: [BT] SetPidPlannerParam SUCCESS C:GMA G:RSE B:R pos=(2.85,3.76)@own_protect_mid_robot_area Enemy:blue Time:21.00
[INFO] [1772871260.395069663]: [BT] GetChassisDecisions SUCCESS C:GMA G:RSE B:R pos=(2.85,3.76)@own_protect_mid_robot_area Enemy:blue Time:21.00
[INFO] [1772871260.902280570]: [BT] SendChassisCommand SUCCESS C:GMA G:RSE B:R pos=(2.85,3.76)@own_protect_mid_robot_area Enemy:blue Time:22.00
[WARN] [1772871261.000073688]: "yaw" passed to lookupTransform argument source_frame does not exist. 
[WARN] [1772871261.000206279]: "yaw" passed to lookupTransform argument target_frame does not exist. 
[WARN] [1772871261.183426180]: action not connect
[WARN] [1772871261.509039161]: "yaw" passed to lookupTransform argument source_frame does not exist. 
[WARN] [1772871261.509170480]: "yaw" passed to lookupTransform argument target_frame does not exist. 
[WARN] [1772871261.690104802]: action not connect
[INFO] [1772871260.902393493]: [BT] GetGimbalDecisions SUCCESS C:GMA G:RSE B:R pos=(2.85,3.76)@own_protect_mid_robot_area Enemy:blue Time:22.00
[INFO] [1772871260.902595725]: [BT] SendGimbalCommand SUCCESS C:GMA G:RSE B:R pos=(2.85,3.76)@own_protect_mid_robot_area Enemy:blue Time:22.00
[INFO] [1772871260.902639838]: [BT] GetShooterDecisions SUCCESS C:GMA G:RSE B:R pos=(2.85,3.76)@own_protect_mid_robot_area Enemy:blue Time:22.00
[INFO] [1772871260.902689278]: [BT] SendShooterCommand SUCCESS C:GMA G:RSE B:R pos=(2.85,3.76)@own_protect_mid_robot_area Enemy:blue Time:22.00
[INFO] [1772871260.902865537]: [BT] OutputRightSwitchState SUCCESS C:GMA G:RSE B:R pos=(2.85,3.76)@own_protect_mid_robot_area Enemy:blue Time:22.00 switch=auto state=auto
[INFO] [1772871260.902927222]: [BT] ReviveIfDead SUCCESS C:GMA G:RSE B:R pos=(2.85,3.76)@own_protect_mid_robot_area Enemy:blue Time:22.00 revive=done
[INFO] [1772871260.902956070]: [BT] GetPresentTime SUCCESS C:GMA G:RSE B:R pos=(2.85,3.76)@own_protect_mid_robot_area Enemy:blue Time:22.00
[INFO] [1772871260.903008055]: [BT] GetPosInMap SUCCESS C:GMA G:RSE B:R pos=(2.85,3.76)@own_protect_mid_robot_area Enemy:blue Time:22.00
[INFO] [1772871260.903042534]: [BT] GetPolygonInWhich SUCCESS C:GMA G:RSE B:R pos=(2.85,3.76)@own_protect_mid_robot_area Enemy:blue Time:22.00 area=own_protect_mid_robot_area
[INFO] [1772871260.903078782]: [BT] GetSentryCmd SUCCESS C:GMA G:RSE B:R pos=(2.85,3.76)@own_protect_mid_robot_area Enemy:blue Time:22.00 area=own_protect_mid_robot_area desired=0 mode=3 acc_sec=9 degraded=0 change=0
[INFO] [1772871260.903232794]: [BT] SetPidPlannerParam SUCCESS C:GMA G:RSE B:R pos=(2.85,3.76)@own_protect_mid_robot_area Enemy:blue Time:22.00
[INFO] [1772871260.903310036]: [BT] GetChassisDecisions SUCCESS C:GMA G:RSE B:R pos=(2.85,3.76)@own_protect_mid_robot_area Enemy:blue Time:22.00
[INFO] [1772871261.410537954]: [BT] SendChassisCommand SUCCESS C:GMA G:RSE B:R pos=(2.85,3.76)@own_protect_mid_robot_area Enemy:blue Time:24.00
[INFO] [1772871261.410628454]: [BT] GetGimbalDecisions SUCCESS C:GMA G:RSE B:R pos=(2.85,3.76)@own_protect_mid_robot_area Enemy:blue Time:24.00
[INFO] [1772871261.410742193]: [BT] SendGimbalCommand SUCCESS C:GMA G:RSE B:R pos=(2.85,3.76)@own_protect_mid_robot_area Enemy:blue Time:24.00
[INFO] [1772871261.410782910]: [BT] GetShooterDecisions SUCCESS C:GMA G:RSE B:R pos=(2.85,3.76)@own_protect_mid_robot_area Enemy:blue Time:24.00
[INFO] [1772871261.410825805]: [BT] SendShooterCommand SUCCESS C:GMA G:RSE B:R pos=(2.85,3.76)@own_protect_mid_robot_area Enemy:blue Time:24.00
[INFO] [1772871261.411160360]: [BT] OutputRightSwitchState SUCCESS C:GMA G:RSE B:R pos=(2.85,3.76)@own_protect_mid_robot_area Enemy:blue Time:24.00 switch=auto state=auto
[INFO] [1772871261.411218955]: [BT] ReviveIfDead SUCCESS C:GMA G:RSE B:R pos=(2.85,3.76)@own_protect_mid_robot_area Enemy:blue Time:24.00 revive=done
[INFO] [1772871261.411249657]: [BT] GetPresentTime SUCCESS C:GMA G:RSE B:R pos=(2.85,3.76)@own_protect_mid_robot_area Enemy:blue Time:24.00
[INFO] [1772871261.411321049]: [BT] GetPosInMap SUCCESS C:GMA G:RSE B:R pos=(2.85,3.76)@own_protect_mid_robot_area Enemy:blue Time:24.00
[INFO] [1772871261.411371658]: [BT] GetPolygonInWhich SUCCESS C:GMA G:RSE B:R pos=(2.85,3.76)@own_protect_mid_robot_area Enemy:blue Time:24.00 area=own_protect_mid_robot_area
[INFO] [1772871261.411425297]: [BT] GetSentryCmd SUCCESS C:GMA G:RSE B:R pos=(2.85,3.76)@own_protect_mid_robot_area Enemy:blue Time:24.00 area=own_protect_mid_robot_area desired=0 mode=3 acc_sec=9 degraded=0 change=0
[INFO] [1772871261.412318603]: [BT] SetPidPlannerParam SUCCESS C:GMA G:RSE B:R pos=(2.85,3.76)@own_protect_mid_robot_area Enemy:blue Time:24.00
[INFO] [1772871261.412363112]: [BT] GetChassisDecisions SUCCESS C:GMA G:RSE B:R pos=(2.85,3.76)@own_protect_mid_robot_area Enemy:blue Time:24.00
[INFO] [1772871261.915570560]: [BT] SendChassisCommand SUCCESS C:GMA G:RSE B:R pos=(2.85,3.76)@own_protect_mid_robot_area Enemy:blue Time:25.00
[INFO] [1772871261.915722193]: [BT] GetGimbalDecisions SUCCESS C:GMA G:RSE B:R pos=(2.85,3.76)@own[WARN] [1772871262.012360483]: "yaw" passed to lookupTransform argument source_frame does not exist. 
[WARN] [1772871262.012484095]: "yaw" passed to lookupTransform argument target_frame does not exist. 
[WARN] [1772871262.195047468]: action not connect
[WARN] [1772871262.517229857]: "yaw" passed to lookupTransform argument source_frame does not exist. 
[WARN] [1772871262.517397754]: "yaw" passed to lookupTransform argument target_frame does not exist. 
[WARN] [1772871262.699299337]: action not connect
_protect_mid_robot_area Enemy:blue Time:25.00
[INFO] [1772871261.915914814]: [BT] SendGimbalCommand SUCCESS C:GMA G:RSE B:R pos=(2.85,3.76)@own_protect_mid_robot_area Enemy:blue Time:25.00
[INFO] [1772871261.915956572]: [BT] GetShooterDecisions SUCCESS C:GMA G:RSE B:R pos=(2.85,3.76)@own_protect_mid_robot_area Enemy:blue Time:25.00
[INFO] [1772871261.916018103]: [BT] SendShooterCommand SUCCESS C:GMA G:RSE B:R pos=(2.85,3.76)@own_protect_mid_robot_area Enemy:blue Time:25.00
[INFO] [1772871261.916355884]: [BT] OutputRightSwitchState SUCCESS C:GMA G:RSE B:R pos=(2.85,3.76)@own_protect_mid_robot_area Enemy:blue Time:25.00 switch=auto state=auto
[INFO] [1772871261.916416155]: [BT] ReviveIfDead SUCCESS C:GMA G:RSE B:R pos=(2.85,3.76)@own_protect_mid_robot_area Enemy:blue Time:25.00 revive=done
[INFO] [1772871261.916452846]: [BT] GetPresentTime SUCCESS C:GMA G:RSE B:R pos=(2.85,3.76)@own_protect_mid_robot_area Enemy:blue Time:26.00
[INFO] [1772871261.916509372]: [BT] GetPosInMap SUCCESS C:GMA G:RSE B:R pos=(2.85,3.76)@own_protect_mid_robot_area Enemy:blue Time:26.00
[INFO] [1772871261.916550201]: [BT] GetPolygonInWhich SUCCESS C:GMA G:RSE B:R pos=(2.85,3.76)@own_protect_mid_robot_area Enemy:blue Time:26.00 area=own_protect_mid_robot_area
[INFO] [1772871261.916591090]: [BT] GetSentryCmd SUCCESS C:GMA G:RSE B:R pos=(2.85,3.76)@own_protect_mid_robot_area Enemy:blue Time:26.00 area=own_protect_mid_robot_area desired=0 mode=3 acc_sec=10 degraded=0 change=0
[INFO] [1772871261.916735666]: [BT] SetPidPlannerParam SUCCESS C:GMA G:RSE B:R pos=(2.85,3.76)@own_protect_mid_robot_area Enemy:blue Time:26.00
[INFO] [1772871261.916783568]: Present time:26 C:PMR G:RSE B:R staying_area_name: own_protect_mid_robot_area
[INFO] [1772871261.916809097]: [BT] GetChassisDecisions SUCCESS C:PMR G:RSE B:R pos=(2.85,3.76)@own_protect_mid_robot_area Enemy:blue Time:26.00
[INFO] [1772871262.420243407]: [BT] SendChassisCommand SUCCESS C:PMR G:RSE B:R pos=(2.85,3.76)@own_protect_mid_robot_area Enemy:blue Time:27.00
[INFO] [1772871262.420357831]: [BT] GetGimbalDecisions SUCCESS C:PMR G:RSE B:R pos=(2.85,3.76)@own_protect_mid_robot_area Enemy:blue Time:27.00
[INFO] [1772871262.420493523]: [BT] SendGimbalCommand SUCCESS C:PMR G:RSE B:R pos=(2.85,3.76)@own_protect_mid_robot_area Enemy:blue Time:27.00
[INFO] [1772871262.420532841]: [BT] GetShooterDecisions SUCCESS C:PMR G:RSE B:R pos=(2.85,3.76)@own_protect_mid_robot_area Enemy:blue Time:27.00
[INFO] [1772871262.420575205]: [BT] SendShooterCommand SUCCESS C:PMR G:RSE B:R pos=(2.85,3.76)@own_protect_mid_robot_area Enemy:blue Time:27.00
[INFO] [1772871262.420712588]: [BT] OutputRightSwitchState SUCCESS C:PMR G:RSE B:R pos=(2.85,3.76)@own_protect_mid_robot_area Enemy:blue Time:27.00 switch=auto state=auto
[INFO] [1772871262.420767710]: [BT] ReviveIfDead SUCCESS C:PMR G:RSE B:R pos=(2.85,3.76)@own_protect_mid_robot_area Enemy:blue Time:27.00 revive=done
[INFO] [1772871262.420800620]: [BT] GetPresentTime SUCCESS C:PMR G:RSE B:R pos=(2.85,3.76)@own_protect_mid_robot_area Enemy:blue Time:27.00
[INFO] [1772871262.420856793]: [BT] GetPosInMap SUCCESS C:PMR G:RSE B:R pos=(2.85,3.76)@own_protect_mid_robot_area Enemy:blue Time:27.00
[INFO] [1772871262.420896499]: [BT] GetPolygonInWhich SUCCESS C:PMR G:RSE B:R pos=(2.85,3.76)@own_protect_mid_robot_area Enemy:blue Time:27.00 area=own_protect_mid_robot_area
[INFO] [1772871262.420935655]: [BT] GetSentryCmd SUCCESS C:PMR G:RSE B:R pos=(2.85,3.76)@own_protect_mid_robot_area Enemy:blue Time:27.00 area=own_protect_mid_robot_area desired=0 mode=3 acc_sec=10 degraded=0 change=0
[INFO] [1772871262.421113938]: [BT] SetPidPlannerParam SUCCESS C:PMR G:RSE B:R pos=(2.85,3.76)@own_protect_mid_robot_area Enemy:blue Time:27.00
[INFO] [1772871262.421168207]: [BT] GetChassisDecisions SUCCESS C:PMR G:RSE B:R pos=(2.85,3.76)@own_protect_mid_robot_area Enemy:blue Time:27.00
[INFO] [1772871262.924650537]: [BT] SendChassisCommand SUCCESS C:PMR G:RSE B:R pos=(2.85,3.76)@own_protect_mid_robot_area Enemy:blue Time:29.00
[INFO] [1772871262.924727073]: [BT] GetGimbalDecisions SUCCESS C:PMR G:RSE B:R pos=(2[WARN] [1772871263.021925527]: "yaw" passed to lookupTransform argument source_frame does not exist. 
[WARN] [1772871263.022056994]: "yaw" passed to lookupTransform argument target_frame does not exist. 
[WARN] [1772871263.206435713]: action not connect
[WARN] [1772871263.522176387]: "yaw" passed to lookupTransform argument source_frame does not exist. 
[WARN] [1772871263.522318568]: "yaw" passed to lookupTransform argument target_frame does not exist. 
[WARN] [1772871263.714894453]: action not connect
.85,3.76)@own_protect_mid_robot_area Enemy:blue Time:29.00
[INFO] [1772871262.924889291]: [BT] SendGimbalCommand SUCCESS C:PMR G:RSE B:R pos=(2.85,3.76)@own_protect_mid_robot_area Enemy:blue Time:29.00
[INFO] [1772871262.924917532]: [BT] GetShooterDecisions SUCCESS C:PMR G:RSE B:R pos=(2.85,3.76)@own_protect_mid_robot_area Enemy:blue Time:29.00
[INFO] [1772871262.924952181]: [BT] SendShooterCommand SUCCESS C:PMR G:RSE B:R pos=(2.85,3.76)@own_protect_mid_robot_area Enemy:blue Time:29.00
[INFO] [1772871262.925066495]: [BT] OutputRightSwitchState SUCCESS C:PMR G:RSE B:R pos=(2.85,3.76)@own_protect_mid_robot_area Enemy:blue Time:29.00 switch=auto state=auto
[INFO] [1772871262.925110837]: [BT] ReviveIfDead SUCCESS C:PMR G:RSE B:R pos=(2.85,3.76)@own_protect_mid_robot_area Enemy:blue Time:29.00 revive=done
[INFO] [1772871262.925139933]: [BT] GetPresentTime SUCCESS C:PMR G:RSE B:R pos=(2.85,3.76)@own_protect_mid_robot_area Enemy:blue Time:29.00
[INFO] [1772871262.925197367]: [BT] GetPosInMap SUCCESS C:PMR G:RSE B:R pos=(2.85,3.76)@own_protect_mid_robot_area Enemy:blue Time:29.00
[INFO] [1772871262.925247541]: [BT] GetPolygonInWhich SUCCESS C:PMR G:RSE B:R pos=(2.85,3.76)@own_protect_mid_robot_area Enemy:blue Time:29.00 area=own_protect_mid_robot_area
[INFO] [1772871262.925289795]: [BT] GetSentryCmd SUCCESS C:PMR G:RSE B:R pos=(2.85,3.76)@own_protect_mid_robot_area Enemy:blue Time:29.00 area=own_protect_mid_robot_area desired=0 mode=3 acc_sec=11 degraded=0 change=0
[INFO] [1772871262.925413853]: [BT] SetPidPlannerParam SUCCESS C:PMR G:RSE B:R pos=(2.85,3.76)@own_protect_mid_robot_area Enemy:blue Time:29.00
[INFO] [1772871262.925458446]: [BT] GetChassisDecisions SUCCESS C:PMR G:RSE B:R pos=(2.85,3.76)@own_protect_mid_robot_area Enemy:blue Time:29.00
[INFO] [1772871263.434318386]: [BT] SendChassisCommand SUCCESS C:PMR G:RSE B:R pos=(2.85,3.76)@own_protect_mid_robot_area Enemy:blue Time:30.00
[INFO] [1772871263.434453363]: [BT] GetGimbalDecisions SUCCESS C:PMR G:RSE B:R pos=(2.85,3.76)@own_protect_mid_robot_area Enemy:blue Time:30.00
[INFO] [1772871263.434581126]: [BT] SendGimbalCommand SUCCESS C:PMR G:RSE B:R pos=(2.85,3.76)@own_protect_mid_robot_area Enemy:blue Time:30.00
[INFO] [1772871263.434634783]: [BT] GetShooterDecisions SUCCESS C:PMR G:RSE B:R pos=(2.85,3.76)@own_protect_mid_robot_area Enemy:blue Time:30.00
[INFO] [1772871263.434685188]: [BT] SendShooterCommand SUCCESS C:PMR G:RSE B:R pos=(2.85,3.76)@own_protect_mid_robot_area Enemy:blue Time:30.00
[INFO] [1772871263.435052842]: [BT] OutputRightSwitchState SUCCESS C:PMR G:RSE B:R pos=(2.85,3.76)@own_protect_mid_robot_area Enemy:blue Time:30.00 switch=auto state=auto
[INFO] [1772871263.435127059]: [BT] ReviveIfDead SUCCESS C:PMR G:RSE B:R pos=(2.85,3.76)@own_protect_mid_robot_area Enemy:blue Time:30.00 revive=done
[INFO] [1772871263.435163711]: [BT] GetPresentTime SUCCESS C:PMR G:RSE B:R pos=(2.85,3.76)@own_protect_mid_robot_area Enemy:blue Time:30.00
[INFO] [1772871263.435226010]: [BT] GetPosInMap SUCCESS C:PMR G:RSE B:R pos=(2.85,3.76)@own_protect_mid_robot_area Enemy:blue Time:30.00
[INFO] [1772871263.435266275]: [BT] GetPolygonInWhich SUCCESS C:PMR G:RSE B:R pos=(2.85,3.76)@own_protect_mid_robot_area Enemy:blue Time:30.00 area=own_protect_mid_robot_area
[INFO] [1772871263.435319089]: [BT] GetSentryCmd SUCCESS C:PMR G:RSE B:R pos=(2.85,3.76)@own_protect_mid_robot_area Enemy:blue Time:30.00 area=own_protect_mid_robot_area desired=0 mode=3 acc_sec=11 degraded=0 change=0
[INFO] [1772871263.435504696]: [BT] SetPidPlannerParam SUCCESS C:PMR G:RSE B:R pos=(2.85,3.76)@own_protect_mid_robot_area Enemy:blue Time:30.00
[INFO] [1772871263.435563657]: [BT] GetChassisDecisions SUCCESS C:PMR G:RSE B:R pos=(2.85,3.76)@own_protect_mid_robot_area Enemy:blue Time:30.00
[INFO] [1772871263.940688193]: [BT] SendChassisCommand SUCCESS C:PMR G:RSE B:R pos=(2.85,3.76)@own_protect_mid_robot_area Enemy:blue Time:32.00
[INFO] [1772871263.940803235]: [BT] GetGimbalDecisions SUCCESS C:PMR G:RSE B:R pos=(2.85,3.76)@own_protect_mid_robot_area Enemy:blue Time:32.00
[INFO] [1772871263.940932252]: [BT] S[WARN] [1772871264.027227060]: "yaw" passed to lookupTransform argument source_frame does not exist. 
[WARN] [1772871264.027362095]: "yaw" passed to lookupTransform argument target_frame does not exist. 
[WARN] [1772871264.220643176]: action not connect
[WARN] [1772871264.531926866]: "yaw" passed to lookupTransform argument source_frame does not exist. 
[WARN] [1772871264.532020894]: "yaw" passed to lookupTransform argument target_frame does not exist. 
[WARN] [1772871264.729517314]: action not connect
endGimbalCommand SUCCESS C:PMR G:RSE B:R pos=(2.85,3.76)@own_protect_mid_robot_area Enemy:blue Time:32.00
[INFO] [1772871263.941062547]: [BT] GetShooterDecisions SUCCESS C:PMR G:RSE B:R pos=(2.85,3.76)@own_protect_mid_robot_area Enemy:blue Time:32.00
[INFO] [1772871263.941110990]: [BT] SendShooterCommand SUCCESS C:PMR G:RSE B:R pos=(2.85,3.76)@own_protect_mid_robot_area Enemy:blue Time:32.00
[INFO] [1772871263.941259676]: [BT] OutputRightSwitchState SUCCESS C:PMR G:RSE B:R pos=(2.85,3.76)@own_protect_mid_robot_area Enemy:blue Time:32.00 switch=auto state=auto
[INFO] [1772871263.941345369]: [BT] ReviveIfDead SUCCESS C:PMR G:RSE B:R pos=(2.85,3.76)@own_protect_mid_robot_area Enemy:blue Time:32.00 revive=done
[INFO] [1772871263.941386915]: [BT] GetPresentTime SUCCESS C:PMR G:RSE B:R pos=(2.85,3.76)@own_protect_mid_robot_area Enemy:blue Time:32.00
[INFO] [1772871263.941451751]: [BT] GetPosInMap SUCCESS C:PMR G:RSE B:R pos=(2.85,3.76)@own_protect_mid_robot_area Enemy:blue Time:32.00
[INFO] [1772871263.941500059]: [BT] GetPolygonInWhich SUCCESS C:PMR G:RSE B:R pos=(2.85,3.76)@own_protect_mid_robot_area Enemy:blue Time:32.00 area=own_protect_mid_robot_area
[INFO] [1772871263.941546347]: [BT] GetSentryCmd SUCCESS C:PMR G:RSE B:R pos=(2.85,3.76)@own_protect_mid_robot_area Enemy:blue Time:32.00 area=own_protect_mid_robot_area desired=0 mode=3 acc_sec=12 degraded=0 change=0
[INFO] [1772871263.941722654]: [BT] SetPidPlannerParam SUCCESS C:PMR G:RSE B:R pos=(2.85,3.76)@own_protect_mid_robot_area Enemy:blue Time:32.00
[INFO] [1772871263.941776633]: [BT] GetChassisDecisions SUCCESS C:PMR G:RSE B:R pos=(2.85,3.76)@own_protect_mid_robot_area Enemy:blue Time:32.00
[INFO] [1772871264.446195846]: [BT] SendChassisCommand SUCCESS C:PMR G:RSE B:R pos=(2.85,3.76)@own_protect_mid_robot_area Enemy:blue Time:33.00
[INFO] [1772871264.446317365]: [BT] GetGimbalDecisions SUCCESS C:PMR G:RSE B:R pos=(2.85,3.76)@own_protect_mid_robot_area Enemy:blue Time:33.00
[INFO] [1772871264.446448560]: [BT] SendGimbalCommand SUCCESS C:PMR G:RSE B:R pos=(2.85,3.76)@own_protect_mid_robot_area Enemy:blue Time:33.00
[INFO] [1772871264.446498580]: [BT] GetShooterDecisions SUCCESS C:PMR G:RSE B:R pos=(2.85,3.76)@own_protect_mid_robot_area Enemy:blue Time:33.00
[INFO] [1772871264.446546859]: [BT] SendShooterCommand SUCCESS C:PMR G:RSE B:R pos=(2.85,3.76)@own_protect_mid_robot_area Enemy:blue Time:33.00
[INFO] [1772871264.446673804]: [BT] OutputRightSwitchState SUCCESS C:PMR G:RSE B:R pos=(2.85,3.76)@own_protect_mid_robot_area Enemy:blue Time:33.00 switch=auto state=auto
[INFO] [1772871264.446737425]: [BT] ReviveIfDead SUCCESS C:PMR G:RSE B:R pos=(2.85,3.76)@own_protect_mid_robot_area Enemy:blue Time:33.00 revive=done
[INFO] [1772871264.446774173]: [BT] GetPresentTime SUCCESS C:PMR G:RSE B:R pos=(2.85,3.76)@own_protect_mid_robot_area Enemy:blue Time:33.00
[INFO] [1772871264.446843637]: [BT] GetPosInMap SUCCESS C:PMR G:RSE B:R pos=(2.85,3.76)@own_protect_mid_robot_area Enemy:blue Time:33.00
[INFO] [1772871264.446885083]: [BT] GetPolygonInWhich SUCCESS C:PMR G:RSE B:R pos=(2.85,3.76)@own_protect_mid_robot_area Enemy:blue Time:33.00 area=own_protect_mid_robot_area
[INFO] [1772871264.446925726]: [BT] GetSentryCmd SUCCESS C:PMR G:RSE B:R pos=(2.85,3.76)@own_protect_mid_robot_area Enemy:blue Time:33.00 area=own_protect_mid_robot_area desired=0 mode=3 acc_sec=12 degraded=0 change=0
[INFO] [1772871264.447107522]: [BT] SetPidPlannerParam SUCCESS C:PMR G:RSE B:R pos=(2.85,3.76)@own_protect_mid_robot_area Enemy:blue Time:33.00
[INFO] [1772871264.447163900]: [BT] GetChassisDecisions SUCCESS C:PMR G:RSE B:R pos=(2.85,3.76)@own_protect_mid_robot_area Enemy:blue Time:33.00
[INFO] [1772871264.956156720]: [BT] SendChassisCommand SUCCESS C:PMR G:RSE B:R pos=(2.85,3.76)@own_protect_mid_robot_area Enemy:blue Time:35.00
[INFO] [1772871264.956268612]: [BT] GetGimbalDecisions SUCCESS C:PMR G:RSE B:R pos=(2.85,3.76)@own_protect_mid_robot_area Enemy:blue Time:35.00
[INFO] [1772871264.956403963]: [BT] SendGimbalCommand SUCCESS C:PMR G:RSE B:R pos=(2.85,3.76)@own_protect_mid_robot_area Enemy:blue T[WARN] [1772871265.032649373]: "yaw" passed to lookupTransform argument source_frame does not exist. 
[WARN] [1772871265.032782120]: "yaw" passed to lookupTransform argument target_frame does not exist. 
[WARN] [1772871265.236239362]: action not connect
[WARN] [1772871265.539229905]: "yaw" passed to lookupTransform argument source_frame does not exist. 
[WARN] [1772871265.539389566]: "yaw" passed to lookupTransform argument target_frame does not exist. 
[WARN] [1772871265.744200054]: action not connect
ime:35.00
[INFO] [1772871264.956537556]: [BT] GetShooterDecisions SUCCESS C:PMR G:RSE B:R pos=(2.85,3.76)@own_protect_mid_robot_area Enemy:blue Time:35.00
[INFO] [1772871264.956591601]: [BT] SendShooterCommand SUCCESS C:PMR G:RSE B:R pos=(2.85,3.76)@own_protect_mid_robot_area Enemy:blue Time:35.00
[INFO] [1772871264.957008507]: [BT] OutputRightSwitchState SUCCESS C:PMR G:RSE B:R pos=(2.85,3.76)@own_protect_mid_robot_area Enemy:blue Time:35.00 switch=auto state=auto
[INFO] [1772871264.957074635]: [BT] ReviveIfDead SUCCESS C:PMR G:RSE B:R pos=(2.85,3.76)@own_protect_mid_robot_area Enemy:blue Time:35.00 revive=done
[INFO] [1772871264.957109567]: [BT] GetPresentTime SUCCESS C:PMR G:RSE B:R pos=(2.85,3.76)@own_protect_mid_robot_area Enemy:blue Time:35.00
[INFO] [1772871264.957176226]: [BT] GetPosInMap SUCCESS C:PMR G:RSE B:R pos=(2.85,3.76)@own_protect_mid_robot_area Enemy:blue Time:35.00
[INFO] [1772871264.957216895]: [BT] GetPolygonInWhich SUCCESS C:PMR G:RSE B:R pos=(2.85,3.76)@own_protect_mid_robot_area Enemy:blue Time:35.00 area=own_protect_mid_robot_area
[INFO] [1772871264.957259305]: [BT] GetSentryCmd SUCCESS C:PMR G:RSE B:R pos=(2.85,3.76)@own_protect_mid_robot_area Enemy:blue Time:35.00 area=own_protect_mid_robot_area desired=0 mode=3 acc_sec=13 degraded=0 change=0
[INFO] [1772871264.957433523]: [BT] SetPidPlannerParam SUCCESS C:PMR G:RSE B:R pos=(2.85,3.76)@own_protect_mid_robot_area Enemy:blue Time:35.00
[INFO] [1772871264.957487906]: [BT] GetChassisDecisions SUCCESS C:PMR G:RSE B:R pos=(2.85,3.76)@own_protect_mid_robot_area Enemy:blue Time:35.00
[INFO] [1772871265.462771427]: [BT] SendChassisCommand SUCCESS C:PMR G:RSE B:R pos=(2.85,3.76)@own_protect_mid_robot_area Enemy:blue Time:36.00
[INFO] [1772871265.462866587]: [BT] GetGimbalDecisions SUCCESS C:PMR G:RSE B:R pos=(2.85,3.76)@own_protect_mid_robot_area Enemy:blue Time:36.00
[INFO] [1772871265.462972045]: [BT] SendGimbalCommand SUCCESS C:PMR G:RSE B:R pos=(2.85,3.76)@own_protect_mid_robot_area Enemy:blue Time:36.00
[INFO] [1772871265.463009110]: [BT] GetShooterDecisions SUCCESS C:PMR G:RSE B:R pos=(2.85,3.76)@own_protect_mid_robot_area Enemy:blue Time:36.00
[INFO] [1772871265.463051496]: [BT] SendShooterCommand SUCCESS C:PMR G:RSE B:R pos=(2.85,3.76)@own_protect_mid_robot_area Enemy:blue Time:36.00
[INFO] [1772871265.463198085]: [BT] OutputRightSwitchState SUCCESS C:PMR G:RSE B:R pos=(2.85,3.76)@own_protect_mid_robot_area Enemy:blue Time:36.00 switch=auto state=auto
[INFO] [1772871265.463266362]: [BT] ReviveIfDead SUCCESS C:PMR G:RSE B:R pos=(2.85,3.76)@own_protect_mid_robot_area Enemy:blue Time:36.00 revive=done
[INFO] [1772871265.463312157]: [BT] GetPresentTime SUCCESS C:PMR G:RSE B:R pos=(2.85,3.76)@own_protect_mid_robot_area Enemy:blue Time:36.00
[INFO] [1772871265.463376840]: [BT] GetPosInMap SUCCESS C:PMR G:RSE B:R pos=(2.85,3.76)@own_protect_mid_robot_area Enemy:blue Time:36.00
[INFO] [1772871265.463420323]: [BT] GetPolygonInWhich SUCCESS C:PMR G:RSE B:R pos=(2.85,3.76)@own_protect_mid_robot_area Enemy:blue Time:36.00 area=own_protect_mid_robot_area
[INFO] [1772871265.463463431]: [BT] GetSentryCmd SUCCESS C:PMR G:RSE B:R pos=(2.85,3.76)@own_protect_mid_robot_area Enemy:blue Time:36.00 area=own_protect_mid_robot_area desired=0 mode=3 acc_sec=13 degraded=0 change=0
[INFO] [1772871265.463639720]: [BT] SetPidPlannerParam SUCCESS C:PMR G:RSE B:R pos=(2.85,3.76)@own_protect_mid_robot_area Enemy:blue Time:36.00
[INFO] [1772871265.463696424]: [BT] GetChassisDecisions SUCCESS C:PMR G:RSE B:R pos=(2.85,3.76)@own_protect_mid_robot_area Enemy:blue Time:36.00
[INFO] [1772871265.970732425]: [BT] SendChassisCommand SUCCESS C:PMR G:RSE B:R pos=(2.85,3.76)@own_protect_mid_robot_area Enemy:blue Time:38.00
[INFO] [1772871265.970831966]: [BT] GetGimbalDecisions SUCCESS C:PMR G:RSE B:R pos=(2.85,3.76)@own_protect_mid_robot_area Enemy:blue Time:38.00
[INFO] [1772871265.970943749]: [BT] SendGimbalCommand SUCCESS C:PMR G:RSE B:R pos=(2.85,3.76)@own_protect_mid_robot_area Enemy:blue Time:38.00
[INFO] [1772871265.970985075]: [BT] GetShooterDecisions SUCCESS C:PMR G:RSE B:R pos=(2[WARN] [1772871266.048849266]: "yaw" passed to lookupTransform argument source_frame does not exist. 
[WARN] [1772871266.049002238]: "yaw" passed to lookupTransform argument target_frame does not exist. 
[WARN] [1772871266.246321138]: action not connect
[WARN] [1772871266.550193357]: "yaw" passed to lookupTransform argument source_frame does not exist. 
[WARN] [1772871266.550338831]: "yaw" passed to lookupTransform argument target_frame does not exist. 
[WARN] [1772871266.754498426]: action not connect
.85,3.76)@own_protect_mid_robot_area Enemy:blue Time:38.00
[INFO] [1772871265.971125038]: [BT] SendShooterCommand SUCCESS C:PMR G:RSE B:R pos=(2.85,3.76)@own_protect_mid_robot_area Enemy:blue Time:38.00
[INFO] [1772871265.971495999]: [BT] OutputRightSwitchState SUCCESS C:PMR G:RSE B:R pos=(2.85,3.76)@own_protect_mid_robot_area Enemy:blue Time:38.00 switch=auto state=auto
[INFO] [1772871265.971566209]: [BT] ReviveIfDead SUCCESS C:PMR G:RSE B:R pos=(2.85,3.76)@own_protect_mid_robot_area Enemy:blue Time:38.00 revive=done
[INFO] [1772871265.971598247]: [BT] GetPresentTime SUCCESS C:PMR G:RSE B:R pos=(2.85,3.76)@own_protect_mid_robot_area Enemy:blue Time:38.00
[INFO] [1772871265.971654607]: [BT] GetPosInMap SUCCESS C:PMR G:RSE B:R pos=(2.85,3.76)@own_protect_mid_robot_area Enemy:blue Time:38.00
[INFO] [1772871265.971762152]: [BT] GetPolygonInWhich SUCCESS C:PMR G:RSE B:R pos=(2.85,3.76)@own_protect_mid_robot_area Enemy:blue Time:38.00 area=own_protect_mid_robot_area
[INFO] [1772871265.971835621]: [BT] GetSentryCmd SUCCESS C:PMR G:RSE B:R pos=(2.85,3.76)@own_protect_mid_robot_area Enemy:blue Time:38.00 area=own_protect_mid_robot_area desired=0 mode=3 acc_sec=14 degraded=0 change=0
[INFO] [1772871265.971950466]: [BT] SetPidPlannerParam SUCCESS C:PMR G:RSE B:R pos=(2.85,3.76)@own_protect_mid_robot_area Enemy:blue Time:38.00
[INFO] [1772871265.971989898]: [BT] GetChassisDecisions SUCCESS C:PMR G:RSE B:R pos=(2.85,3.76)@own_protect_mid_robot_area Enemy:blue Time:38.00
[INFO] [1772871266.473618903]: [BT] SendChassisCommand SUCCESS C:PMR G:RSE B:R pos=(2.85,3.76)@own_protect_mid_robot_area Enemy:blue Time:39.00
[INFO] [1772871266.473732600]: [BT] GetGimbalDecisions SUCCESS C:PMR G:RSE B:R pos=(2.85,3.76)@own_protect_mid_robot_area Enemy:blue Time:39.00
[INFO] [1772871266.473871191]: [BT] SendGimbalCommand SUCCESS C:PMR G:RSE B:R pos=(2.85,3.76)@own_protect_mid_robot_area Enemy:blue Time:39.00
[INFO] [1772871266.473917543]: [BT] GetShooterDecisions SUCCESS C:PMR G:RSE B:R pos=(2.85,3.76)@own_protect_mid_robot_area Enemy:blue Time:39.00
[INFO] [1772871266.473970782]: [BT] SendShooterCommand SUCCESS C:PMR G:RSE B:R pos=(2.85,3.76)@own_protect_mid_robot_area Enemy:blue Time:39.00
[INFO] [1772871266.474405036]: [BT] OutputRightSwitchState SUCCESS C:PMR G:RSE B:R pos=(2.85,3.76)@own_protect_mid_robot_area Enemy:blue Time:39.00 switch=auto state=auto
[INFO] [1772871266.474492526]: [BT] ReviveIfDead SUCCESS C:PMR G:RSE B:R pos=(2.85,3.76)@own_protect_mid_robot_area Enemy:blue Time:39.00 revive=done
[INFO] [1772871266.474534459]: [BT] GetPresentTime SUCCESS C:PMR G:RSE B:R pos=(2.85,3.76)@own_protect_mid_robot_area Enemy:blue Time:39.00
[INFO] [1772871266.474604722]: [BT] GetPosInMap SUCCESS C:PMR G:RSE B:R pos=(2.85,3.76)@own_protect_mid_robot_area Enemy:blue Time:39.00
[INFO] [1772871266.474652099]: [BT] GetPolygonInWhich SUCCESS C:PMR G:RSE B:R pos=(2.85,3.76)@own_protect_mid_robot_area Enemy:blue Time:39.00 area=own_protect_mid_robot_area
[INFO] [1772871266.474724539]: [BT] GetSentryCmd SUCCESS C:PMR G:RSE B:R pos=(2.85,3.76)@own_protect_mid_robot_area Enemy:blue Time:39.00 area=own_protect_mid_robot_area desired=0 mode=3 acc_sec=14 degraded=0 change=0
[INFO] [1772871266.474902545]: [BT] SetPidPlannerParam SUCCESS C:PMR G:RSE B:R pos=(2.85,3.76)@own_protect_mid_robot_area Enemy:blue Time:39.00
[INFO] [1772871266.474966290]: [BT] GetChassisDecisions SUCCESS C:PMR G:RSE B:R pos=(2.85,3.76)@own_protect_mid_robot_area Enemy:blue Time:39.00
[INFO] [1772871266.924070154]: Present time:41 C:PMR G:TE B:R
[INFO] [1772871266.924202614]: Present time:41 Chassis:PMR Gimbal:TE Booster:P
[INFO] [1772871266.924642255]: Present time:41 C:C G:TE B:P staying_area_name: own_protect_mid_robot_area
[INFO] [1772871266.981746289]: [BT] OutputRightSwitchState SUCCESS C:C G:TE B:P pos=(2.85,3.76)@own_protect_mid_robot_area Enemy:blue Time:41.00 switch=auto state=auto
[INFO] [1772871266.981853962]: [BT] ReviveIfDead SUCCESS C:C G:TE B:P pos=(2.85,3.76)@own_protect_mid_robot_area Enemy:blue Time:41.00 revive=done
[INFO] [1772871266.981893098]: [BT] GetPresentTime SUCCESS C:C G:TE B:P pos=(2.85,3.76)@own_protect_mid_robot_area Enemy:blue Time:41.00
[INFO] [1772871266.982048335]: [BT] GetPosInMap SUCCESS C:C G:TE B:P pos=(2.85,3.76)@own_protect_mid_robot_area Enemy:blue Time:41.00
[INFO] [1772871266.982095277]: [BT] GetPolygonInWhich SUCCESS C:C G:TE B:P pos=(2.85,3.76)@own_protect_mid_robot_area Enemy:blue Time:41.00 area=own_protect_mid_robot_area
[INFO] [1772871266.982140043]: [BT] GetSentryCmd SUCCESS C:C G:TE B:P pos=(2.85,3.76)@own_protect_mid_robot_area Enemy:blue Time:41.00 area=own_protect_mid_robot_area desired=0 mode=3 acc_sec=15 degraded=0 change=0
[INFO] [1772871266.982346016]: [BT] SetPidPlannerParam SUCCESS C:C G:TE B:P pos=(2.85,3.76)@own_protect_mid_robot_area Enemy:blue Time:41.00
[INFO] [1772871266.982426016]: [BT] GetChassisDecisions SUCCESS C:C G:TE B:P pos=(2.85,3.76)@own_protect_mid_robot_area Enemy:blue Time:41.00
[INFO] [1772871266.982468962]: [BT] SendChassisCommand SUCCESS C:C G:TE B:P pos=(2.85,3.76)@own_protect_mid_robot_area Enemy:blue Time:41.00
[INFO] [1772871266.982505459]: [BT] GetGimbalDecisions SUCCESS C:C G:TE B:P pos=(2.85,3.76)@own_protect_mid_robot_area Enemy:blue Time:41.00
[INFO] [1772871266.982547159]: [BT] SendGimbalCommand SUCCESS C:C G:TE B:P pos=(2.85,3.76)@own_protect_mid_robot_area Enemy:blue Time:41.00
[INFO] [1772871266.982583589]: [BT] GetShooterDecisions SUCCESS C:C G:TE B:P pos=(2.85,3.76)@own_protect_mid_robot_area Enemy:blue Time:41.00
[INFO] [1772871266.982648147]: [BT] SendShooterCommand SUCCESS C:C G:TE B:P pos=(2.85,3.76)@own_protect_mid_robot_area Enemy:blue Time:41.00
[INFO] [1772871267.481772983]: [BT] OutputRightSwitchState SUCCESS C:C G:TE B:P pos=(2.85,3.76)@own_protect_mid_robot_area Enemy:blue Time:42.00 switch=auto state=auto
[INFO] [1772871267.481876064]: [BT] ReviveIfDead SUCCESS C:C G:TE B:P pos=(2.85,3.76)@own_protect_mid_robot_area Enemy:blue Time:42.00 revive=done
[INFO] [1772871267.481913783]: [BT] GetPresentTime SUCCESS C:C G:TE B:P pos=(2.85,3.76)@own_protect_mid_robot_area Enemy:blue Time:42.00
[INFO] [1772871267.491926617]: [BT] GetPosInMap SUCCESS C:C G:TE B:P pos=(2.85,3.76)@own_protect_mid_robot_area Enemy:blue Time:42.00
[INFO] [1772871267.491998183]: [BT] GetPolygonInWhich SUCCESS C:C G:TE B:P pos=(2.85,3.76)@own_protect_mid_robot_area Enemy:blue Time:42.00 area=own_protect_mid_robot_area
[INFO] [1772871267.492053024]: [BT] GetSentryCmd SUCCESS C:C G:TE B:P pos=(2.85,3.76)@own_protect_mid_robot_area Enemy:blue Time:42.00 area=own_protect_mid_robot_area desired=0 mode=3 acc_sec=15 degraded=0 change=0
[INFO] [1772871267.492205091]: [BT] SetPidPlannerParam SUCCESS C:C G:TE B:P pos=(2.85,3.76)@own_protect_mid_robot_area Enemy:blue Time:42.00
[INFO] [1772871267.492317580]: [BT] GetChassisDecisions SUCCESS C:C G:TE B:P pos=(2.85,3.76)@own_protect_mid_robot_area Enemy:blue Time:42.00
[INFO] [1772871267.495375565]: [BT] SendChassisCommand SUCCESS C:C G:TE B:P pos=(2.85,3.76)@own_protect_mid_robot_area Enemy:blue Time:42.00
[INFO] [1772871267.495454850]: [BT] GetGimbalDecisions SUCCESS C:C G:TE B:P pos=(2.85,3.76)@own_protect_mid_robot_area Enemy:blue Time:42.00
[INFO] [1772871267.495503085]: [BT] SendGimbalCommand SUCCESS C:C G:TE B:P pos=(2.85,3.76)@own_protect_mid_robot_area Enemy:blue Time:42.00
[INFO] [1772871267.495543776]: [BT] GetShooterDecisions SUCCESS C:C G:TE B:P pos=(2.85,3.76)@own_protect_mid_robot_area Enemy:blue Time:42.00
[INFO] [1772871267.495588495]: [BT] SendShooterCommand SUCCESS C:C G:TE B:P pos=(2.85,3.76)@own_protect_mid_robot_area Enemy:blue Time:42.00
[INFO] [1772871267.981797455]: [BT] OutputRightSwitchState SUCCESS C:C G:TE B:P pos=(2.85,3.76)@own_protect_mid_robot_area Enemy:blue Time:44.00 switch=auto state=auto
[INFO] [1772871267.981908497]: [BT] ReviveIfDead SUCCESS C:C G:TE B:P pos=(2.85,3.76)@own_protect_mid_robot_area Enemy:blue Time:44.00 revive=done
[INFO] [1772871267.981953389]: [BT] GetPresentTime SUCCESS C:C G:TE B:P pos=(2.85,3.76)@own_protect_mid_robot_area Enemy:blue Time:44.00
[INFO] [1772871267.991946248]: [BT] GetPosInMap SUCCESS C:C G:TE B:P pos=(2.85,3.76)@own_protect_mid_robot_area Enemy:blue Time:44.00
[INFO] [1772871267.992087334]: [BT] GetPolygonInWhich SUCCESS C:C G:TE B:P pos=(2.85,3.76)@own_protect_mid_robot_area Enemy:blue Time:44.00 area=own_protect_mid_robot_area
[INFO] [1772871267.992146992]: [BT] GetSentryCmd SUCCESS C:C G:TE B:P pos=(2.85,3.76)@own_protect_mid_robot_area Enemy:blue Time:44.00 area=own_protect_mid_robot_area desired=0 mode=3 acc_sec=16 degraded=0 change=0
[INFO] [1772871267.992265668]: [BT] SetPidPlannerParam SUCCESS C:C G:TE B:P pos=(2.85,3.76)@own_protect_mid_robot_area Enemy:blue Time:44.00
[INFO] [1772871267.992340083]: [BT] GetChassisDecisions SUCCESS C:C G:TE B:P pos=(2.85,3.76)@own_protect_mid_robot_area Enemy:blue Time:44.00
[INFO] [1772871268.001953441]: [BT] SendChassisCommand SUCCESS C:C G:TE B:P pos=(2.85,3.76)@own_protect_mid_robot_area Enemy:blue Time:44.00
[INFO] [1772871268.002031411]: [BT] GetGimbalDecisions SUCCESS C:C G:TE B:P pos=(2.85,3.76)@own_protect_mid_robot_area Enemy:blue Time:44.00
[INFO] [1772871268.002079924]: [BT] SendGimbalCommand SUCCESS C:C G:TE B:P pos=(2.85,3.76)@own_protect_mid_robot_area Enemy:blue Time:44.00
[INFO] [1772871268.002102123]: [BT] GetShooterDecisions SUCCESS C:C G:TE B:P pos=(2.85,3.76)@own_protect_mid_robot_area Enemy:blue Time:44.00
[INFO] [1772871268.002129502]: [BT] SendShooterCommand SUCCESS C:C G:TE B:P pos=(2.85,3.76)@own_protect_mid_robot_area Enemy:blue Time:44.00
[INFO] [1772871268.492082536]: [BT] OutputRightSwitchState SUCCESS C:C G:TE B:P pos=(2.85,3.76)@own_protect_mid_robot_area Enemy:blue Time:45.00 switch=auto state=auto
[INFO] [1772871268.492221897]: [BT] ReviveIfDead SUCCESS C:C G:TE B:P pos=(2.85,3.76)@own_protect_mid_robot_area Enemy:blue Time:45.00 revive=done
[INFO] [1772871268.492318208]: [BT] GetPresentTime SUCCESS C:C G:TE B:P pos=(2.85,3.76)@own_protect_mid_robot_area Enemy:blue Time:45.00
[INFO] [1772871268.492383504]: [BT] GetPosInMap SUCCESS C:C G:TE B:P pos=(2.85,3.76)@own_protect_mid_robot_area Enemy:blue Time:45.00
[INFO] [1772871268.492429496]: [BT] GetPolygonInWhich SUCCESS C:C G:TE B:P pos=(2.85,3.76)@own_protect_mid_robot_area Enemy:blue Time:45.00 area=own_protect_mid_robot_area
[INFO] [1772871268.492475059]: [BT] GetSentryCmd SUCCESS C:C G:TE B:P pos=(2.85,3.76)@own_protect_mid_robot_area Enemy:blue Time:45.00 area=own_protect_mid_robot_area desired=0 mode=3 acc_sec=16 degraded=0 change=0
[INFO] [1772871268.492662901]: [BT] SetPidPlannerParam SUCCESS C:C G:TE B:P pos=(2.85,3.76)@own_protect_mid_robot_area Enemy:blue Time:45.00
[INFO] [1772871268.492742919]: [BT] GetChassisDecisions SUCCESS C:C G:TE B:P pos=(2.85,3.76)@own_protect_mid_robot_area Enemy:blue Time:45.00
[INFO] [1772871268.502148739]: [BT] SendChassisCommand SUCCESS C:C G:TE B:P pos=(2.85,3.76)@own_protect_mid_robot_area Enemy:blue Time:45.00
[INFO] [1772871268.502232930]: [BT] GetGimbalDecisions SUCCESS C:C G:TE B:P pos=(2.85,3.76)@own_protect_mid_robot_area Enemy:blue Time:45.00
[INFO] [1772871268.502289171]: [BT] SendGimbalCommand SUCCESS C:C G:TE B:P pos=(2.85,3.76)@own_protect_mid_robot_area Enemy:blue Time:45.00
[INFO] [1772871268.502331518]: [BT] GetShooterDecisions SUCCESS C:C G:TE B:P pos=(2.85,3.76)@own_protect_mid_robot_area Enemy:blue Time:45.00
[INFO] [1772871268.502359139]: [BT] SendShooterCommand SUCCESS C:C G:TE B:P pos=(2.85,3.76)@own_protect_mid_robot_area Enemy:blue Time:45.00
[INFO] [1772871269.001735121]: [BT] OutputRightSwitchState SUCCESS C:C G:TE B:P pos=(2.85,3.76)@own_protect_mid_robot_area Enemy:blue Time:47.00 switch=auto state=auto
[INFO] [1772871269.001830966]: [BT] ReviveIfDead SUCCESS C:C G:TE B:P pos=(2.85,3.76)@own_protect_mid_robot_area Enemy:blue Time:47.00 revive=done
[INFO] [1772871269.001872968]: [BT] GetPresentTime SUCCESS C:C G:TE B:P pos=(2.85,3.76)@own_protect_mid_robot_area Enemy:blue Time:47.00
[INFO] [1772871269.001928717]: [BT] GetPosInMap SUCCESS C:C G:TE B:P pos=(2.85,3.76)@own_protect_mid_robot_area Enemy:blue Time:47.00
[INFO] [1772871269.001970727]: [BT] GetPolygonInWhich SUCCESS C:C G:TE B:P pos=(2.85,3.76)@own_protect_mid_robot_area Enemy:blue Time:47.00 area=own_protect_mid_robot_area
[INFO] [1772871269.002108525]: [BT] GetSentryCmd SUCCESS C:C G:TE B:P pos=(2.85,3.76)@own_protect_mid_robot_area Enemy:blue Time:47.00 area=own_protect_mid_robot_area desired=0 mode=3 acc_sec=17 degraded=0 change=0
[INFO] [1772871269.002268911]: [BT] SetPidPlannerParam SUCCESS C:C G:TE B:P pos=(2.85,3.76)@own_protect_mid_robot_area Enemy:blue Time:47.00
[INFO] [1772871269.002362976]: [BT] GetChassisDecisions SUCCESS C:C G:TE B:P pos=(2.85,3.76)@own_protect_mid_robot_area Enemy:blue Time:47.00
[INFO] [1772871269.002406680]: [BT] SendChassisCommand SUCCESS C:C G:TE B:P pos=(2.85,3.76)@own_protect_mid_robot_area Enemy:blue Time:47.00
[INFO] [1772871269.002446540]: [BT] GetGimbalDecisions SUCCESS C:C G:TE B:P pos=(2.85,3.76)@own_protect_mid_robot_area Enemy:blue Time:47.00
[INFO] [1772871269.002503527]: [BT] SendGimbalCommand SUCCESS C:C G:TE B:P pos=(2.85,3.76)@own_protect_mid_robot_area Enemy:blue Time:47.00
[INFO] [1772871269.002546451]: [BT] GetShooterDecisions SUCCESS C:C G:TE B:P pos=(2.85,3.76)@own_protect_mid_robot_area Enemy:blue Time:47.00
[INFO] [1772871269.002590521]: [BT] SendShooterCommand SUCCESS C:C G:TE B:P pos=(2.85,3.76)@own_protect_mid_robot_area Enemy:blue Time:47.00
[INFO] [1772871269.511919584]: [BT] OutputRightSwitchState SUCCESS C:C G:TE B:P pos=(2.85,3.76)@own_protect_mid_robot_area Enemy:blue Time:48.00 switch=auto state=auto
[INFO] [1772871269.512039384]: [BT] ReviveIfDead SUCCESS C:C G:TE B:P pos=(2.85,3.76)@own_protect_mid_robot_area Enemy:blue Time:48.00 revive=done
[INFO] [1772871269.512086132]: [BT] GetPresentTime SUCCESS C:C G:TE B:P pos=(2.85,3.76)@own_protect_mid_robot_area Enemy:blue Time:48.00
[INFO] [1772871269.512149626]: [BT] GetPosInMap SUCCESS C:C G:TE B:P pos=(2.85,3.76)@own_protect_mid_robot_area Enemy:blue Time:48.00
[INFO] [1772871269.512192950]: [BT] GetPolygonInWhich SUCCESS C:C G:TE B:P pos=(2.85,3.76)@own_protect_mid_robot_area Enemy:blue Time:48.00 area=own_protect_mid_robot_area
[INFO] [1772871269.512239788]: [BT] GetSentryCmd SUCCESS C:C G:TE B:P pos=(2.85,3.76)@own_protect_mid_robot_area Enemy:blue Time:48.00 area=own_protect_mid_robot_area desired=0 mode=3 acc_sec=17 degraded=0 change=0
[INFO] [1772871269.512407187]: [BT] SetPidPlannerParam SUCCESS C:C G:TE B:P pos=(2.85,3.76)@own_protect_mid_robot_area Enemy:blue Time:48.00
[INFO] [1772871269.512493946]: [BT] GetChassisDecisions SUCCESS C:C G:TE B:P pos=(2.85,3.76)@own_protect_mid_robot_area Enemy:blue Time:48.00
[INFO] [1772871269.512536888]: [BT] SendChassisCommand SUCCESS C:C G:TE B:P pos=(2.85,3.76)@own_protect_mid_robot_area Enemy:blue Time:48.00
[INFO] [1772871269.512580214]: [BT] GetGimbalDecisions SUCCESS C:C G:TE B:P pos=(2.85,3.76)@own_protect_mid_robot_area Enemy:blue Time:48.00
[INFO] [1772871269.512622648]: [BT] SendGimbalCommand SUCCESS C:C G:TE B:P pos=(2.85,3.76)@own_protect_mid_robot_area Enemy:blue Time:48.00
[INFO] [1772871269.512661223]: [BT] GetShooterDecisions SUCCESS C:C G:TE B:P pos=(2.85,3.76)@own_protect_mid_robot_area Enemy:blue Time:48.00
[INFO] [1772871269.512743159]: [BT] SendShooterCommand SUCCESS C:C G:TE B:P pos=(2.85,3.76)@own_protect_mid_robot_area Enemy:blue Time:48.00
[INFO] [1772871270.011947067]: [BT] OutputRightSwitchState SUCCESS C:C G:TE B:P pos=(2.85,3.76)@own_protect_mid_robot_area Enemy:blue Time:50.00 switch=auto state=auto
[INFO] [1772871270.012053112]: [BT] ReviveIfDead SUCCESS C:C G:TE B:P pos=(2.85,3.76)@own_protect_mid_robot_area Enemy:blue Time:50.00 revive=done
[INFO] [1772871270.012099271]: [BT] GetPresentTime SUCCESS C:C G:TE B:P pos=(2.85,3.76)@own_protect_mid_robot_area Enemy:blue Time:50.00
[INFO] [1772871270.012159536]: [BT] GetPosInMap SUCCESS C:C G:TE B:P pos=(2.85,3.76)@own_protect_mid_robot_area Enemy:blue Time:50.00
[INFO] [1772871270.012207797]: [BT] GetPolygonInWhich SUCCESS C:C G:TE B:P pos=(2.85,3.76)@own_protect_mid_robot_area Enemy:blue Time:50.00 area=own_protect_mid_robot_area
[INFO] [1772871270.012257758]: [BT] GetSentryCmd SUCCESS C:C G:TE B:P pos=(2.85,3.76)@own_protect_mid_robot_area Enemy:blue Time:50.00 area=own_protect_mid_robot_area desired=0 mode=3 acc_sec=18 degraded=0 change=0
[INFO] [1772871270.012576548]: [BT] SetPidPlannerParam SUCCESS C:C G:TE B:P pos=(2.85,3.76)@own_protect_mid_robot_area Enemy:blue Time:50.00
[INFO] [1772871270.012664873]: [BT] GetChassisDecisions SUCCESS C:C G:TE B:P pos=(2.85,3.76)@own_protect_mid_robot_area Enemy:blue Time:50.00
[INFO] [1772871270.015189217]: [BT] SendChassisCommand SUCCESS C:C G:TE B:P pos=(2.85,3.76)@own_protect_mid_robot_area Enemy:blue Time:50.00
[INFO] [1772871270.015318104]: [BT] GetGimbalDecisions SUCCESS C:C G:TE B:P pos=(2.85,3.76)@own_protect_mid_robot_area Enemy:blue Time:50.00
[INFO] [1772871270.015377900]: [BT] SendGimbalCommand SUCCESS C:C G:TE B:P pos=(2.85,3.76)@own_protect_mid_robot_area Enemy:blue Time:50.00
[INFO] [1772871270.015421937]: [BT] GetShooterDecisions SUCCESS C:C G:TE B:P pos=(2.85,3.76)@own_protect_mid_robot_area Enemy:blue Time:50.00
[INFO] [1772871270.015493936]: [BT] SendShooterCommand SUCCESS C:C G:TE B:P pos=(2.85,3.76)@own_protect_mid_robot_area Enemy:blue Time:50.00
[INFO] [1772871270.511995194]: [BT] OutputRightSwitchState SUCCESS C:C G:TE B:P pos=(2.85,3.76)@own_protect_mid_robot_area Enemy:blue Time:51.00 switch=auto state=auto
[INFO] [1772871270.512126879]: [BT] ReviveIfDead SUCCESS C:C G:TE B:P pos=(2.85,3.76)@own_protect_mid_robot_area Enemy:blue Time:51.00 revive=done
[INFO] [1772871270.512178198]: [BT] GetPresentTime SUCCESS C:C G:TE B:P pos=(2.85,3.76)@own_protect_mid_robot_area Enemy:blue Time:51.00
[INFO] [1772871270.512247176]: [BT] GetPosInMap SUCCESS C:C G:TE B:P pos=(2.85,3.76)@own_protect_mid_robot_area Enemy:blue Time:51.00
[INFO] [1772871270.512316534]: [BT] GetPolygonInWhich SUCCESS C:C G:TE B:P pos=(2.85,3.76)@own_protect_mid_robot_area Enemy:blue Time:51.00 area=own_protect_mid_robot_area
[INFO] [1772871270.512365719]: [BT] GetSentryCmd SUCCESS C:C G:TE B:P pos=(2.85,3.76)@own_protect_mid_robot_area Enemy:blue Time:51.00 area=own_protect_mid_robot_area desired=0 mode=3 acc_sec=18 degraded=0 change=0
[INFO] [1772871270.512586052]: [BT] SetPidPlannerParam SUCCESS C:C G:TE B:P pos=(2.85,3.76)@own_protect_mid_robot_area Enemy:blue Time:51.00
[INFO] [1772871270.512672893]: [BT] GetChassisDecisions SUCCESS C:C G:TE B:P pos=(2.85,3.76)@own_protect_mid_robot_area Enemy:blue Time:51.00
[INFO] [1772871270.522116885]: [BT] SendChassisCommand SUCCESS C:C G:TE B:P pos=(2.85,3.76)@own_protect_mid_robot_area Enemy:blue Time:51.00
[INFO] [1772871270.522253333]: [BT] GetGimbalDecisions SUCCESS C:C G:TE B:P pos=(2.85,3.76)@own_protect_mid_robot_area Enemy:blue Time:51.00
[INFO] [1772871270.522344290]: [BT] SendGimbalCommand SUCCESS C:C G:TE B:P pos=(2.85,3.76)@own_protect_mid_robot_area Enemy:blue Time:51.00
[INFO] [1772871270.522394201]: [BT] GetShooterDecisions SUCCESS C:C G:TE B:P pos=(2.85,3.76)@own_protect_mid_robot_area Enemy:blue Time:51.00
[INFO] [1772871270.522454349]: [BT] SendShooterCommand SUCCESS C:C G:TE B:P pos=(2.85,3.76)@own_protect_mid_robot_area Enemy:blue Time:51.00
[INFO] [1772871271.012011848]: [BT] OutputRightSwitchState SUCCESS C:C G:TE B:P pos=(2.85,3.76)@own_protect_mid_robot_area Enemy:blue Time:53.00 switch=auto state=auto
[INFO] [1772871271.012133028]: [BT] ReviveIfDead SUCCESS C:C G:TE B:P pos=(2.85,3.76)@own_protect_mid_robot_area Enemy:blue Time:53.00 revive=done
[INFO] [1772871271.012216916]: [BT] GetPresentTime SUCCESS C:C G:TE B:P pos=(2.85,3.76)@own_protect_mid_robot_area Enemy:blue Time:53.00
[INFO] [1772871271.012286993]: [BT] GetPosInMap SUCCESS C:C G:TE B:P pos=(2.85,3.76)@own_protect_mid_robot_area Enemy:blue Time:53.00
[INFO] [1772871271.012349674]: [BT] GetPolygonInWhich SUCCESS C:C G:TE B:P pos=(2.85,3.76)@own_protect_mid_robot_area Enemy:blue Time:53.00 area=own_protect_mid_robot_area
[INFO] [1772871271.012401308]: [BT] GetSentryCmd SUCCESS C:C G:TE B:P pos=(2.85,3.76)@own_protect_mid_robot_area Enemy:blue Time:53.00 area=own_protect_mid_robot_area desired=0 mode=3 acc_sec=19 degraded=0 change=0
[INFO] [1772871271.012607431]: [BT] SetPidPlannerParam SUCCESS C:C G:TE B:P pos=(2.85,3.7[WARN] [1772871271.922478886]: action not connect
6)@own_protect_mid_robot_area Enemy:blue Time:53.00
[INFO] [1772871271.012762245]: [BT] GetChassisDecisions SUCCESS C:C G:TE B:P pos=(2.85,3.76)@own_protect_mid_robot_area Enemy:blue Time:53.00
[INFO] [1772871271.032339064]: [BT] SendChassisCommand SUCCESS C:C G:TE B:P pos=(2.85,3.76)@own_protect_mid_robot_area Enemy:blue Time:53.00
[INFO] [1772871271.032467973]: [BT] GetGimbalDecisions SUCCESS C:C G:TE B:P pos=(2.85,3.76)@own_protect_mid_robot_area Enemy:blue Time:53.00
[INFO] [1772871271.032528323]: [BT] SendGimbalCommand SUCCESS C:C G:TE B:P pos=(2.85,3.76)@own_protect_mid_robot_area Enemy:blue Time:53.00
[INFO] [1772871271.032573847]: [BT] GetShooterDecisions SUCCESS C:C G:TE B:P pos=(2.85,3.76)@own_protect_mid_robot_area Enemy:blue Time:53.00
[INFO] [1772871271.032623672]: [BT] SendShooterCommand SUCCESS C:C G:TE B:P pos=(2.85,3.76)@own_protect_mid_robot_area Enemy:blue Time:53.00
[INFO] [1772871271.521790513]: [BT] OutputRightSwitchState SUCCESS C:C G:TE B:P pos=(2.85,3.76)@own_protect_mid_robot_area Enemy:blue Time:54.00 switch=auto state=auto
[INFO] [1772871271.521943323]: [BT] ReviveIfDead SUCCESS C:C G:TE B:P pos=(2.85,3.76)@own_protect_mid_robot_area Enemy:blue Time:54.00 revive=done
[INFO] [1772871271.522014515]: [BT] GetPresentTime SUCCESS C:C G:TE B:P pos=(2.85,3.76)@own_protect_mid_robot_area Enemy:blue Time:54.00
[INFO] [1772871271.522086714]: [BT] GetPosInMap SUCCESS C:C G:TE B:P pos=(2.85,3.76)@own_protect_mid_robot_area Enemy:blue Time:54.00
[INFO] [1772871271.522130383]: [BT] GetPolygonInWhich SUCCESS C:C G:TE B:P pos=(2.85,3.76)@own_protect_mid_robot_area Enemy:blue Time:54.00 area=own_protect_mid_robot_area
[INFO] [1772871271.522180083]: [BT] GetSentryCmd SUCCESS C:C G:TE B:P pos=(2.85,3.76)@own_protect_mid_robot_area Enemy:blue Time:54.00 area=own_protect_mid_robot_area desired=0 mode=3 acc_sec=19 degraded=0 change=0
[INFO] [1772871271.522368727]: [BT] SetPidPlannerParam SUCCESS C:C G:TE B:P pos=(2.85,3.76)@own_protect_mid_robot_area Enemy:blue Time:54.00
[INFO] [1772871271.522636186]: [BT] GetChassisDecisions SUCCESS C:C G:TE B:P pos=(2.85,3.76)@own_protect_mid_robot_area Enemy:blue Time:54.00
[INFO] [1772871271.542058248]: [BT] SendChassisCommand SUCCESS C:C G:TE B:P pos=(2.85,3.76)@own_protect_mid_robot_area Enemy:blue Time:54.00
[INFO] [1772871271.542168848]: [BT] GetGimbalDecisions SUCCESS C:C G:TE B:P pos=(2.85,3.76)@own_protect_mid_robot_area Enemy:blue Time:54.00
[INFO] [1772871271.542222471]: [BT] SendGimbalCommand SUCCESS C:C G:TE B:P pos=(2.85,3.76)@own_protect_mid_robot_area Enemy:blue Time:54.00
[INFO] [1772871271.542265577]: [BT] GetShooterDecisions SUCCESS C:C G:TE B:P pos=(2.85,3.76)@own_protect_mid_robot_area Enemy:blue Time:54.00
[INFO] [1772871271.542349696]: [BT] SendShooterCommand SUCCESS C:C G:TE B:P pos=(2.85,3.76)@own_protect_mid_robot_area Enemy:blue Time:54.00
[INFO] [1772871271.912274920]: Present time:56 C:AMR G:TE B:P staying_area_name: own_protect_mid_robot_area
[INFO] [1772871272.030735473]: [BT] OutputRightSwitchState SUCCESS C:AMR G:TE B:P pos=(2.85,3.76)@own_protect_mid_robot_area Enemy:blue Time:56.00 switch=auto state=auto
[INFO] [1772871272.030841966]: [BT] ReviveIfDead SUCCESS C:AMR G:TE B:P pos=(2.85,3.76)@own_protect_mid_robot_area Enemy:blue Time:56.00 revive=done
[INFO] [1772871272.030913342]: [BT] GetPresentTime SUCCESS C:AMR G:TE B:P pos=(2.85,3.76)@own_protect_mid_robot_area Enemy:blue Time:56.00
[INFO] [1772871272.031004894]: [BT] GetPosInMap SUCCESS C:AMR G:TE B:P pos=(2.85,3.76)@own_protect_mid_robot_area Enemy:blue Time:56.00
[INFO] [1772871272.031054355]: [BT] GetPolygonInWhich SUCCESS C:AMR G:TE B:P pos=(2.85,3.76)@own_protect_mid_robot_area Enemy:blue Time:56.00 area=own_protect_mid_robot_area
[INFO] [1772871272.031106264]: [BT] GetSentryCmd SUCCESS C:AMR G:TE B:P pos=(2.85,3.76)@own_protect_mid_robot_area Enemy:blue Time:56.00 area=own_protect_mid_robot_area desired=0 mode=3 acc_sec=20 degraded=0 change=0
[INFO] [1772871272.031287931]: [BT] SetPidPlannerParam SUCCESS C:AMR G:TE B:P pos=(2.85,3.76)@own_protect_mid_robot_area Enemy:blue Time:56.00
[WARN] [1772871272.428708174]: action not connect
[WARN] [1772871272.931339371]: action not connect
[INFO] [1772871272.031391562]: [BT] GetChassisDecisions SUCCESS C:AMR G:TE B:P pos=(2.85,3.76)@own_protect_mid_robot_area Enemy:blue Time:56.00
[INFO] [1772871272.052418912]: [BT] SendChassisCommand SUCCESS C:AMR G:TE B:P pos=(2.85,3.76)@own_protect_mid_robot_area Enemy:blue Time:56.00
[INFO] [1772871272.052547671]: [BT] GetGimbalDecisions SUCCESS C:AMR G:TE B:P pos=(2.85,3.76)@own_protect_mid_robot_area Enemy:blue Time:56.00
[INFO] [1772871272.052601055]: [BT] SendGimbalCommand SUCCESS C:AMR G:TE B:P pos=(2.85,3.76)@own_protect_mid_robot_area Enemy:blue Time:56.00
[INFO] [1772871272.052641936]: [BT] GetShooterDecisions SUCCESS C:AMR G:TE B:P pos=(2.85,3.76)@own_protect_mid_robot_area Enemy:blue Time:56.00
[INFO] [1772871272.052688579]: [BT] SendShooterCommand SUCCESS C:AMR G:TE B:P pos=(2.85,3.76)@own_protect_mid_robot_area Enemy:blue Time:56.00
[INFO] [1772871272.536710012]: [BT] OutputRightSwitchState SUCCESS C:AMR G:TE B:P pos=(2.85,3.76)@own_protect_mid_robot_area Enemy:blue Time:57.00 switch=auto state=auto
[INFO] [1772871272.536805436]: [BT] ReviveIfDead SUCCESS C:AMR G:TE B:P pos=(2.85,3.76)@own_protect_mid_robot_area Enemy:blue Time:57.00 revive=done
[INFO] [1772871272.536846585]: [BT] GetPresentTime SUCCESS C:AMR G:TE B:P pos=(2.85,3.76)@own_protect_mid_robot_area Enemy:blue Time:57.00
[INFO] [1772871272.536913535]: [BT] GetPosInMap SUCCESS C:AMR G:TE B:P pos=(2.85,3.76)@own_protect_mid_robot_area Enemy:blue Time:57.00
[INFO] [1772871272.536963643]: [BT] GetPolygonInWhich SUCCESS C:AMR G:TE B:P pos=(2.85,3.76)@own_protect_mid_robot_area Enemy:blue Time:57.00 area=own_protect_mid_robot_area
[INFO] [1772871272.537004726]: [BT] GetSentryCmd SUCCESS C:AMR G:TE B:P pos=(2.85,3.76)@own_protect_mid_robot_area Enemy:blue Time:57.00 area=own_protect_mid_robot_area desired=0 mode=3 acc_sec=20 degraded=0 change=0
[INFO] [1772871272.537166322]: [BT] SetPidPlannerParam SUCCESS C:AMR G:TE B:P pos=(2.85,3.76)@own_protect_mid_robot_area Enemy:blue Time:57.00
[INFO] [1772871272.537231196]: [BT] GetChassisDecisions SUCCESS C:AMR G:TE B:P pos=(2.85,3.76)@own_protect_mid_robot_area Enemy:blue Time:57.00
[INFO] [1772871272.558164660]: [BT] SendChassisCommand SUCCESS C:AMR G:TE B:P pos=(2.85,3.76)@own_protect_mid_robot_area Enemy:blue Time:57.00
[INFO] [1772871272.558304020]: [BT] GetGimbalDecisions SUCCESS C:AMR G:TE B:P pos=(2.85,3.76)@own_protect_mid_robot_area Enemy:blue Time:57.00
[INFO] [1772871272.558363942]: [BT] SendGimbalCommand SUCCESS C:AMR G:TE B:P pos=(2.85,3.76)@own_protect_mid_robot_area Enemy:blue Time:57.00
[INFO] [1772871272.558411939]: [BT] GetShooterDecisions SUCCESS C:AMR G:TE B:P pos=(2.85,3.76)@own_protect_mid_robot_area Enemy:blue Time:57.00
[INFO] [1772871272.558490317]: [BT] SendShooterCommand SUCCESS C:AMR G:TE B:P pos=(2.85,3.76)@own_protect_mid_robot_area Enemy:blue Time:57.00
[INFO] [1772871273.038754321]: [BT] OutputRightSwitchState SUCCESS C:AMR G:TE B:P pos=(2.85,3.76)@own_protect_mid_robot_area Enemy:blue Time:59.00 switch=auto state=auto
[INFO] [1772871273.038835840]: [BT] ReviveIfDead SUCCESS C:AMR G:TE B:P pos=(2.85,3.76)@own_protect_mid_robot_area Enemy:blue Time:59.00 revive=done
[INFO] [1772871273.038871117]: [BT] GetPresentTime SUCCESS C:AMR G:TE B:P pos=(2.85,3.76)@own_protect_mid_robot_area Enemy:blue Time:59.00
[INFO] [1772871273.038929981]: [BT] GetPosInMap SUCCESS C:AMR G:TE B:P pos=(2.85,3.76)@own_protect_mid_robot_area Enemy:blue Time:59.00
[INFO] [1772871273.038963505]: [BT] GetPolygonInWhich SUCCESS C:AMR G:TE B:P pos=(2.85,3.76)@own_protect_mid_robot_area Enemy:blue Time:59.00 area=own_protect_mid_robot_area
[INFO] [1772871273.039003626]: [BT] GetSentryCmd SUCCESS C:AMR G:TE B:P pos=(2.85,3.76)@own_protect_mid_robot_area Enemy:blue Time:59.00 area=own_protect_mid_robot_area desired=0 mode=3 acc_sec=21 degraded=0 change=0
[INFO] [1772871273.039177076]: [BT] SetPidPlannerParam SUCCESS C:AMR G:TE B:P pos=(2.85,3.76)@own_protect_mid_robot_area Enemy:blue Time:59.00
[INFO] [1772871273.039243653]: [BT] GetChassisDecisions SUCCESS C:AMR G:TE B:P pos=(2.85,3.76)@own_protect_mid_robot_area [WARN] [1772871273.435367107]: action not connect
[WARN] [1772871273.942899674]: action not connect
Enemy:blue Time:59.00
[INFO] [1772871273.060302079]: [BT] SendChassisCommand SUCCESS C:AMR G:TE B:P pos=(2.85,3.76)@own_protect_mid_robot_area Enemy:blue Time:59.00
[INFO] [1772871273.060443185]: [BT] GetGimbalDecisions SUCCESS C:AMR G:TE B:P pos=(2.85,3.76)@own_protect_mid_robot_area Enemy:blue Time:59.00
[INFO] [1772871273.060496809]: [BT] SendGimbalCommand SUCCESS C:AMR G:TE B:P pos=(2.85,3.76)@own_protect_mid_robot_area Enemy:blue Time:59.00
[INFO] [1772871273.060545443]: [BT] GetShooterDecisions SUCCESS C:AMR G:TE B:P pos=(2.85,3.76)@own_protect_mid_robot_area Enemy:blue Time:59.00
[INFO] [1772871273.060595410]: [BT] SendShooterCommand SUCCESS C:AMR G:TE B:P pos=(2.85,3.76)@own_protect_mid_robot_area Enemy:blue Time:59.00
[INFO] [1772871273.543727488]: [BT] OutputRightSwitchState SUCCESS C:AMR G:TE B:P pos=(2.85,3.76)@own_protect_mid_robot_area Enemy:blue Time:60.00 switch=auto state=auto
[INFO] [1772871273.543846603]: [BT] ReviveIfDead SUCCESS C:AMR G:TE B:P pos=(2.85,3.76)@own_protect_mid_robot_area Enemy:blue Time:60.00 revive=done
[INFO] [1772871273.543892595]: [BT] GetPresentTime SUCCESS C:AMR G:TE B:P pos=(2.85,3.76)@own_protect_mid_robot_area Enemy:blue Time:60.00
[INFO] [1772871273.543964564]: [BT] GetPosInMap SUCCESS C:AMR G:TE B:P pos=(2.85,3.76)@own_protect_mid_robot_area Enemy:blue Time:60.00
[INFO] [1772871273.544004060]: [BT] GetPolygonInWhich SUCCESS C:AMR G:TE B:P pos=(2.85,3.76)@own_protect_mid_robot_area Enemy:blue Time:60.00 area=own_protect_mid_robot_area
[INFO] [1772871273.544046222]: [BT] GetSentryCmd SUCCESS C:AMR G:TE B:P pos=(2.85,3.76)@own_protect_mid_robot_area Enemy:blue Time:60.00 area=own_protect_mid_robot_area desired=0 mode=3 acc_sec=21 degraded=0 change=0
[INFO] [1772871273.544255195]: [BT] SetPidPlannerParam SUCCESS C:AMR G:TE B:P pos=(2.85,3.76)@own_protect_mid_robot_area Enemy:blue Time:60.00
[INFO] [1772871273.544336389]: [BT] GetChassisDecisions SUCCESS C:AMR G:TE B:P pos=(2.85,3.76)@own_protect_mid_robot_area Enemy:blue Time:60.00
[INFO] [1772871273.565551281]: [BT] SendChassisCommand SUCCESS C:AMR G:TE B:P pos=(2.85,3.76)@own_protect_mid_robot_area Enemy:blue Time:60.00
[INFO] [1772871273.565707131]: [BT] GetGimbalDecisions SUCCESS C:AMR G:TE B:P pos=(2.85,3.76)@own_protect_mid_robot_area Enemy:blue Time:60.00
[INFO] [1772871273.565789500]: [BT] SendGimbalCommand SUCCESS C:AMR G:TE B:P pos=(2.85,3.76)@own_protect_mid_robot_area Enemy:blue Time:60.00
[INFO] [1772871273.565848206]: [BT] GetShooterDecisions SUCCESS C:AMR G:TE B:P pos=(2.85,3.76)@own_protect_mid_robot_area Enemy:blue Time:60.00
[INFO] [1772871273.565948480]: [BT] SendShooterCommand SUCCESS C:AMR G:TE B:P pos=(2.85,3.76)@own_protect_mid_robot_area Enemy:blue Time:60.00
[INFO] [1772871274.050945504]: [BT] OutputRightSwitchState SUCCESS C:AMR G:TE B:P pos=(2.85,3.76)@own_protect_mid_robot_area Enemy:blue Time:62.00 switch=auto state=auto
[INFO] [1772871274.051038820]: [BT] ReviveIfDead SUCCESS C:AMR G:TE B:P pos=(2.85,3.76)@own_protect_mid_robot_area Enemy:blue Time:62.00 revive=done
[INFO] [1772871274.051079601]: [BT] GetPresentTime SUCCESS C:AMR G:TE B:P pos=(2.85,3.76)@own_protect_mid_robot_area Enemy:blue Time:62.00
[INFO] [1772871274.051137007]: [BT] GetPosInMap SUCCESS C:AMR G:TE B:P pos=(2.85,3.76)@own_protect_mid_robot_area Enemy:blue Time:62.00
[INFO] [1772871274.051184720]: [BT] GetPolygonInWhich SUCCESS C:AMR G:TE B:P pos=(2.85,3.76)@own_protect_mid_robot_area Enemy:blue Time:62.00 area=own_protect_mid_robot_area
[INFO] [1772871274.051233624]: [BT] GetSentryCmd SUCCESS C:AMR G:TE B:P pos=(2.85,3.76)@own_protect_mid_robot_area Enemy:blue Time:62.00 area=own_protect_mid_robot_area desired=0 mode=3 acc_sec=22 degraded=0 change=0
[INFO] [1772871274.051415862]: [BT] SetPidPlannerParam SUCCESS C:AMR G:TE B:P pos=(2.85,3.76)@own_protect_mid_robot_area Enemy:blue Time:62.00
[INFO] [1772871274.051478894]: [BT] GetChassisDecisions SUCCESS C:AMR G:TE B:P pos=(2.85,3.76)@own_protect_mid_robot_area Enemy:blue Time:62.00
[INFO] [1772871274.072337345]: [BT] SendChassisCommand SUCCESS C:AMR G:TE B:P pos=(2.85,3.76)@own_pr[WARN] [1772871274.446774252]: action not connect
[WARN] [1772871274.951250678]: action not connect
otect_mid_robot_area Enemy:blue Time:62.00
[INFO] [1772871274.072498131]: [BT] GetGimbalDecisions SUCCESS C:AMR G:TE B:P pos=(2.85,3.76)@own_protect_mid_robot_area Enemy:blue Time:62.00
[INFO] [1772871274.072546961]: [BT] SendGimbalCommand SUCCESS C:AMR G:TE B:P pos=(2.85,3.76)@own_protect_mid_robot_area Enemy:blue Time:62.00
[INFO] [1772871274.072580675]: [BT] GetShooterDecisions SUCCESS C:AMR G:TE B:P pos=(2.85,3.76)@own_protect_mid_robot_area Enemy:blue Time:62.00
[INFO] [1772871274.072639915]: [BT] SendShooterCommand SUCCESS C:AMR G:TE B:P pos=(2.85,3.76)@own_protect_mid_robot_area Enemy:blue Time:62.00
[INFO] [1772871274.554919315]: [BT] OutputRightSwitchState SUCCESS C:AMR G:TE B:P pos=(2.85,3.76)@own_protect_mid_robot_area Enemy:blue Time:63.00 switch=auto state=auto
[INFO] [1772871274.555015412]: [BT] ReviveIfDead SUCCESS C:AMR G:TE B:P pos=(2.85,3.76)@own_protect_mid_robot_area Enemy:blue Time:63.00 revive=done
[INFO] [1772871274.555057491]: [BT] GetPresentTime SUCCESS C:AMR G:TE B:P pos=(2.85,3.76)@own_protect_mid_robot_area Enemy:blue Time:63.00
[INFO] [1772871274.555119296]: [BT] GetPosInMap SUCCESS C:AMR G:TE B:P pos=(2.85,3.76)@own_protect_mid_robot_area Enemy:blue Time:63.00
[INFO] [1772871274.555187976]: [BT] GetPolygonInWhich SUCCESS C:AMR G:TE B:P pos=(2.85,3.76)@own_protect_mid_robot_area Enemy:blue Time:63.00 area=own_protect_mid_robot_area
[INFO] [1772871274.555240705]: [BT] GetSentryCmd SUCCESS C:AMR G:TE B:P pos=(2.85,3.76)@own_protect_mid_robot_area Enemy:blue Time:63.00 area=own_protect_mid_robot_area desired=0 mode=3 acc_sec=22 degraded=0 change=0
[INFO] [1772871274.555495847]: [BT] SetPidPlannerParam SUCCESS C:AMR G:TE B:P pos=(2.85,3.76)@own_protect_mid_robot_area Enemy:blue Time:63.00
[INFO] [1772871274.555566823]: [BT] GetChassisDecisions SUCCESS C:AMR G:TE B:P pos=(2.85,3.76)@own_protect_mid_robot_area Enemy:blue Time:63.00
[INFO] [1772871274.576448447]: [BT] SendChassisCommand SUCCESS C:AMR G:TE B:P pos=(2.85,3.76)@own_protect_mid_robot_area Enemy:blue Time:63.00
[INFO] [1772871274.576599451]: [BT] GetGimbalDecisions SUCCESS C:AMR G:TE B:P pos=(2.85,3.76)@own_protect_mid_robot_area Enemy:blue Time:63.00
[INFO] [1772871274.576677566]: [BT] SendGimbalCommand SUCCESS C:AMR G:TE B:P pos=(2.85,3.76)@own_protect_mid_robot_area Enemy:blue Time:63.00
[INFO] [1772871274.576814156]: [BT] GetShooterDecisions SUCCESS C:AMR G:TE B:P pos=(2.85,3.76)@own_protect_mid_robot_area Enemy:blue Time:63.00
[INFO] [1772871274.576863702]: [BT] SendShooterCommand SUCCESS C:AMR G:TE B:P pos=(2.85,3.76)@own_protect_mid_robot_area Enemy:blue Time:63.00
[INFO] [1772871275.058670619]: [BT] OutputRightSwitchState SUCCESS C:AMR G:TE B:P pos=(2.85,3.76)@own_protect_mid_robot_area Enemy:blue Time:65.00 switch=auto state=auto
[INFO] [1772871275.058773342]: [BT] ReviveIfDead SUCCESS C:AMR G:TE B:P pos=(2.85,3.76)@own_protect_mid_robot_area Enemy:blue Time:65.00 revive=done
[INFO] [1772871275.058830538]: [BT] GetPresentTime SUCCESS C:AMR G:TE B:P pos=(2.85,3.76)@own_protect_mid_robot_area Enemy:blue Time:65.00
[INFO] [1772871275.058898701]: [BT] GetPosInMap SUCCESS C:AMR G:TE B:P pos=(2.85,3.76)@own_protect_mid_robot_area Enemy:blue Time:65.00
[INFO] [1772871275.058942608]: [BT] GetPolygonInWhich SUCCESS C:AMR G:TE B:P pos=(2.85,3.76)@own_protect_mid_robot_area Enemy:blue Time:65.00 area=own_protect_mid_robot_area
[INFO] [1772871275.058993526]: [BT] GetSentryCmd SUCCESS C:AMR G:TE B:P pos=(2.85,3.76)@own_protect_mid_robot_area Enemy:blue Time:65.00 area=own_protect_mid_robot_area desired=0 mode=3 acc_sec=23 degraded=0 change=0
[INFO] [1772871275.059156329]: [BT] SetPidPlannerParam SUCCESS C:AMR G:TE B:P pos=(2.85,3.76)@own_protect_mid_robot_area Enemy:blue Time:65.00
[INFO] [1772871275.059277113]: [BT] GetChassisDecisions SUCCESS C:AMR G:TE B:P pos=(2.85,3.76)@own_protect_mid_robot_area Enemy:blue Time:65.00
[INFO] [1772871275.080161464]: [BT] SendChassisCommand SUCCESS C:AMR G:TE B:P pos=(2.85,3.76)@own_protect_mid_robot_area Enemy:blue Time:65.00
[INFO] [1772871275.080317979]: [BT] GetGimbalDecisions SUCCESS C:AMR G:TE B:P p[WARN] [1772871275.455195511]: action not connect
[WARN] [1772871275.958865993]: action not connect
os=(2.85,3.76)@own_protect_mid_robot_area Enemy:blue Time:65.00
[INFO] [1772871275.080457496]: [BT] SendGimbalCommand SUCCESS C:AMR G:TE B:P pos=(2.85,3.76)@own_protect_mid_robot_area Enemy:blue Time:65.00
[INFO] [1772871275.080509597]: [BT] GetShooterDecisions SUCCESS C:AMR G:TE B:P pos=(2.85,3.76)@own_protect_mid_robot_area Enemy:blue Time:65.00
[INFO] [1772871275.080555974]: [BT] SendShooterCommand SUCCESS C:AMR G:TE B:P pos=(2.85,3.76)@own_protect_mid_robot_area Enemy:blue Time:65.00
[INFO] [1772871275.562070900]: [BT] OutputRightSwitchState SUCCESS C:AMR G:TE B:P pos=(2.85,3.76)@own_protect_mid_robot_area Enemy:blue Time:66.00 switch=auto state=auto
[INFO] [1772871275.562165309]: [BT] ReviveIfDead SUCCESS C:AMR G:TE B:P pos=(2.85,3.76)@own_protect_mid_robot_area Enemy:blue Time:66.00 revive=done
[INFO] [1772871275.562204658]: [BT] GetPresentTime SUCCESS C:AMR G:TE B:P pos=(2.85,3.76)@own_protect_mid_robot_area Enemy:blue Time:66.00
[INFO] [1772871275.562261971]: [BT] GetPosInMap SUCCESS C:AMR G:TE B:P pos=(2.85,3.76)@own_protect_mid_robot_area Enemy:blue Time:66.00
[INFO] [1772871275.562310529]: [BT] GetPolygonInWhich SUCCESS C:AMR G:TE B:P pos=(2.85,3.76)@own_protect_mid_robot_area Enemy:blue Time:66.00 area=own_protect_mid_robot_area
[INFO] [1772871275.562352256]: [BT] GetSentryCmd SUCCESS C:AMR G:TE B:P pos=(2.85,3.76)@own_protect_mid_robot_area Enemy:blue Time:66.00 area=own_protect_mid_robot_area desired=0 mode=3 acc_sec=23 degraded=0 change=0
[INFO] [1772871275.562600269]: [BT] SetPidPlannerParam SUCCESS C:AMR G:TE B:P pos=(2.85,3.76)@own_protect_mid_robot_area Enemy:blue Time:66.00
[INFO] [1772871275.562680016]: [BT] GetChassisDecisions SUCCESS C:AMR G:TE B:P pos=(2.85,3.76)@own_protect_mid_robot_area Enemy:blue Time:66.00
[INFO] [1772871275.583674518]: [BT] SendChassisCommand SUCCESS C:AMR G:TE B:P pos=(2.85,3.76)@own_protect_mid_robot_area Enemy:blue Time:66.00
[INFO] [1772871275.583795517]: [BT] GetGimbalDecisions SUCCESS C:AMR G:TE B:P pos=(2.85,3.76)@own_protect_mid_robot_area Enemy:blue Time:66.00
[INFO] [1772871275.583877607]: [BT] SendGimbalCommand SUCCESS C:AMR G:TE B:P pos=(2.85,3.76)@own_protect_mid_robot_area Enemy:blue Time:66.00
[INFO] [1772871275.583921310]: [BT] GetShooterDecisions SUCCESS C:AMR G:TE B:P pos=(2.85,3.76)@own_protect_mid_robot_area Enemy:blue Time:66.00
[INFO] [1772871275.583964843]: [BT] SendShooterCommand SUCCESS C:AMR G:TE B:P pos=(2.85,3.76)@own_protect_mid_robot_area Enemy:blue Time:66.00
[INFO] [1772871276.066700965]: [BT] OutputRightSwitchState SUCCESS C:AMR G:TE B:P pos=(2.85,3.76)@own_protect_mid_robot_area Enemy:blue Time:68.00 switch=auto state=auto
[INFO] [1772871276.066784801]: [BT] ReviveIfDead SUCCESS C:AMR G:TE B:P pos=(2.85,3.76)@own_protect_mid_robot_area Enemy:blue Time:68.00 revive=done
[INFO] [1772871276.066822900]: [BT] GetPresentTime SUCCESS C:AMR G:TE B:P pos=(2.85,3.76)@own_protect_mid_robot_area Enemy:blue Time:68.00
[INFO] [1772871276.066878291]: [BT] GetPosInMap SUCCESS C:AMR G:TE B:P pos=(2.85,3.76)@own_protect_mid_robot_area Enemy:blue Time:68.00
[INFO] [1772871276.066914162]: [BT] GetPolygonInWhich SUCCESS C:AMR G:TE B:P pos=(2.85,3.76)@own_protect_mid_robot_area Enemy:blue Time:68.00 area=own_protect_mid_robot_area
[INFO] [1772871276.066955197]: [BT] GetSentryCmd SUCCESS C:AMR G:TE B:P pos=(2.85,3.76)@own_protect_mid_robot_area Enemy:blue Time:68.00 area=own_protect_mid_robot_area desired=0 mode=3 acc_sec=24 degraded=0 change=0
[INFO] [1772871276.067099873]: [BT] SetPidPlannerParam SUCCESS C:AMR G:TE B:P pos=(2.85,3.76)@own_protect_mid_robot_area Enemy:blue Time:68.00
[INFO] [1772871276.067160612]: [BT] GetChassisDecisions SUCCESS C:AMR G:TE B:P pos=(2.85,3.76)@own_protect_mid_robot_area Enemy:blue Time:68.00
[INFO] [1772871276.088237922]: [BT] SendChassisCommand SUCCESS C:AMR G:TE B:P pos=(2.85,3.76)@own_protect_mid_robot_area Enemy:blue Time:68.00
[INFO] [1772871276.088368357]: [BT] GetGimbalDecisions SUCCESS C:AMR G:TE B:P pos=(2.85,3.76)@own_protect_mid_robot_area Enemy:blue Time:68.00
[INFO] [1772871276.088437353]: [BT] SendGimbalCommand SUCC[WARN] [1772871276.462212787]: action not connect
[WARN] [1772871276.924705165]: "yaw" passed to lookupTransform argument source_frame does not exist. 
[WARN] [1772871276.924760842]: "yaw" passed to lookupTransform argument target_frame does not exist. 
[WARN] [1772871276.967582432]: action not connect
ESS C:AMR G:TE B:P pos=(2.85,3.76)@own_protect_mid_robot_area Enemy:blue Time:68.00
[INFO] [1772871276.088535098]: [BT] GetShooterDecisions SUCCESS C:AMR G:TE B:P pos=(2.85,3.76)@own_protect_mid_robot_area Enemy:blue Time:68.00
[INFO] [1772871276.088598169]: [BT] SendShooterCommand SUCCESS C:AMR G:TE B:P pos=(2.85,3.76)@own_protect_mid_robot_area Enemy:blue Time:68.00
[INFO] [1772871276.569478789]: [BT] OutputRightSwitchState SUCCESS C:AMR G:TE B:P pos=(2.85,3.76)@own_protect_mid_robot_area Enemy:blue Time:69.00 switch=auto state=auto
[INFO] [1772871276.569575822]: [BT] ReviveIfDead SUCCESS C:AMR G:TE B:P pos=(2.85,3.76)@own_protect_mid_robot_area Enemy:blue Time:69.00 revive=done
[INFO] [1772871276.569617551]: [BT] GetPresentTime SUCCESS C:AMR G:TE B:P pos=(2.85,3.76)@own_protect_mid_robot_area Enemy:blue Time:69.00
[INFO] [1772871276.569684414]: [BT] GetPosInMap SUCCESS C:AMR G:TE B:P pos=(2.85,3.76)@own_protect_mid_robot_area Enemy:blue Time:69.00
[INFO] [1772871276.569728246]: [BT] GetPolygonInWhich SUCCESS C:AMR G:TE B:P pos=(2.85,3.76)@own_protect_mid_robot_area Enemy:blue Time:69.00 area=own_protect_mid_robot_area
[INFO] [1772871276.569772278]: [BT] GetSentryCmd SUCCESS C:AMR G:TE B:P pos=(2.85,3.76)@own_protect_mid_robot_area Enemy:blue Time:69.00 area=own_protect_mid_robot_area desired=0 mode=3 acc_sec=24 degraded=0 change=0
[INFO] [1772871276.569966774]: [BT] SetPidPlannerParam SUCCESS C:AMR G:TE B:P pos=(2.85,3.76)@own_protect_mid_robot_area Enemy:blue Time:69.00
[INFO] [1772871276.570034033]: [BT] GetChassisDecisions SUCCESS C:AMR G:TE B:P pos=(2.85,3.76)@own_protect_mid_robot_area Enemy:blue Time:69.00
[INFO] [1772871276.591141586]: [BT] SendChassisCommand SUCCESS C:AMR G:TE B:P pos=(2.85,3.76)@own_protect_mid_robot_area Enemy:blue Time:69.00
[INFO] [1772871276.591277194]: [BT] GetGimbalDecisions SUCCESS C:AMR G:TE B:P pos=(2.85,3.76)@own_protect_mid_robot_area Enemy:blue Time:69.00
[INFO] [1772871276.591345745]: [BT] SendGimbalCommand SUCCESS C:AMR G:TE B:P pos=(2.85,3.76)@own_protect_mid_robot_area Enemy:blue Time:69.00
[INFO] [1772871276.591394234]: [BT] GetShooterDecisions SUCCESS C:AMR G:TE B:P pos=(2.85,3.76)@own_protect_mid_robot_area Enemy:blue Time:69.00
[INFO] [1772871276.591445103]: [BT] SendShooterCommand SUCCESS C:AMR G:TE B:P pos=(2.85,3.76)@own_protect_mid_robot_area Enemy:blue Time:69.00
[INFO] [1772871276.924568683]: Present time:71 C:AMR G:FSE B:P
[INFO] [1772871276.924849224]: Present time:71 Chassis:AMR Gimbal:FSE Booster:R
[INFO] [1772871277.075661000]: [BT] OutputRightSwitchState SUCCESS C:AMR G:FSE B:R pos=(2.85,3.76)@own_protect_mid_robot_area Enemy:blue Time:71.00 switch=auto state=auto
[INFO] [1772871277.075732104]: [BT] ReviveIfDead SUCCESS C:AMR G:FSE B:R pos=(2.85,3.76)@own_protect_mid_robot_area Enemy:blue Time:71.00 revive=done
[INFO] [1772871277.075757543]: [BT] GetPresentTime SUCCESS C:AMR G:FSE B:R pos=(2.85,3.76)@own_protect_mid_robot_area Enemy:blue Time:71.00
[INFO] [1772871277.075795831]: [BT] GetPosInMap SUCCESS C:AMR G:FSE B:R pos=(2.85,3.76)@own_protect_mid_robot_area Enemy:blue Time:71.00
[INFO] [1772871277.075820497]: [BT] GetPolygonInWhich SUCCESS C:AMR G:FSE B:R pos=(2.85,3.76)@own_protect_mid_robot_area Enemy:blue Time:71.00 area=own_protect_mid_robot_area
[INFO] [1772871277.075845457]: [BT] GetSentryCmd SUCCESS C:AMR G:FSE B:R pos=(2.85,3.76)@own_protect_mid_robot_area Enemy:blue Time:71.00 area=own_protect_mid_robot_area desired=0 mode=3 acc_sec=25 degraded=0 change=0
[INFO] [1772871277.075948397]: [BT] SetPidPlannerParam SUCCESS C:AMR G:FSE B:R pos=(2.85,3.76)@own_protect_mid_robot_area Enemy:blue Time:71.00
[INFO] [1772871277.075977249]: [BT] GetChassisDecisions SUCCESS C:AMR G:FSE B:R pos=(2.85,3.76)@own_protect_mid_robot_area Enemy:blue Time:71.00
[INFO] [1772871277.096862482]: [BT] SendChassisCommand SUCCESS C:AMR G:FSE B:R pos=(2.85,3.76)@own_protect_mid_robot_area Enemy:blue Time:71.00
[INFO] [1772871277.096967677]: [BT] GetGimbalDecisions SUCCESS C:AMR G:FSE B:R pos=(2.85,3.76)@own_protect_mid_robot_area Enemy:blue Time:71.00
[INFO] [1772871277.09709913[WARN] [1772871277.431555561]: "yaw" passed to lookupTransform argument source_frame does not exist. 
[WARN] [1772871277.431690339]: "yaw" passed to lookupTransform argument target_frame does not exist. 
[WARN] [1772871277.474608711]: action not connect
[WARN] [1772871277.941117157]: "yaw" passed to lookupTransform argument source_frame does not exist. 
[WARN] [1772871277.941217566]: "yaw" passed to lookupTransform argument target_frame does not exist. 
[WARN] [1772871277.983924330]: action not connect
2]: [BT] SendGimbalCommand SUCCESS C:AMR G:FSE B:R pos=(2.85,3.76)@own_protect_mid_robot_area Enemy:blue Time:71.00
[INFO] [1772871277.097202410]: [BT] GetShooterDecisions SUCCESS C:AMR G:FSE B:R pos=(2.85,3.76)@own_protect_mid_robot_area Enemy:blue Time:71.00
[INFO] [1772871277.097255703]: [BT] SendShooterCommand SUCCESS C:AMR G:FSE B:R pos=(2.85,3.76)@own_protect_mid_robot_area Enemy:blue Time:71.00
[INFO] [1772871277.583303585]: [BT] OutputRightSwitchState SUCCESS C:AMR G:FSE B:R pos=(2.85,3.76)@own_protect_mid_robot_area Enemy:blue Time:73.00 switch=auto state=auto
[INFO] [1772871277.583427653]: [BT] ReviveIfDead SUCCESS C:AMR G:FSE B:R pos=(2.85,3.76)@own_protect_mid_robot_area Enemy:blue Time:73.00 revive=done
[INFO] [1772871277.583471694]: [BT] GetPresentTime SUCCESS C:AMR G:FSE B:R pos=(2.85,3.76)@own_protect_mid_robot_area Enemy:blue Time:73.00
[INFO] [1772871277.583524459]: [BT] GetPosInMap SUCCESS C:AMR G:FSE B:R pos=(2.85,3.76)@own_protect_mid_robot_area Enemy:blue Time:73.00
[INFO] [1772871277.583563002]: [BT] GetPolygonInWhich SUCCESS C:AMR G:FSE B:R pos=(2.85,3.76)@own_protect_mid_robot_area Enemy:blue Time:73.00 area=own_protect_mid_robot_area
[INFO] [1772871277.583607226]: [BT] GetSentryCmd SUCCESS C:AMR G:FSE B:R pos=(2.85,3.76)@own_protect_mid_robot_area Enemy:blue Time:73.00 area=own_protect_mid_robot_area desired=0 mode=3 acc_sec=25 degraded=0 change=0
[INFO] [1772871277.583782817]: [BT] SetPidPlannerParam SUCCESS C:AMR G:FSE B:R pos=(2.85,3.76)@own_protect_mid_robot_area Enemy:blue Time:73.00
[INFO] [1772871277.583842098]: [BT] GetChassisDecisions SUCCESS C:AMR G:FSE B:R pos=(2.85,3.76)@own_protect_mid_robot_area Enemy:blue Time:73.00
[INFO] [1772871277.604993085]: [BT] SendChassisCommand SUCCESS C:AMR G:FSE B:R pos=(2.85,3.76)@own_protect_mid_robot_area Enemy:blue Time:73.00
[INFO] [1772871277.605096829]: [BT] GetGimbalDecisions SUCCESS C:AMR G:FSE B:R pos=(2.85,3.76)@own_protect_mid_robot_area Enemy:blue Time:73.00
[INFO] [1772871277.605224101]: [BT] SendGimbalCommand SUCCESS C:AMR G:FSE B:R pos=(2.85,3.76)@own_protect_mid_robot_area Enemy:blue Time:73.00
[INFO] [1772871277.605259206]: [BT] GetShooterDecisions SUCCESS C:AMR G:FSE B:R pos=(2.85,3.76)@own_protect_mid_robot_area Enemy:blue Time:73.00
[INFO] [1772871277.605311022]: [BT] SendShooterCommand SUCCESS C:AMR G:FSE B:R pos=(2.85,3.76)@own_protect_mid_robot_area Enemy:blue Time:73.00
[INFO] [1772871278.091649281]: [BT] OutputRightSwitchState SUCCESS C:AMR G:FSE B:R pos=(2.85,3.76)@own_protect_mid_robot_area Enemy:blue Time:74.00 switch=auto state=auto
[INFO] [1772871278.091716842]: [BT] ReviveIfDead SUCCESS C:AMR G:FSE B:R pos=(2.85,3.76)@own_protect_mid_robot_area Enemy:blue Time:74.00 revive=done
[INFO] [1772871278.091747185]: [BT] GetPresentTime SUCCESS C:AMR G:FSE B:R pos=(2.85,3.76)@own_protect_mid_robot_area Enemy:blue Time:74.00
[INFO] [1772871278.091792391]: [BT] GetPosInMap SUCCESS C:AMR G:FSE B:R pos=(2.85,3.76)@own_protect_mid_robot_area Enemy:blue Time:74.00
[INFO] [1772871278.091828249]: [BT] GetPolygonInWhich SUCCESS C:AMR G:FSE B:R pos=(2.85,3.76)@own_protect_mid_robot_area Enemy:blue Time:74.00 area=own_protect_mid_robot_area
[INFO] [1772871278.091866527]: [BT] GetSentryCmd SUCCESS C:AMR G:FSE B:R pos=(2.85,3.76)@own_protect_mid_robot_area Enemy:blue Time:74.00 area=own_protect_mid_robot_area desired=0 mode=3 acc_sec=26 degraded=0 change=0
[INFO] [1772871278.091990928]: [BT] SetPidPlannerParam SUCCESS C:AMR G:FSE B:R pos=(2.85,3.76)@own_protect_mid_robot_area Enemy:blue Time:74.00
[INFO] [1772871278.092039843]: [BT] GetChassisDecisions SUCCESS C:AMR G:FSE B:R pos=(2.85,3.76)@own_protect_mid_robot_area Enemy:blue Time:74.00
[INFO] [1772871278.112944734]: [BT] SendChassisCommand SUCCESS C:AMR G:FSE B:R pos=(2.85,3.76)@own_protect_mid_robot_area Enemy:blue Time:74.00
[INFO] [1772871278.113043104]: [BT] GetGimbalDecisions SUCCESS C:AMR G:FSE B:R pos=(2.85,3.76)@own_protect_mid_robot_area Enemy:blue Time:74.00
[INFO] [1772871278.113158698]: [BT] SendGimbalCommand SUCCESS C:AMR G:FSE B:R pos=(2.85,3.76)@own_protect_mid_robot_area En[WARN] [1772871278.446791942]: "yaw" passed to lookupTransform argument source_frame does not exist. 
[WARN] [1772871278.446911755]: "yaw" passed to lookupTransform argument target_frame does not exist. 
[WARN] [1772871278.489776908]: action not connect
[WARN] [1772871278.956257510]: "yaw" passed to lookupTransform argument source_frame does not exist. 
[WARN] [1772871278.956418075]: "yaw" passed to lookupTransform argument target_frame does not exist. 
[WARN] [1772871279.000774096]: action not connect
emy:blue Time:74.00
[INFO] [1772871278.113229511]: [BT] GetShooterDecisions SUCCESS C:AMR G:FSE B:R pos=(2.85,3.76)@own_protect_mid_robot_area Enemy:blue Time:74.00
[INFO] [1772871278.113285189]: [BT] SendShooterCommand SUCCESS C:AMR G:FSE B:R pos=(2.85,3.76)@own_protect_mid_robot_area Enemy:blue Time:74.00
[INFO] [1772871278.597042248]: [BT] OutputRightSwitchState SUCCESS C:AMR G:FSE B:R pos=(2.85,3.76)@own_protect_mid_robot_area Enemy:blue Time:75.00 switch=auto state=auto
[INFO] [1772871278.597143172]: [BT] ReviveIfDead SUCCESS C:AMR G:FSE B:R pos=(2.85,3.76)@own_protect_mid_robot_area Enemy:blue Time:75.00 revive=done
[INFO] [1772871278.597185567]: [BT] GetPresentTime SUCCESS C:AMR G:FSE B:R pos=(2.85,3.76)@own_protect_mid_robot_area Enemy:blue Time:76.00
[INFO] [1772871278.597248045]: [BT] GetPosInMap SUCCESS C:AMR G:FSE B:R pos=(2.85,3.76)@own_protect_mid_robot_area Enemy:blue Time:76.00
[INFO] [1772871278.597288930]: [BT] GetPolygonInWhich SUCCESS C:AMR G:FSE B:R pos=(2.85,3.76)@own_protect_mid_robot_area Enemy:blue Time:76.00 area=own_protect_mid_robot_area
[INFO] [1772871278.597345635]: [BT] GetSentryCmd SUCCESS C:AMR G:FSE B:R pos=(2.85,3.76)@own_protect_mid_robot_area Enemy:blue Time:76.00 area=own_protect_mid_robot_area desired=0 mode=3 acc_sec=26 degraded=0 change=0
[INFO] [1772871278.597508205]: [BT] SetPidPlannerParam SUCCESS C:AMR G:FSE B:R pos=(2.85,3.76)@own_protect_mid_robot_area Enemy:blue Time:76.00
[INFO] [1772871278.597569261]: [BT] GetChassisDecisions SUCCESS C:AMR G:FSE B:R pos=(2.85,3.76)@own_protect_mid_robot_area Enemy:blue Time:76.00
[INFO] [1772871278.618573164]: [BT] SendChassisCommand SUCCESS C:AMR G:FSE B:R pos=(2.85,3.76)@own_protect_mid_robot_area Enemy:blue Time:76.00
[INFO] [1772871278.618663385]: [BT] GetGimbalDecisions SUCCESS C:AMR G:FSE B:R pos=(2.85,3.76)@own_protect_mid_robot_area Enemy:blue Time:76.00
[INFO] [1772871278.618777646]: [BT] SendGimbalCommand SUCCESS C:AMR G:FSE B:R pos=(2.85,3.76)@own_protect_mid_robot_area Enemy:blue Time:76.00
[INFO] [1772871278.618806405]: [BT] GetShooterDecisions SUCCESS C:AMR G:FSE B:R pos=(2.85,3.76)@own_protect_mid_robot_area Enemy:blue Time:76.00
[INFO] [1772871278.618840659]: [BT] SendShooterCommand SUCCESS C:AMR G:FSE B:R pos=(2.85,3.76)@own_protect_mid_robot_area Enemy:blue Time:76.00
[INFO] [1772871279.097983928]: [BT] OutputRightSwitchState SUCCESS C:AMR G:FSE B:R pos=(2.85,3.76)@own_protect_mid_robot_area Enemy:blue Time:77.00 switch=auto state=auto
[INFO] [1772871279.098103367]: [BT] ReviveIfDead SUCCESS C:AMR G:FSE B:R pos=(2.85,3.76)@own_protect_mid_robot_area Enemy:blue Time:77.00 revive=done
[INFO] [1772871279.098151304]: [BT] GetPresentTime SUCCESS C:AMR G:FSE B:R pos=(2.85,3.76)@own_protect_mid_robot_area Enemy:blue Time:77.00
[INFO] [1772871279.098218318]: [BT] GetPosInMap SUCCESS C:AMR G:FSE B:R pos=(2.85,3.76)@own_protect_mid_robot_area Enemy:blue Time:77.00
[INFO] [1772871279.098263689]: [BT] GetPolygonInWhich SUCCESS C:AMR G:FSE B:R pos=(2.85,3.76)@own_protect_mid_robot_area Enemy:blue Time:77.00 area=own_protect_mid_robot_area
[INFO] [1772871279.098324998]: [BT] GetSentryCmd SUCCESS C:AMR G:FSE B:R pos=(2.85,3.76)@own_protect_mid_robot_area Enemy:blue Time:77.00 area=own_protect_mid_robot_area desired=0 mode=3 acc_sec=27 degraded=0 change=0
[INFO] [1772871279.098497601]: [BT] SetPidPlannerParam SUCCESS C:AMR G:FSE B:R pos=(2.85,3.76)@own_protect_mid_robot_area Enemy:blue Time:77.00
[INFO] [1772871279.098555937]: [BT] GetChassisDecisions SUCCESS C:AMR G:FSE B:R pos=(2.85,3.76)@own_protect_mid_robot_area Enemy:blue Time:77.00
[INFO] [1772871279.119680043]: [BT] SendChassisCommand SUCCESS C:AMR G:FSE B:R pos=(2.85,3.76)@own_protect_mid_robot_area Enemy:blue Time:77.00
[INFO] [1772871279.119759989]: [BT] GetGimbalDecisions SUCCESS C:AMR G:FSE B:R pos=(2.85,3.76)@own_protect_mid_robot_area Enemy:blue Time:77.00
[INFO] [1772871279.119853078]: [BT] SendGimbalCommand SUCCESS C:AMR G:FSE B:R pos=(2.85,3.76)@own_protect_mid_robot_area Enemy:blue Time:77.00
[INFO] [1772871279.119887710]: [BT] GetShooterDecisions SUCCESS C:AMR G:FSE [WARN] [1772871279.465359597]: "yaw" passed to lookupTransform argument source_frame does not exist. 
[WARN] [1772871279.465442099]: "yaw" passed to lookupTransform argument target_frame does not exist. 
[WARN] [1772871279.508074681]: action not connect
[WARN] [1772871279.974938272]: "yaw" passed to lookupTransform argument source_frame does not exist. 
[WARN] [1772871279.975009816]: "yaw" passed to lookupTransform argument target_frame does not exist. 
[WARN] [1772871280.017849447]: action not connect
B:R pos=(2.85,3.76)@own_protect_mid_robot_area Enemy:blue Time:77.00
[INFO] [1772871279.119946607]: [BT] SendShooterCommand SUCCESS C:AMR G:FSE B:R pos=(2.85,3.76)@own_protect_mid_robot_area Enemy:blue Time:77.00
[INFO] [1772871279.605427364]: [BT] OutputRightSwitchState SUCCESS C:AMR G:FSE B:R pos=(2.85,3.76)@own_protect_mid_robot_area Enemy:blue Time:79.00 switch=auto state=auto
[INFO] [1772871279.605527327]: [BT] ReviveIfDead SUCCESS C:AMR G:FSE B:R pos=(2.85,3.76)@own_protect_mid_robot_area Enemy:blue Time:79.00 revive=done
[INFO] [1772871279.605600294]: [BT] GetPresentTime SUCCESS C:AMR G:FSE B:R pos=(2.85,3.76)@own_protect_mid_robot_area Enemy:blue Time:79.00
[INFO] [1772871279.605663709]: [BT] GetPosInMap SUCCESS C:AMR G:FSE B:R pos=(2.85,3.76)@own_protect_mid_robot_area Enemy:blue Time:79.00
[INFO] [1772871279.605728122]: [BT] GetPolygonInWhich SUCCESS C:AMR G:FSE B:R pos=(2.85,3.76)@own_protect_mid_robot_area Enemy:blue Time:79.00 area=own_protect_mid_robot_area
[INFO] [1772871279.605783379]: [BT] GetSentryCmd SUCCESS C:AMR G:FSE B:R pos=(2.85,3.76)@own_protect_mid_robot_area Enemy:blue Time:79.00 area=own_protect_mid_robot_area desired=0 mode=3 acc_sec=27 degraded=0 change=0
[INFO] [1772871279.605973306]: [BT] SetPidPlannerParam SUCCESS C:AMR G:FSE B:R pos=(2.85,3.76)@own_protect_mid_robot_area Enemy:blue Time:79.00
[INFO] [1772871279.606034653]: [BT] GetChassisDecisions SUCCESS C:AMR G:FSE B:R pos=(2.85,3.76)@own_protect_mid_robot_area Enemy:blue Time:79.00
[INFO] [1772871279.627313635]: [BT] SendChassisCommand SUCCESS C:AMR G:FSE B:R pos=(2.85,3.76)@own_protect_mid_robot_area Enemy:blue Time:79.00
[INFO] [1772871279.627441073]: [BT] GetGimbalDecisions SUCCESS C:AMR G:FSE B:R pos=(2.85,3.76)@own_protect_mid_robot_area Enemy:blue Time:79.00
[INFO] [1772871279.627591346]: [BT] SendGimbalCommand SUCCESS C:AMR G:FSE B:R pos=(2.85,3.76)@own_protect_mid_robot_area Enemy:blue Time:79.00
[INFO] [1772871279.627636990]: [BT] GetShooterDecisions SUCCESS C:AMR G:FSE B:R pos=(2.85,3.76)@own_protect_mid_robot_area Enemy:blue Time:79.00
[INFO] [1772871279.627690287]: [BT] SendShooterCommand SUCCESS C:AMR G:FSE B:R pos=(2.85,3.76)@own_protect_mid_robot_area Enemy:blue Time:79.00
[INFO] [1772871280.115829661]: [BT] OutputRightSwitchState SUCCESS C:AMR G:FSE B:R pos=(2.85,3.76)@own_protect_mid_robot_area Enemy:blue Time:80.00 switch=auto state=auto
[INFO] [1772871280.115913637]: [BT] ReviveIfDead SUCCESS C:AMR G:FSE B:R pos=(2.85,3.76)@own_protect_mid_robot_area Enemy:blue Time:80.00 revive=done
[INFO] [1772871280.115946302]: [BT] GetPresentTime SUCCESS C:AMR G:FSE B:R pos=(2.85,3.76)@own_protect_mid_robot_area Enemy:blue Time:80.00
[INFO] [1772871280.115997718]: [BT] GetPosInMap SUCCESS C:AMR G:FSE B:R pos=(2.85,3.76)@own_protect_mid_robot_area Enemy:blue Time:80.00
[INFO] [1772871280.116031111]: [BT] GetPolygonInWhich SUCCESS C:AMR G:FSE B:R pos=(2.85,3.76)@own_protect_mid_robot_area Enemy:blue Time:80.00 area=own_protect_mid_robot_area
[INFO] [1772871280.116069007]: [BT] GetSentryCmd SUCCESS C:AMR G:FSE B:R pos=(2.85,3.76)@own_protect_mid_robot_area Enemy:blue Time:80.00 area=own_protect_mid_robot_area desired=0 mode=3 acc_sec=28 degraded=0 change=0
[INFO] [1772871280.116218520]: [BT] SetPidPlannerParam SUCCESS C:AMR G:FSE B:R pos=(2.85,3.76)@own_protect_mid_robot_area Enemy:blue Time:80.00
[INFO] [1772871280.116265308]: [BT] GetChassisDecisions SUCCESS C:AMR G:FSE B:R pos=(2.85,3.76)@own_protect_mid_robot_area Enemy:blue Time:80.00
[INFO] [1772871280.137233738]: [BT] SendChassisCommand SUCCESS C:AMR G:FSE B:R pos=(2.85,3.76)@own_protect_mid_robot_area Enemy:blue Time:80.00
[INFO] [1772871280.137342466]: [BT] GetGimbalDecisions SUCCESS C:AMR G:FSE B:R pos=(2.85,3.76)@own_protect_mid_robot_area Enemy:blue Time:80.00
[INFO] [1772871280.137469563]: [BT] SendGimbalCommand SUCCESS C:AMR G:FSE B:R pos=(2.85,3.76)@own_protect_mid_robot_area Enemy:blue Time:80.00
[INFO] [1772871280.137501650]: [BT] GetShooterDecisions SUCCESS C:AMR G:FSE B:R pos=(2.85,3.76)@own_protect_mid_robot_area Enemy:blue Time:80.00
[INFO] [1772871280.13755396[WARN] [1772871280.483774017]: "yaw" passed to lookupTransform argument source_frame does not exist. 
[WARN] [1772871280.483854929]: "yaw" passed to lookupTransform argument target_frame does not exist. 
[WARN] [1772871280.526697469]: action not connect
[WARN] [1772871280.987741056]: "yaw" passed to lookupTransform argument source_frame does not exist. 
[WARN] [1772871280.987824306]: "yaw" passed to lookupTransform argument target_frame does not exist. 
[WARN] [1772871281.030252237]: action not connect
0]: [BT] SendShooterCommand SUCCESS C:AMR G:FSE B:R pos=(2.85,3.76)@own_protect_mid_robot_area Enemy:blue Time:80.00
[INFO] [1772871280.624526128]: [BT] OutputRightSwitchState SUCCESS C:AMR G:FSE B:R pos=(2.85,3.76)@own_protect_mid_robot_area Enemy:blue Time:82.00 switch=auto state=auto
[INFO] [1772871280.624609174]: [BT] ReviveIfDead SUCCESS C:AMR G:FSE B:R pos=(2.85,3.76)@own_protect_mid_robot_area Enemy:blue Time:82.00 revive=done
[INFO] [1772871280.624643540]: [BT] GetPresentTime SUCCESS C:AMR G:FSE B:R pos=(2.85,3.76)@own_protect_mid_robot_area Enemy:blue Time:82.00
[INFO] [1772871280.624693447]: [BT] GetPosInMap SUCCESS C:AMR G:FSE B:R pos=(2.85,3.76)@own_protect_mid_robot_area Enemy:blue Time:82.00
[INFO] [1772871280.624746840]: [BT] GetPolygonInWhich SUCCESS C:AMR G:FSE B:R pos=(2.85,3.76)@own_protect_mid_robot_area Enemy:blue Time:82.00 area=own_protect_mid_robot_area
[INFO] [1772871280.624786221]: [BT] GetSentryCmd SUCCESS C:AMR G:FSE B:R pos=(2.85,3.76)@own_protect_mid_robot_area Enemy:blue Time:82.00 area=own_protect_mid_robot_area desired=0 mode=3 acc_sec=28 degraded=0 change=0
[INFO] [1772871280.624921566]: [BT] SetPidPlannerParam SUCCESS C:AMR G:FSE B:R pos=(2.85,3.76)@own_protect_mid_robot_area Enemy:blue Time:82.00
[INFO] [1772871280.624967938]: [BT] GetChassisDecisions SUCCESS C:AMR G:FSE B:R pos=(2.85,3.76)@own_protect_mid_robot_area Enemy:blue Time:82.00
[INFO] [1772871280.645941418]: [BT] SendChassisCommand SUCCESS C:AMR G:FSE B:R pos=(2.85,3.76)@own_protect_mid_robot_area Enemy:blue Time:82.00
[INFO] [1772871280.646020713]: [BT] GetGimbalDecisions SUCCESS C:AMR G:FSE B:R pos=(2.85,3.76)@own_protect_mid_robot_area Enemy:blue Time:82.00
[INFO] [1772871280.646183924]: [BT] SendGimbalCommand SUCCESS C:AMR G:FSE B:R pos=(2.85,3.76)@own_protect_mid_robot_area Enemy:blue Time:82.00
[INFO] [1772871280.646257398]: [BT] GetShooterDecisions SUCCESS C:AMR G:FSE B:R pos=(2.85,3.76)@own_protect_mid_robot_area Enemy:blue Time:82.00
[INFO] [1772871280.646313271]: [BT] SendShooterCommand SUCCESS C:AMR G:FSE B:R pos=(2.85,3.76)@own_protect_mid_robot_area Enemy:blue Time:82.00
[INFO] [1772871281.127107574]: [BT] OutputRightSwitchState SUCCESS C:AMR G:FSE B:R pos=(2.85,3.76)@own_protect_mid_robot_area Enemy:blue Time:83.00 switch=auto state=auto
[INFO] [1772871281.127197015]: [BT] ReviveIfDead SUCCESS C:AMR G:FSE B:R pos=(2.85,3.76)@own_protect_mid_robot_area Enemy:blue Time:83.00 revive=done
[INFO] [1772871281.127240438]: [BT] GetPresentTime SUCCESS C:AMR G:FSE B:R pos=(2.85,3.76)@own_protect_mid_robot_area Enemy:blue Time:83.00
[INFO] [1772871281.127315030]: [BT] GetPosInMap SUCCESS C:AMR G:FSE B:R pos=(2.85,3.76)@own_protect_mid_robot_area Enemy:blue Time:83.00
[INFO] [1772871281.127357493]: [BT] GetPolygonInWhich SUCCESS C:AMR G:FSE B:R pos=(2.85,3.76)@own_protect_mid_robot_area Enemy:blue Time:83.00 area=own_protect_mid_robot_area
[INFO] [1772871281.127404180]: [BT] GetSentryCmd SUCCESS C:AMR G:FSE B:R pos=(2.85,3.76)@own_protect_mid_robot_area Enemy:blue Time:83.00 area=own_protect_mid_robot_area desired=0 mode=3 acc_sec=29 degraded=0 change=0
[INFO] [1772871281.127604508]: [BT] SetPidPlannerParam SUCCESS C:AMR G:FSE B:R pos=(2.85,3.76)@own_protect_mid_robot_area Enemy:blue Time:83.00
[INFO] [1772871281.127672407]: [BT] GetChassisDecisions SUCCESS C:AMR G:FSE B:R pos=(2.85,3.76)@own_protect_mid_robot_area Enemy:blue Time:83.00
[INFO] [1772871281.148796019]: [BT] SendChassisCommand SUCCESS C:AMR G:FSE B:R pos=(2.85,3.76)@own_protect_mid_robot_area Enemy:blue Time:83.00
[INFO] [1772871281.148904323]: [BT] GetGimbalDecisions SUCCESS C:AMR G:FSE B:R pos=(2.85,3.76)@own_protect_mid_robot_area Enemy:blue Time:83.00
[INFO] [1772871281.149045616]: [BT] SendGimbalCommand SUCCESS C:AMR G:FSE B:R pos=(2.85,3.76)@own_protect_mid_robot_area Enemy:blue Time:83.00
[INFO] [1772871281.149083181]: [BT] GetShooterDecisions SUCCESS C:AMR G:FSE B:R pos=(2.85,3.76)@own_protect_mid_robot_area Enemy:blue Time:83.00
[INFO] [1772871281.149129586]: [BT] SendShooterCommand SUCCESS C:AMR G:FSE B:R pos=(2.85,3.76)@own_protect_mid_robot_area E[WARN] [1772871281.492674977]: "yaw" passed to lookupTransform argument source_frame does not exist. 
[WARN] [1772871281.492779092]: "yaw" passed to lookupTransform argument target_frame does not exist. 
[WARN] [1772871281.535586817]: action not connect
[WARN] [1772871281.913011281]: "yaw" passed to lookupTransform argument source_frame does not exist. 
[WARN] [1772871281.999169761]: "yaw" passed to lookupTransform argument target_frame does not exist. 
[WARN] [1772871282.041742822]: action not connect
[WARN] [1772871282.418538241]: "yaw" passed to lookupTransform argument source_frame does not exist. 
[WARN] [1772871282.504821014]: "yaw" passed to lookupTransform argument target_frame does not exist. 
[WARN] [1772871282.547761462]: action not connect
nemy:blue Time:83.00
[INFO] [1772871281.633040431]: [BT] OutputRightSwitchState SUCCESS C:AMR G:FSE B:R pos=(2.85,3.76)@own_protect_mid_robot_area Enemy:blue Time:85.00 switch=auto state=auto
[INFO] [1772871281.633129242]: [BT] ReviveIfDead SUCCESS C:AMR G:FSE B:R pos=(2.85,3.76)@own_protect_mid_robot_area Enemy:blue Time:85.00 revive=done
[INFO] [1772871281.633169474]: [BT] GetPresentTime SUCCESS C:AMR G:FSE B:R pos=(2.85,3.76)@own_protect_mid_robot_area Enemy:blue Time:85.00
[INFO] [1772871281.633224942]: [BT] GetPosInMap SUCCESS C:AMR G:FSE B:R pos=(2.85,3.76)@own_protect_mid_robot_area Enemy:blue Time:85.00
[INFO] [1772871281.633264207]: [BT] GetPolygonInWhich SUCCESS C:AMR G:FSE B:R pos=(2.85,3.76)@own_protect_mid_robot_area Enemy:blue Time:85.00 area=own_protect_mid_robot_area
[INFO] [1772871281.633322689]: [BT] GetSentryCmd SUCCESS C:AMR G:FSE B:R pos=(2.85,3.76)@own_protect_mid_robot_area Enemy:blue Time:85.00 area=own_protect_mid_robot_area desired=0 mode=3 acc_sec=29 degraded=0 change=0
[INFO] [1772871281.633469539]: [BT] SetPidPlannerParam SUCCESS C:AMR G:FSE B:R pos=(2.85,3.76)@own_protect_mid_robot_area Enemy:blue Time:85.00
[INFO] [1772871281.633520442]: [BT] GetChassisDecisions SUCCESS C:AMR G:FSE B:R pos=(2.85,3.76)@own_protect_mid_robot_area Enemy:blue Time:85.00
[INFO] [1772871281.654431714]: [BT] SendChassisCommand SUCCESS C:AMR G:FSE B:R pos=(2.85,3.76)@own_protect_mid_robot_area Enemy:blue Time:85.00
[INFO] [1772871281.654535928]: [BT] GetGimbalDecisions SUCCESS C:AMR G:FSE B:R pos=(2.85,3.76)@own_protect_mid_robot_area Enemy:blue Time:85.00
[INFO] [1772871281.654661357]: [BT] SendGimbalCommand SUCCESS C:AMR G:FSE B:R pos=(2.85,3.76)@own_protect_mid_robot_area Enemy:blue Time:85.00
[INFO] [1772871281.654707129]: [BT] GetShooterDecisions SUCCESS C:AMR G:FSE B:R pos=(2.85,3.76)@own_protect_mid_robot_area Enemy:blue Time:85.00
[INFO] [1772871281.654752462]: [BT] SendShooterCommand SUCCESS C:AMR G:FSE B:R pos=(2.85,3.76)@own_protect_mid_robot_area Enemy:blue Time:85.00
[INFO] [1772871281.912881740]: Present time:85 C:AMR G:RSE B:R
[INFO] [1772871282.138629423]: [BT] OutputRightSwitchState SUCCESS C:AMR G:RSE B:R pos=(2.85,3.76)@own_protect_mid_robot_area Enemy:blue Time:86.00 switch=auto state=auto
[INFO] [1772871282.138731589]: [BT] ReviveIfDead SUCCESS C:AMR G:RSE B:R pos=(2.85,3.76)@own_protect_mid_robot_area Enemy:blue Time:86.00 revive=done
[INFO] [1772871282.138776915]: [BT] GetPresentTime SUCCESS C:AMR G:RSE B:R pos=(2.85,3.76)@own_protect_mid_robot_area Enemy:blue Time:86.00
[INFO] [1772871282.138831622]: [BT] GetPosInMap SUCCESS C:AMR G:RSE B:R pos=(2.85,3.76)@own_protect_mid_robot_area Enemy:blue Time:86.00
[INFO] [1772871282.138871260]: [BT] GetPolygonInWhich SUCCESS C:AMR G:RSE B:R pos=(2.85,3.76)@own_protect_mid_robot_area Enemy:blue Time:86.00 area=own_protect_mid_robot_area
[INFO] [1772871282.138912026]: [BT] GetSentryCmd SUCCESS C:AMR G:RSE B:R pos=(2.85,3.76)@own_protect_mid_robot_area Enemy:blue Time:86.00 area=own_protect_mid_robot_area desired=0 mode=3 acc_sec=30 degraded=0 change=0
[INFO] [1772871282.139056397]: [BT] SetPidPlannerParam SUCCESS C:AMR G:RSE B:R pos=(2.85,3.76)@own_protect_mid_robot_area Enemy:blue Time:86.00
[INFO] [1772871282.139107561]: [BT] GetChassisDecisions SUCCESS C:AMR G:RSE B:R pos=(2.85,3.76)@own_protect_mid_robot_area Enemy:blue Time:86.00
[INFO] [1772871282.160108907]: [BT] SendChassisCommand SUCCESS C:AMR G:RSE B:R pos=(2.85,3.76)@own_protect_mid_robot_area Enemy:blue Time:86.00
[INFO] [1772871282.160212718]: [BT] GetGimbalDecisions SUCCESS C:AMR G:RSE B:R pos=(2.85,3.76)@own_protect_mid_robot_area Enemy:blue Time:86.00
[INFO] [1772871282.160344375]: [BT] SendGimbalCommand SUCCESS C:AMR G:RSE B:R pos=(2.85,3.76)@own_protect_mid_robot_area Enemy:blue Time:86.00
[INFO] [1772871282.160391734]: [BT] GetShooterDecisions SUCCESS C:AMR G:RSE B:R pos=(2.85,3.76)@own_protect_mid_robot_area Enemy:blue Time:86.00
[INFO] [1772871282.160457570]: [BT] SendShooterCommand SUCCESS C:AMR G:RSE B:R pos=(2.85,3.76)@own_protect_mid_robot_area Enemy:blue Time:86.00
[INFO] [1772[WARN] [1772871282.924171404]: "yaw" passed to lookupTransform argument source_frame does not exist. 
[WARN] [1772871283.010329367]: "yaw" passed to lookupTransform argument target_frame does not exist. 
[WARN] [1772871283.053267915]: action not connect
[WARN] [1772871283.430013146]: "yaw" passed to lookupTransform argument source_frame does not exist. 
[WARN] [1772871283.515983500]: "yaw" passed to lookupTransform argument target_frame does not exist. 
[WARN] [1772871283.559089257]: action not connect
871282.644678776]: [BT] OutputRightSwitchState SUCCESS C:AMR G:RSE B:R pos=(2.85,3.76)@own_protect_mid_robot_area Enemy:blue Time:88.00 switch=auto state=auto
[INFO] [1772871282.644866556]: [BT] ReviveIfDead SUCCESS C:AMR G:RSE B:R pos=(2.85,3.76)@own_protect_mid_robot_area Enemy:blue Time:88.00 revive=done
[INFO] [1772871282.644917175]: [BT] GetPresentTime SUCCESS C:AMR G:RSE B:R pos=(2.85,3.76)@own_protect_mid_robot_area Enemy:blue Time:88.00
[INFO] [1772871282.644985346]: [BT] GetPosInMap SUCCESS C:AMR G:RSE B:R pos=(2.85,3.76)@own_protect_mid_robot_area Enemy:blue Time:88.00
[INFO] [1772871282.645031270]: [BT] GetPolygonInWhich SUCCESS C:AMR G:RSE B:R pos=(2.85,3.76)@own_protect_mid_robot_area Enemy:blue Time:88.00 area=own_protect_mid_robot_area
[INFO] [1772871282.645077764]: [BT] GetSentryCmd SUCCESS C:AMR G:RSE B:R pos=(2.85,3.76)@own_protect_mid_robot_area Enemy:blue Time:88.00 area=own_protect_mid_robot_area desired=0 mode=3 acc_sec=30 degraded=0 change=0
[INFO] [1772871282.645262228]: [BT] SetPidPlannerParam SUCCESS C:AMR G:RSE B:R pos=(2.85,3.76)@own_protect_mid_robot_area Enemy:blue Time:88.00
[INFO] [1772871282.645339687]: [BT] GetChassisDecisions SUCCESS C:AMR G:RSE B:R pos=(2.85,3.76)@own_protect_mid_robot_area Enemy:blue Time:88.00
[INFO] [1772871282.666373214]: [BT] SendChassisCommand SUCCESS C:AMR G:RSE B:R pos=(2.85,3.76)@own_protect_mid_robot_area Enemy:blue Time:88.00
[INFO] [1772871282.666509117]: [BT] GetGimbalDecisions SUCCESS C:AMR G:RSE B:R pos=(2.85,3.76)@own_protect_mid_robot_area Enemy:blue Time:88.00
[INFO] [1772871282.666629958]: [BT] SendGimbalCommand SUCCESS C:AMR G:RSE B:R pos=(2.85,3.76)@own_protect_mid_robot_area Enemy:blue Time:88.00
[INFO] [1772871282.666672302]: [BT] GetShooterDecisions SUCCESS C:AMR G:RSE B:R pos=(2.85,3.76)@own_protect_mid_robot_area Enemy:blue Time:88.00
[INFO] [1772871282.666717085]: [BT] SendShooterCommand SUCCESS C:AMR G:RSE B:R pos=(2.85,3.76)@own_protect_mid_robot_area Enemy:blue Time:88.00
[INFO] [1772871283.149855682]: [BT] OutputRightSwitchState SUCCESS C:AMR G:RSE B:R pos=(2.85,3.76)@own_protect_mid_robot_area Enemy:blue Time:89.00 switch=auto state=auto
[INFO] [1772871283.149950583]: [BT] ReviveIfDead SUCCESS C:AMR G:RSE B:R pos=(2.85,3.76)@own_protect_mid_robot_area Enemy:blue Time:89.00 revive=done
[INFO] [1772871283.149994160]: [BT] GetPresentTime SUCCESS C:AMR G:RSE B:R pos=(2.85,3.76)@own_protect_mid_robot_area Enemy:blue Time:89.00
[INFO] [1772871283.150043607]: [BT] GetPosInMap SUCCESS C:AMR G:RSE B:R pos=(2.85,3.76)@own_protect_mid_robot_area Enemy:blue Time:89.00
[INFO] [1772871283.150081320]: [BT] GetPolygonInWhich SUCCESS C:AMR G:RSE B:R pos=(2.85,3.76)@own_protect_mid_robot_area Enemy:blue Time:89.00 area=own_protect_mid_robot_area
[INFO] [1772871283.150121943]: [BT] GetSentryCmd SUCCESS C:AMR G:RSE B:R pos=(2.85,3.76)@own_protect_mid_robot_area Enemy:blue Time:89.00 area=own_protect_mid_robot_area desired=0 mode=3 acc_sec=31 degraded=0 change=0
[INFO] [1772871283.150274034]: [BT] SetPidPlannerParam SUCCESS C:AMR G:RSE B:R pos=(2.85,3.76)@own_protect_mid_robot_area Enemy:blue Time:89.00
[INFO] [1772871283.150333113]: [BT] GetChassisDecisions SUCCESS C:AMR G:RSE B:R pos=(2.85,3.76)@own_protect_mid_robot_area Enemy:blue Time:89.00
[INFO] [1772871283.171302691]: [BT] SendChassisCommand SUCCESS C:AMR G:RSE B:R pos=(2.85,3.76)@own_protect_mid_robot_area Enemy:blue Time:89.00
[INFO] [1772871283.171418921]: [BT] GetGimbalDecisions SUCCESS C:AMR G:RSE B:R pos=(2.85,3.76)@own_protect_mid_robot_area Enemy:blue Time:89.00
[INFO] [1772871283.171554279]: [BT] SendGimbalCommand SUCCESS C:AMR G:RSE B:R pos=(2.85,3.76)@own_protect_mid_robot_area Enemy:blue Time:89.00
[INFO] [1772871283.171650740]: [BT] GetShooterDecisions SUCCESS C:AMR G:RSE B:R pos=(2.85,3.76)@own_protect_mid_robot_area Enemy:blue Time:89.00
[INFO] [1772871283.171724524]: [BT] SendShooterCommand SUCCESS C:AMR G:RSE B:R pos=(2.85,3.76)@own_protect_mid_robot_area Enemy:blue Time:89.00
[INFO] [1772871283.656564813]: [BT] OutputRightSwitchState SUCCESS C:AMR G:RSE B:R pos=(0.00,0.00)@own_suppl[WARN] [1772871283.934608080]: "yaw" passed to lookupTransform argument source_frame does not exist. 
[WARN] [1772871284.021088056]: "yaw" passed to lookupTransform argument target_frame does not exist. 
[WARN] [1772871284.064129876]: action not connect
[WARN] [1772871284.439345996]: "yaw" passed to lookupTransform argument source_frame does not exist. 
[WARN] [1772871284.525159903]: "yaw" passed to lookupTransform argument target_frame does not exist. 
[WARN] [1772871284.567959608]: action not connect
y_area Enemy:blue Time:91.00 switch=auto state=auto
[INFO] [1772871283.656730296]: [BT] ReviveIfDead SUCCESS C:AMR G:RSE B:R pos=(0.00,0.00)@own_supply_area Enemy:blue Time:91.00 revive=done
[INFO] [1772871283.656780582]: [BT] GetPresentTime SUCCESS C:AMR G:RSE B:R pos=(0.00,0.00)@own_supply_area Enemy:blue Time:91.00
[INFO] [1772871283.656852074]: [BT] GetPosInMap SUCCESS C:AMR G:RSE B:R pos=(0.00,0.00)@own_supply_area Enemy:blue Time:91.00
[INFO] [1772871283.656897408]: [BT] GetPolygonInWhich SUCCESS C:AMR G:RSE B:R pos=(0.00,0.00)@own_supply_area Enemy:blue Time:91.00 area=own_supply_area
[INFO] [1772871283.656943208]: [BT] GetSentryCmd SUCCESS C:AMR G:RSE B:R pos=(0.00,0.00)@own_supply_area Enemy:blue Time:91.00 area=own_supply_area desired=0 mode=3 acc_sec=31 degraded=0 change=0
[INFO] [1772871283.657121016]: [BT] SetPidPlannerParam SUCCESS C:AMR G:RSE B:R pos=(0.00,0.00)@own_supply_area Enemy:blue Time:91.00
[INFO] [1772871283.657185775]: [BT] GetChassisDecisions SUCCESS C:AMR G:RSE B:R pos=(0.00,0.00)@own_supply_area Enemy:blue Time:91.00
[INFO] [1772871283.678222672]: [BT] SendChassisCommand SUCCESS C:AMR G:RSE B:R pos=(0.00,0.00)@own_supply_area Enemy:blue Time:91.00
[INFO] [1772871283.678337434]: [BT] GetGimbalDecisions SUCCESS C:AMR G:RSE B:R pos=(0.00,0.00)@own_supply_area Enemy:blue Time:91.00
[INFO] [1772871283.678460254]: [BT] SendGimbalCommand SUCCESS C:AMR G:RSE B:R pos=(0.00,0.00)@own_supply_area Enemy:blue Time:91.00
[INFO] [1772871283.678501836]: [BT] GetShooterDecisions SUCCESS C:AMR G:RSE B:R pos=(0.00,0.00)@own_supply_area Enemy:blue Time:91.00
[INFO] [1772871283.678565949]: [BT] SendShooterCommand SUCCESS C:AMR G:RSE B:R pos=(0.00,0.00)@own_supply_area Enemy:blue Time:91.00
[INFO] [1772871284.161031081]: [BT] OutputRightSwitchState SUCCESS C:AMR G:RSE B:R pos=(0.00,0.00)@own_supply_area Enemy:blue Time:92.00 switch=auto state=auto
[INFO] [1772871284.161117109]: [BT] ReviveIfDead SUCCESS C:AMR G:RSE B:R pos=(0.00,0.00)@own_supply_area Enemy:blue Time:92.00 revive=done
[INFO] [1772871284.161155904]: [BT] GetPresentTime SUCCESS C:AMR G:RSE B:R pos=(0.00,0.00)@own_supply_area Enemy:blue Time:92.00
[INFO] [1772871284.161208180]: [BT] GetPosInMap SUCCESS C:AMR G:RSE B:R pos=(0.00,0.00)@own_supply_area Enemy:blue Time:92.00
[INFO] [1772871284.161245774]: [BT] GetPolygonInWhich SUCCESS C:AMR G:RSE B:R pos=(0.00,0.00)@own_supply_area Enemy:blue Time:92.00 area=own_supply_area
[INFO] [1772871284.161283406]: [BT] GetSentryCmd SUCCESS C:AMR G:RSE B:R pos=(0.00,0.00)@own_supply_area Enemy:blue Time:92.00 area=own_supply_area desired=0 mode=3 acc_sec=32 degraded=0 change=0
[INFO] [1772871284.161438747]: [BT] SetPidPlannerParam SUCCESS C:AMR G:RSE B:R pos=(0.00,0.00)@own_supply_area Enemy:blue Time:92.00
[INFO] [1772871284.161491010]: [BT] GetChassisDecisions SUCCESS C:AMR G:RSE B:R pos=(0.00,0.00)@own_supply_area Enemy:blue Time:92.00
[INFO] [1772871284.182708866]: [BT] SendChassisCommand SUCCESS C:AMR G:RSE B:R pos=(0.00,0.00)@own_supply_area Enemy:blue Time:92.00
[INFO] [1772871284.182805977]: [BT] GetGimbalDecisions SUCCESS C:AMR G:RSE B:R pos=(0.00,0.00)@own_supply_area Enemy:blue Time:92.00
[INFO] [1772871284.182922014]: [BT] SendGimbalCommand SUCCESS C:AMR G:RSE B:R pos=(0.00,0.00)@own_supply_area Enemy:blue Time:92.00
[INFO] [1772871284.182957406]: [BT] GetShooterDecisions SUCCESS C:AMR G:RSE B:R pos=(0.00,0.00)@own_supply_area Enemy:blue Time:92.00
[INFO] [1772871284.183003843]: [BT] SendShooterCommand SUCCESS C:AMR G:RSE B:R pos=(0.00,0.00)@own_supply_area Enemy:blue Time:92.00
[INFO] [1772871284.665224414]: [BT] OutputRightSwitchState SUCCESS C:AMR G:RSE B:R pos=(0.00,0.00)@own_supply_area Enemy:blue Time:94.00 switch=auto state=auto
[INFO] [1772871284.665331212]: [BT] ReviveIfDead SUCCESS C:AMR G:RSE B:R pos=(0.00,0.00)@own_supply_area Enemy:blue Time:94.00 revive=done
[INFO] [1772871284.665383606]: [BT] GetPresentTime SUCCESS C:AMR G:RSE B:R pos=(0.00,0.00)@own_supply_area Enemy:blue Time:94.00
[INFO] [1772871284.665440148]: [BT] GetPosInMap SUCCESS C:AMR G:RSE B:R pos=(0.00,0.00)@own_supply_area En[WARN] [1772871284.944284346]: "yaw" passed to lookupTransform argument source_frame does not exist. 
[WARN] [1772871285.030248485]: "yaw" passed to lookupTransform argument target_frame does not exist. 
[WARN] [1772871285.073108639]: action not connect
[WARN] [1772871285.451019039]: "yaw" passed to lookupTransform argument source_frame does not exist. 
[WARN] [1772871285.537401161]: "yaw" passed to lookupTransform argument target_frame does not exist. 
[WARN] [1772871285.580588629]: action not connect
emy:blue Time:94.00
[INFO] [1772871284.665541899]: [BT] GetPolygonInWhich SUCCESS C:AMR G:RSE B:R pos=(0.00,0.00)@own_supply_area Enemy:blue Time:94.00 area=own_supply_area
[INFO] [1772871284.665650380]: [BT] GetSentryCmd SUCCESS C:AMR G:RSE B:R pos=(0.00,0.00)@own_supply_area Enemy:blue Time:94.00 area=own_supply_area desired=0 mode=3 acc_sec=32 degraded=0 change=0
[INFO] [1772871284.665868926]: [BT] SetPidPlannerParam SUCCESS C:AMR G:RSE B:R pos=(0.00,0.00)@own_supply_area Enemy:blue Time:94.00
[INFO] [1772871284.665934508]: [BT] GetChassisDecisions SUCCESS C:AMR G:RSE B:R pos=(0.00,0.00)@own_supply_area Enemy:blue Time:94.00
[INFO] [1772871284.687192041]: [BT] SendChassisCommand SUCCESS C:AMR G:RSE B:R pos=(0.00,0.00)@own_supply_area Enemy:blue Time:94.00
[INFO] [1772871284.687409898]: [BT] GetGimbalDecisions SUCCESS C:AMR G:RSE B:R pos=(0.00,0.00)@own_supply_area Enemy:blue Time:94.00
[INFO] [1772871284.687545620]: [BT] SendGimbalCommand SUCCESS C:AMR G:RSE B:R pos=(0.00,0.00)@own_supply_area Enemy:blue Time:94.00
[INFO] [1772871284.687592348]: [BT] GetShooterDecisions SUCCESS C:AMR G:RSE B:R pos=(0.00,0.00)@own_supply_area Enemy:blue Time:94.00
[INFO] [1772871284.687642294]: [BT] SendShooterCommand SUCCESS C:AMR G:RSE B:R pos=(0.00,0.00)@own_supply_area Enemy:blue Time:94.00
[INFO] [1772871284.933484647]: fan_search aim point timer triggered zone=own_supply_area
[INFO] [1772871284.933536945]: fan_search aim point advanced zone=own_supply_area
[INFO] [1772871285.170843813]: [BT] OutputRightSwitchState SUCCESS C:AMR G:RSE B:R pos=(0.00,0.00)@own_supply_area Enemy:blue Time:95.00 switch=auto state=auto
[INFO] [1772871285.170923854]: [BT] ReviveIfDead SUCCESS C:AMR G:RSE B:R pos=(0.00,0.00)@own_supply_area Enemy:blue Time:95.00 revive=done
[INFO] [1772871285.170958733]: [BT] GetPresentTime SUCCESS C:AMR G:RSE B:R pos=(0.00,0.00)@own_supply_area Enemy:blue Time:95.00
[INFO] [1772871285.171002216]: [BT] GetPosInMap SUCCESS C:AMR G:RSE B:R pos=(0.00,0.00)@own_supply_area Enemy:blue Time:95.00
[INFO] [1772871285.171043721]: [BT] GetPolygonInWhich SUCCESS C:AMR G:RSE B:R pos=(0.00,0.00)@own_supply_area Enemy:blue Time:95.00 area=own_supply_area
[INFO] [1772871285.171086812]: [BT] GetSentryCmd SUCCESS C:AMR G:RSE B:R pos=(0.00,0.00)@own_supply_area Enemy:blue Time:95.00 area=own_supply_area desired=0 mode=3 acc_sec=33 degraded=0 change=0
[INFO] [1772871285.171218645]: [BT] SetPidPlannerParam SUCCESS C:AMR G:RSE B:R pos=(0.00,0.00)@own_supply_area Enemy:blue Time:95.00
[INFO] [1772871285.171265213]: [BT] GetChassisDecisions SUCCESS C:AMR G:RSE B:R pos=(0.00,0.00)@own_supply_area Enemy:blue Time:95.00
[INFO] [1772871285.192068272]: [BT] SendChassisCommand SUCCESS C:AMR G:RSE B:R pos=(0.00,0.00)@own_supply_area Enemy:blue Time:95.00
[INFO] [1772871285.192176738]: [BT] GetGimbalDecisions SUCCESS C:AMR G:RSE B:R pos=(0.00,0.00)@own_supply_area Enemy:blue Time:95.00
[INFO] [1772871285.192319463]: [BT] SendGimbalCommand SUCCESS C:AMR G:RSE B:R pos=(0.00,0.00)@own_supply_area Enemy:blue Time:95.00
[INFO] [1772871285.192363430]: [BT] GetShooterDecisions SUCCESS C:AMR G:RSE B:R pos=(0.00,0.00)@own_supply_area Enemy:blue Time:95.00
[INFO] [1772871285.192429514]: [BT] SendShooterCommand SUCCESS C:AMR G:RSE B:R pos=(0.00,0.00)@own_supply_area Enemy:blue Time:95.00
[INFO] [1772871285.678126295]: [BT] OutputRightSwitchState SUCCESS C:AMR G:RSE B:R pos=(0.00,0.00)@own_supply_area Enemy:blue Time:97.00 switch=auto state=auto
[INFO] [1772871285.678205318]: [BT] ReviveIfDead SUCCESS C:AMR G:RSE B:R pos=(0.00,0.00)@own_supply_area Enemy:blue Time:97.00 revive=done
[INFO] [1772871285.678246330]: [BT] GetPresentTime SUCCESS C:AMR G:RSE B:R pos=(0.00,0.00)@own_supply_area Enemy:blue Time:97.00
[INFO] [1772871285.678300615]: [BT] GetPosInMap SUCCESS C:AMR G:RSE B:R pos=(0.00,0.00)@own_supply_area Enemy:blue Time:97.00
[INFO] [1772871285.678337971]: [BT] GetPolygonInWhich SUCCESS C:AMR G:RSE B:R pos=(0.00,0.00)@own_supply_area Enemy:blue Time:97.00 area=own_supply_area
[INFO] [1772871285.678373628]: [BT] GetSentryCmd SUCCESS C:AMR G:RSE B:R pos=(0.00[WARN] [1772871285.957128965]: "yaw" passed to lookupTransform argument source_frame does not exist. 
[WARN] [1772871286.043458891]: "yaw" passed to lookupTransform argument target_frame does not exist. 
[WARN] [1772871286.086639244]: action not connect
[WARN] [1772871286.465365574]: "yaw" passed to lookupTransform argument source_frame does not exist. 
[WARN] [1772871286.551668560]: "yaw" passed to lookupTransform argument target_frame does not exist. 
[WARN] [1772871286.594436992]: action not connect
,0.00)@own_supply_area Enemy:blue Time:97.00 area=own_supply_area desired=0 mode=3 acc_sec=33 degraded=0 change=0
[INFO] [1772871285.678524069]: [BT] SetPidPlannerParam SUCCESS C:AMR G:RSE B:R pos=(0.00,0.00)@own_supply_area Enemy:blue Time:97.00
[INFO] [1772871285.678565253]: [BT] GetChassisDecisions SUCCESS C:AMR G:RSE B:R pos=(0.00,0.00)@own_supply_area Enemy:blue Time:97.00
[INFO] [1772871285.699482836]: [BT] SendChassisCommand SUCCESS C:AMR G:RSE B:R pos=(0.00,0.00)@own_supply_area Enemy:blue Time:97.00
[INFO] [1772871285.699589221]: [BT] GetGimbalDecisions SUCCESS C:AMR G:RSE B:R pos=(0.00,0.00)@own_supply_area Enemy:blue Time:97.00
[INFO] [1772871285.699717062]: [BT] SendGimbalCommand SUCCESS C:AMR G:RSE B:R pos=(0.00,0.00)@own_supply_area Enemy:blue Time:97.00
[INFO] [1772871285.699765026]: [BT] GetShooterDecisions SUCCESS C:AMR G:RSE B:R pos=(0.00,0.00)@own_supply_area Enemy:blue Time:97.00
[INFO] [1772871285.699814205]: [BT] SendShooterCommand SUCCESS C:AMR G:RSE B:R pos=(0.00,0.00)@own_supply_area Enemy:blue Time:97.00
[INFO] [1772871286.184147523]: [BT] OutputRightSwitchState SUCCESS C:AMR G:RSE B:R pos=(0.00,0.00)@own_supply_area Enemy:blue Time:98.00 switch=auto state=auto
[INFO] [1772871286.184263790]: [BT] ReviveIfDead SUCCESS C:AMR G:RSE B:R pos=(0.00,0.00)@own_supply_area Enemy:blue Time:98.00 revive=done
[INFO] [1772871286.184323350]: [BT] GetPresentTime SUCCESS C:AMR G:RSE B:R pos=(0.00,0.00)@own_supply_area Enemy:blue Time:98.00
[INFO] [1772871286.184393374]: [BT] GetPosInMap SUCCESS C:AMR G:RSE B:R pos=(0.00,0.00)@own_supply_area Enemy:blue Time:98.00
[INFO] [1772871286.184437134]: [BT] GetPolygonInWhich SUCCESS C:AMR G:RSE B:R pos=(0.00,0.00)@own_supply_area Enemy:blue Time:98.00 area=own_supply_area
[INFO] [1772871286.184482161]: [BT] GetSentryCmd SUCCESS C:AMR G:RSE B:R pos=(0.00,0.00)@own_supply_area Enemy:blue Time:98.00 area=own_supply_area desired=0 mode=3 acc_sec=34 degraded=0 change=0
[INFO] [1772871286.184648399]: [BT] SetPidPlannerParam SUCCESS C:AMR G:RSE B:R pos=(0.00,0.00)@own_supply_area Enemy:blue Time:98.00
[INFO] [1772871286.184704964]: [BT] GetChassisDecisions SUCCESS C:AMR G:RSE B:R pos=(0.00,0.00)@own_supply_area Enemy:blue Time:98.00
[INFO] [1772871286.206009243]: [BT] SendChassisCommand SUCCESS C:AMR G:RSE B:R pos=(0.00,0.00)@own_supply_area Enemy:blue Time:98.00
[INFO] [1772871286.206117123]: [BT] GetGimbalDecisions SUCCESS C:AMR G:RSE B:R pos=(0.00,0.00)@own_supply_area Enemy:blue Time:98.00
[INFO] [1772871286.206249785]: [BT] SendGimbalCommand SUCCESS C:AMR G:RSE B:R pos=(0.00,0.00)@own_supply_area Enemy:blue Time:98.00
[INFO] [1772871286.206306947]: [BT] GetShooterDecisions SUCCESS C:AMR G:RSE B:R pos=(0.00,0.00)@own_supply_area Enemy:blue Time:98.00
[INFO] [1772871286.206362672]: [BT] SendShooterCommand SUCCESS C:AMR G:RSE B:R pos=(0.00,0.00)@own_supply_area Enemy:blue Time:98.00
[INFO] [1772871286.691291769]: [BT] OutputRightSwitchState SUCCESS C:AMR G:RSE B:R pos=(0.00,0.00)@own_supply_area Enemy:blue Time:100.00 switch=auto state=auto
[INFO] [1772871286.691468483]: [BT] ReviveIfDead SUCCESS C:AMR G:RSE B:R pos=(0.00,0.00)@own_supply_area Enemy:blue Time:100.00 revive=done
[INFO] [1772871286.691521495]: [BT] GetPresentTime SUCCESS C:AMR G:RSE B:R pos=(0.00,0.00)@own_supply_area Enemy:blue Time:100.00
[INFO] [1772871286.691585132]: [BT] GetPosInMap SUCCESS C:AMR G:RSE B:R pos=(0.00,0.00)@own_supply_area Enemy:blue Time:100.00
[INFO] [1772871286.691632479]: [BT] GetPolygonInWhich SUCCESS C:AMR G:RSE B:R pos=(0.00,0.00)@own_supply_area Enemy:blue Time:100.00 area=own_supply_area
[INFO] [1772871286.691687110]: [BT] GetSentryCmd SUCCESS C:AMR G:RSE B:R pos=(0.00,0.00)@own_supply_area Enemy:blue Time:100.00 area=own_supply_area desired=0 mode=3 acc_sec=34 degraded=0 change=0
[INFO] [1772871286.691871822]: [BT] SetPidPlannerParam SUCCESS C:AMR G:RSE B:R pos=(0.00,0.00)@own_supply_area Enemy:blue Time:100.00
[INFO] [1772871286.691943112]: [BT] GetChassisDecisions SUCCESS C:AMR G:RSE B:R pos=(0.00,0.00)@own_supply_area Enemy:blue Time:100.00
[INFO] [1772871286.712869424]: [BT] S[WARN] [1772871286.971255927]: "yaw" passed to lookupTransform argument source_frame does not exist. 
[WARN] [1772871287.057522491]: "yaw" passed to lookupTransform argument target_frame does not exist. 
[WARN] [1772871287.100766420]: action not connect
[WARN] [1772871287.477708300]: "yaw" passed to lookupTransform argument source_frame does not exist. 
[WARN] [1772871287.564462745]: "yaw" passed to lookupTransform argument target_frame does not exist. 
[WARN] [1772871287.607443416]: action not connect
endChassisCommand SUCCESS C:AMR G:RSE B:R pos=(0.00,0.00)@own_supply_area Enemy:blue Time:100.00
[INFO] [1772871286.713035569]: [BT] GetGimbalDecisions SUCCESS C:AMR G:RSE B:R pos=(0.00,0.00)@own_supply_area Enemy:blue Time:100.00
[INFO] [1772871286.713156452]: [BT] SendGimbalCommand SUCCESS C:AMR G:RSE B:R pos=(0.00,0.00)@own_supply_area Enemy:blue Time:100.00
[INFO] [1772871286.713199663]: [BT] GetShooterDecisions SUCCESS C:AMR G:RSE B:R pos=(0.00,0.00)@own_supply_area Enemy:blue Time:100.00
[INFO] [1772871286.713262794]: [BT] SendShooterCommand SUCCESS C:AMR G:RSE B:R pos=(0.00,0.00)@own_supply_area Enemy:blue Time:100.00
[INFO] [1772871287.197994697]: [BT] OutputRightSwitchState SUCCESS C:AMR G:RSE B:R pos=(0.85,1.05)@own_leisure_area Enemy:blue Time:101.00 switch=auto state=auto
[INFO] [1772871287.198097165]: [BT] ReviveIfDead SUCCESS C:AMR G:RSE B:R pos=(0.85,1.05)@own_leisure_area Enemy:blue Time:101.00 revive=done
[INFO] [1772871287.198144044]: [BT] GetPresentTime SUCCESS C:AMR G:RSE B:R pos=(0.85,1.05)@own_leisure_area Enemy:blue Time:101.00
[INFO] [1772871287.198214527]: [BT] GetPosInMap SUCCESS C:AMR G:RSE B:R pos=(0.85,1.05)@own_leisure_area Enemy:blue Time:101.00
[INFO] [1772871287.198266642]: [BT] GetPolygonInWhich SUCCESS C:AMR G:RSE B:R pos=(0.85,1.05)@own_leisure_area Enemy:blue Time:101.00 area=own_leisure_area
[INFO] [1772871287.198325838]: [BT] GetSentryCmd SUCCESS C:AMR G:RSE B:R pos=(0.85,1.05)@own_leisure_area Enemy:blue Time:101.00 area=own_leisure_area desired=0 mode=3 acc_sec=35 degraded=0 change=0
[INFO] [1772871287.198533919]: [BT] SetPidPlannerParam SUCCESS C:AMR G:RSE B:R pos=(0.85,1.05)@own_leisure_area Enemy:blue Time:101.00
[INFO] [1772871287.198595872]: [BT] GetChassisDecisions SUCCESS C:AMR G:RSE B:R pos=(0.85,1.05)@own_leisure_area Enemy:blue Time:101.00
[INFO] [1772871287.219610410]: [BT] SendChassisCommand SUCCESS C:AMR G:RSE B:R pos=(0.85,1.05)@own_leisure_area Enemy:blue Time:101.00
[INFO] [1772871287.219697608]: [BT] GetGimbalDecisions SUCCESS C:AMR G:RSE B:R pos=(0.85,1.05)@own_leisure_area Enemy:blue Time:101.00
[INFO] [1772871287.219796347]: [BT] SendGimbalCommand SUCCESS C:AMR G:RSE B:R pos=(0.85,1.05)@own_leisure_area Enemy:blue Time:101.00
[INFO] [1772871287.219827888]: [BT] GetShooterDecisions SUCCESS C:AMR G:RSE B:R pos=(0.85,1.05)@own_leisure_area Enemy:blue Time:101.00
[INFO] [1772871287.219870999]: [BT] SendShooterCommand SUCCESS C:AMR G:RSE B:R pos=(0.85,1.05)@own_leisure_area Enemy:blue Time:101.00
[INFO] [1772871287.705077319]: [BT] OutputRightSwitchState SUCCESS C:AMR G:RSE B:R pos=(0.85,1.05)@own_leisure_area Enemy:blue Time:103.00 switch=auto state=auto
[INFO] [1772871287.705184395]: [BT] ReviveIfDead SUCCESS C:AMR G:RSE B:R pos=(0.85,1.05)@own_leisure_area Enemy:blue Time:103.00 revive=done
[INFO] [1772871287.705248085]: [BT] GetPresentTime SUCCESS C:AMR G:RSE B:R pos=(0.85,1.05)@own_leisure_area Enemy:blue Time:103.00
[INFO] [1772871287.705322997]: [BT] GetPosInMap SUCCESS C:AMR G:RSE B:R pos=(0.85,1.05)@own_leisure_area Enemy:blue Time:103.00
[INFO] [1772871287.705376532]: [BT] GetPolygonInWhich SUCCESS C:AMR G:RSE B:R pos=(0.85,1.05)@own_leisure_area Enemy:blue Time:103.00 area=own_leisure_area
[INFO] [1772871287.705424956]: [BT] GetSentryCmd SUCCESS C:AMR G:RSE B:R pos=(0.85,1.05)@own_leisure_area Enemy:blue Time:103.00 area=own_leisure_area desired=0 mode=3 acc_sec=35 degraded=0 change=0
[INFO] [1772871287.705581510]: [BT] SetPidPlannerParam SUCCESS C:AMR G:RSE B:R pos=(0.85,1.05)@own_leisure_area Enemy:blue Time:103.00
[INFO] [1772871287.705641715]: [BT] GetChassisDecisions SUCCESS C:AMR G:RSE B:R pos=(0.85,1.05)@own_leisure_area Enemy:blue Time:103.00
[INFO] [1772871287.726786455]: [BT] SendChassisCommand SUCCESS C:AMR G:RSE B:R pos=(0.85,1.05)@own_leisure_area Enemy:blue Time:103.00
[INFO] [1772871287.726885479]: [BT] GetGimbalDecisions SUCCESS C:AMR G:RSE B:R pos=(0.85,1.05)@own_leisure_area Enemy:blue Time:103.00
[INFO] [1772871287.727008813]: [BT] SendGimbalCommand SUCCESS C:AMR G:RSE B:R pos=(0.85,1.05)@own_leisure_area Enemy:blue Time:103.00
[INFO] [[WARN] [1772871287.985894468]: "yaw" passed to lookupTransform argument source_frame does not exist. 
[WARN] [1772871288.072654452]: "yaw" passed to lookupTransform argument target_frame does not exist. 
[WARN] [1772871288.115732508]: action not connect
[WARN] [1772871288.494675029]: "yaw" passed to lookupTransform argument source_frame does not exist. 
[WARN] [1772871288.581397511]: "yaw" passed to lookupTransform argument target_frame does not exist. 
[WARN] [1772871288.624497472]: action not connect
[WARN] [1772871289.003344011]: "yaw" passed to lookupTransform argument source_frame does not exist. 
[WARN] [1772871289.082183852]: "yaw" passed to lookupTransform argument target_frame does not exist. 
[WARN] [1772871289.125527273]: action not connect
1772871287.727053407]: [BT] GetShooterDecisions SUCCESS C:AMR G:RSE B:R pos=(0.85,1.05)@own_leisure_area Enemy:blue Time:103.00
[INFO] [1772871287.727184450]: [BT] SendShooterCommand SUCCESS C:AMR G:RSE B:R pos=(0.85,1.05)@own_leisure_area Enemy:blue Time:103.00
[INFO] [1772871288.213740640]: [BT] OutputRightSwitchState SUCCESS C:AMR G:RSE B:R pos=(0.85,1.05)@own_leisure_area Enemy:blue Time:104.00 switch=auto state=auto
[INFO] [1772871288.213830294]: [BT] ReviveIfDead SUCCESS C:AMR G:RSE B:R pos=(0.85,1.05)@own_leisure_area Enemy:blue Time:104.00 revive=done
[INFO] [1772871288.213873682]: [BT] GetPresentTime SUCCESS C:AMR G:RSE B:R pos=(0.85,1.05)@own_leisure_area Enemy:blue Time:104.00
[INFO] [1772871288.213931359]: [BT] GetPosInMap SUCCESS C:AMR G:RSE B:R pos=(0.85,1.05)@own_leisure_area Enemy:blue Time:104.00
[INFO] [1772871288.213980327]: [BT] GetPolygonInWhich SUCCESS C:AMR G:RSE B:R pos=(0.85,1.05)@own_leisure_area Enemy:blue Time:104.00 area=own_leisure_area
[INFO] [1772871288.214052040]: [BT] GetSentryCmd SUCCESS C:AMR G:RSE B:R pos=(0.85,1.05)@own_leisure_area Enemy:blue Time:104.00 area=own_leisure_area desired=0 mode=3 acc_sec=36 degraded=0 change=0
[INFO] [1772871288.214210309]: [BT] SetPidPlannerParam SUCCESS C:AMR G:RSE B:R pos=(0.85,1.05)@own_leisure_area Enemy:blue Time:104.00
[INFO] [1772871288.214267698]: [BT] GetChassisDecisions SUCCESS C:AMR G:RSE B:R pos=(0.85,1.05)@own_leisure_area Enemy:blue Time:104.00
[INFO] [1772871288.235259275]: [BT] SendChassisCommand SUCCESS C:AMR G:RSE B:R pos=(0.85,1.05)@own_leisure_area Enemy:blue Time:104.00
[INFO] [1772871288.235378191]: [BT] GetGimbalDecisions SUCCESS C:AMR G:RSE B:R pos=(0.85,1.05)@own_leisure_area Enemy:blue Time:104.00
[INFO] [1772871288.235504875]: [BT] SendGimbalCommand SUCCESS C:AMR G:RSE B:R pos=(0.85,1.05)@own_leisure_area Enemy:blue Time:104.00
[INFO] [1772871288.235551965]: [BT] GetShooterDecisions SUCCESS C:AMR G:RSE B:R pos=(0.85,1.05)@own_leisure_area Enemy:blue Time:104.00
[INFO] [1772871288.235597007]: [BT] SendShooterCommand SUCCESS C:AMR G:RSE B:R pos=(0.85,1.05)@own_leisure_area Enemy:blue Time:104.00
[INFO] [1772871288.722448299]: [BT] OutputRightSwitchState SUCCESS C:AMR G:RSE B:R pos=(0.85,1.05)@own_leisure_area Enemy:blue Time:106.00 switch=auto state=auto
[INFO] [1772871288.722552920]: [BT] ReviveIfDead SUCCESS C:AMR G:RSE B:R pos=(0.85,1.05)@own_leisure_area Enemy:blue Time:106.00 revive=done
[INFO] [1772871288.722597862]: [BT] GetPresentTime SUCCESS C:AMR G:RSE B:R pos=(0.85,1.05)@own_leisure_area Enemy:blue Time:106.00
[INFO] [1772871288.722657317]: [BT] GetPosInMap SUCCESS C:AMR G:RSE B:R pos=(0.85,1.05)@own_leisure_area Enemy:blue Time:106.00
[INFO] [1772871288.722706185]: [BT] GetPolygonInWhich SUCCESS C:AMR G:RSE B:R pos=(0.85,1.05)@own_leisure_area Enemy:blue Time:106.00 area=own_leisure_area
[INFO] [1772871288.722749559]: [BT] GetSentryCmd SUCCESS C:AMR G:RSE B:R pos=(0.85,1.05)@own_leisure_area Enemy:blue Time:106.00 area=own_leisure_area desired=0 mode=3 acc_sec=36 degraded=0 change=0
[INFO] [1772871288.722924643]: [BT] SetPidPlannerParam SUCCESS C:AMR G:RSE B:R pos=(0.85,1.05)@own_leisure_area Enemy:blue Time:106.00
[INFO] [1772871288.722990105]: [BT] GetChassisDecisions SUCCESS C:AMR G:RSE B:R pos=(0.85,1.05)@own_leisure_area Enemy:blue Time:106.00
[INFO] [1772871288.744255316]: [BT] SendChassisCommand SUCCESS C:AMR G:RSE B:R pos=(0.85,1.05)@own_leisure_area Enemy:blue Time:106.00
[INFO] [1772871288.744360491]: [BT] GetGimbalDecisions SUCCESS C:AMR G:RSE B:R pos=(0.85,1.05)@own_leisure_area Enemy:blue Time:106.00
[INFO] [1772871288.744464770]: [BT] SendGimbalCommand SUCCESS C:AMR G:RSE B:R pos=(0.85,1.05)@own_leisure_area Enemy:blue Time:106.00
[INFO] [1772871288.744494628]: [BT] GetShooterDecisions SUCCESS C:AMR G:RSE B:R pos=(0.85,1.05)@own_leisure_area Enemy:blue Time:106.00
[INFO] [1772871288.744541415]: [BT] SendShooterCommand SUCCESS C:AMR G:RSE B:R pos=(0.85,1.05)@own_leisure_area Enemy:blue Time:106.00
[INFO] [1772871289.223145684]: [BT] OutputRightSwitchState SUCCESS C:AMR G:RSE B:R pos=(0.85,1.05)@own_leis[WARN] [1772871289.504662623]: "yaw" passed to lookupTransform argument source_frame does not exist. 
[WARN] [1772871289.591310429]: "yaw" passed to lookupTransform argument target_frame does not exist. 
[WARN] [1772871289.634542423]: action not connect
[WARN] [1772871290.013072169]: "yaw" passed to lookupTransform argument source_frame does not exist. 
[WARN] [1772871290.099114478]: "yaw" passed to lookupTransform argument target_frame does not exist. 
[WARN] [1772871290.142368579]: action not connect
ure_area Enemy:blue Time:107.00 switch=auto state=auto
[INFO] [1772871289.223325925]: [BT] ReviveIfDead SUCCESS C:AMR G:RSE B:R pos=(0.85,1.05)@own_leisure_area Enemy:blue Time:107.00 revive=done
[INFO] [1772871289.223375000]: [BT] GetPresentTime SUCCESS C:AMR G:RSE B:R pos=(0.85,1.05)@own_leisure_area Enemy:blue Time:107.00
[INFO] [1772871289.223433503]: [BT] GetPosInMap SUCCESS C:AMR G:RSE B:R pos=(0.85,1.05)@own_leisure_area Enemy:blue Time:107.00
[INFO] [1772871289.223476757]: [BT] GetPolygonInWhich SUCCESS C:AMR G:RSE B:R pos=(0.85,1.05)@own_leisure_area Enemy:blue Time:107.00 area=own_leisure_area
[INFO] [1772871289.223521943]: [BT] GetSentryCmd SUCCESS C:AMR G:RSE B:R pos=(0.85,1.05)@own_leisure_area Enemy:blue Time:107.00 area=own_leisure_area desired=0 mode=3 acc_sec=37 degraded=0 change=0
[INFO] [1772871289.223681354]: [BT] SetPidPlannerParam SUCCESS C:AMR G:RSE B:R pos=(0.85,1.05)@own_leisure_area Enemy:blue Time:107.00
[INFO] [1772871289.223738920]: [BT] GetChassisDecisions SUCCESS C:AMR G:RSE B:R pos=(0.85,1.05)@own_leisure_area Enemy:blue Time:107.00
[INFO] [1772871289.244876094]: [BT] SendChassisCommand SUCCESS C:AMR G:RSE B:R pos=(0.85,1.05)@own_leisure_area Enemy:blue Time:107.00
[INFO] [1772871289.244983426]: [BT] GetGimbalDecisions SUCCESS C:AMR G:RSE B:R pos=(0.85,1.05)@own_leisure_area Enemy:blue Time:107.00
[INFO] [1772871289.245107009]: [BT] SendGimbalCommand SUCCESS C:AMR G:RSE B:R pos=(0.85,1.05)@own_leisure_area Enemy:blue Time:107.00
[INFO] [1772871289.245159910]: [BT] GetShooterDecisions SUCCESS C:AMR G:RSE B:R pos=(0.85,1.05)@own_leisure_area Enemy:blue Time:107.00
[INFO] [1772871289.245220083]: [BT] SendShooterCommand SUCCESS C:AMR G:RSE B:R pos=(0.85,1.05)@own_leisure_area Enemy:blue Time:107.00
[INFO] [1772871289.732747401]: [BT] OutputRightSwitchState SUCCESS C:AMR G:RSE B:R pos=(0.85,1.05)@own_leisure_area Enemy:blue Time:109.00 switch=auto state=auto
[INFO] [1772871289.732852604]: [BT] ReviveIfDead SUCCESS C:AMR G:RSE B:R pos=(0.85,1.05)@own_leisure_area Enemy:blue Time:109.00 revive=done
[INFO] [1772871289.732896126]: [BT] GetPresentTime SUCCESS C:AMR G:RSE B:R pos=(0.85,1.05)@own_leisure_area Enemy:blue Time:109.00
[INFO] [1772871289.732958679]: [BT] GetPosInMap SUCCESS C:AMR G:RSE B:R pos=(0.85,1.05)@own_leisure_area Enemy:blue Time:109.00
[INFO] [1772871289.733004471]: [BT] GetPolygonInWhich SUCCESS C:AMR G:RSE B:R pos=(0.85,1.05)@own_leisure_area Enemy:blue Time:109.00 area=own_leisure_area
[INFO] [1772871289.733046055]: [BT] GetSentryCmd SUCCESS C:AMR G:RSE B:R pos=(0.85,1.05)@own_leisure_area Enemy:blue Time:109.00 area=own_leisure_area desired=0 mode=3 acc_sec=37 degraded=0 change=0
[INFO] [1772871289.733205812]: [BT] SetPidPlannerParam SUCCESS C:AMR G:RSE B:R pos=(0.85,1.05)@own_leisure_area Enemy:blue Time:109.00
[INFO] [1772871289.733258043]: [BT] GetChassisDecisions SUCCESS C:AMR G:RSE B:R pos=(0.85,1.05)@own_leisure_area Enemy:blue Time:109.00
[INFO] [1772871289.754278951]: [BT] SendChassisCommand SUCCESS C:AMR G:RSE B:R pos=(0.85,1.05)@own_leisure_area Enemy:blue Time:109.00
[INFO] [1772871289.754428423]: [BT] GetGimbalDecisions SUCCESS C:AMR G:RSE B:R pos=(0.85,1.05)@own_leisure_area Enemy:blue Time:109.00
[INFO] [1772871289.754577632]: [BT] SendGimbalCommand SUCCESS C:AMR G:RSE B:R pos=(0.85,1.05)@own_leisure_area Enemy:blue Time:109.00
[INFO] [1772871289.754628258]: [BT] GetShooterDecisions SUCCESS C:AMR G:RSE B:R pos=(0.85,1.05)@own_leisure_area Enemy:blue Time:109.00
[INFO] [1772871289.754696384]: [BT] SendShooterCommand SUCCESS C:AMR G:RSE B:R pos=(0.85,1.05)@own_leisure_area Enemy:blue Time:109.00
[INFO] [1772871290.239746381]: [BT] OutputRightSwitchState SUCCESS C:AMR G:RSE B:R pos=(0.85,1.05)@own_leisure_area Enemy:blue Time:110.00 switch=auto state=auto
[INFO] [1772871290.239842673]: [BT] ReviveIfDead SUCCESS C:AMR G:RSE B:R pos=(0.85,1.05)@own_leisure_area Enemy:blue Time:110.00 revive=done
[INFO] [1772871290.239886689]: [BT] GetPresentTime SUCCESS C:AMR G:RSE B:R pos=(0.85,1.05)@own_leisure_area Enemy:blue Time:110.00
[INFO] [1772871290.239940007]: [BT] GetPosI[WARN] [1772871290.520935816]: "yaw" passed to lookupTransform argument source_frame does not exist. 
[WARN] [1772871290.606853036]: "yaw" passed to lookupTransform argument target_frame does not exist. 
[WARN] [1772871290.649763587]: action not connect
[WARN] [1772871291.025977792]: "yaw" passed to lookupTransform argument source_frame does not exist. 
[WARN] [1772871291.112254547]: "yaw" passed to lookupTransform argument target_frame does not exist. 
[WARN] [1772871291.155173314]: action not connect
nMap SUCCESS C:AMR G:RSE B:R pos=(0.85,1.05)@own_leisure_area Enemy:blue Time:110.00
[INFO] [1772871290.240038967]: [BT] GetPolygonInWhich SUCCESS C:AMR G:RSE B:R pos=(0.85,1.05)@own_leisure_area Enemy:blue Time:110.00 area=own_leisure_area
[INFO] [1772871290.240082254]: [BT] GetSentryCmd SUCCESS C:AMR G:RSE B:R pos=(0.85,1.05)@own_leisure_area Enemy:blue Time:110.00 area=own_leisure_area desired=0 mode=3 acc_sec=38 degraded=0 change=0
[INFO] [1772871290.240238866]: [BT] SetPidPlannerParam SUCCESS C:AMR G:RSE B:R pos=(0.85,1.05)@own_leisure_area Enemy:blue Time:110.00
[INFO] [1772871290.240290305]: [BT] GetChassisDecisions SUCCESS C:AMR G:RSE B:R pos=(0.85,1.05)@own_leisure_area Enemy:blue Time:110.00
[INFO] [1772871290.261420175]: [BT] SendChassisCommand SUCCESS C:AMR G:RSE B:R pos=(0.85,1.05)@own_leisure_area Enemy:blue Time:111.00
[INFO] [1772871290.261514618]: [BT] GetGimbalDecisions SUCCESS C:AMR G:RSE B:R pos=(0.85,1.05)@own_leisure_area Enemy:blue Time:111.00
[INFO] [1772871290.261617256]: [BT] SendGimbalCommand SUCCESS C:AMR G:RSE B:R pos=(0.85,1.05)@own_leisure_area Enemy:blue Time:111.00
[INFO] [1772871290.261655968]: [BT] GetShooterDecisions SUCCESS C:AMR G:RSE B:R pos=(0.85,1.05)@own_leisure_area Enemy:blue Time:111.00
[INFO] [1772871290.261696747]: [BT] SendShooterCommand SUCCESS C:AMR G:RSE B:R pos=(0.85,1.05)@own_leisure_area Enemy:blue Time:111.00
[INFO] [1772871290.746772768]: [BT] OutputRightSwitchState SUCCESS C:AMR G:RSE B:R pos=(0.85,1.05)@own_leisure_area Enemy:blue Time:112.00 switch=auto state=auto
[INFO] [1772871290.746864366]: [BT] ReviveIfDead SUCCESS C:AMR G:RSE B:R pos=(0.85,1.05)@own_leisure_area Enemy:blue Time:112.00 revive=done
[INFO] [1772871290.746905901]: [BT] GetPresentTime SUCCESS C:AMR G:RSE B:R pos=(0.85,1.05)@own_leisure_area Enemy:blue Time:112.00
[INFO] [1772871290.746960547]: [BT] GetPosInMap SUCCESS C:AMR G:RSE B:R pos=(0.85,1.05)@own_leisure_area Enemy:blue Time:112.00
[INFO] [1772871290.747002021]: [BT] GetPolygonInWhich SUCCESS C:AMR G:RSE B:R pos=(0.85,1.05)@own_leisure_area Enemy:blue Time:112.00 area=own_leisure_area
[INFO] [1772871290.747046111]: [BT] GetSentryCmd SUCCESS C:AMR G:RSE B:R pos=(0.85,1.05)@own_leisure_area Enemy:blue Time:112.00 area=own_leisure_area desired=0 mode=3 acc_sec=38 degraded=0 change=0
[INFO] [1772871290.747220067]: [BT] SetPidPlannerParam SUCCESS C:AMR G:RSE B:R pos=(0.85,1.05)@own_leisure_area Enemy:blue Time:112.00
[INFO] [1772871290.747280397]: [BT] GetChassisDecisions SUCCESS C:AMR G:RSE B:R pos=(0.85,1.05)@own_leisure_area Enemy:blue Time:112.00
[INFO] [1772871290.768478804]: [BT] SendChassisCommand SUCCESS C:AMR G:RSE B:R pos=(0.85,1.05)@own_leisure_area Enemy:blue Time:112.00
[INFO] [1772871290.768578106]: [BT] GetGimbalDecisions SUCCESS C:AMR G:RSE B:R pos=(0.85,1.05)@own_leisure_area Enemy:blue Time:112.00
[INFO] [1772871290.768695360]: [BT] SendGimbalCommand SUCCESS C:AMR G:RSE B:R pos=(0.85,1.05)@own_leisure_area Enemy:blue Time:112.00
[INFO] [1772871290.768734024]: [BT] GetShooterDecisions SUCCESS C:AMR G:RSE B:R pos=(0.85,1.05)@own_leisure_area Enemy:blue Time:112.00
[INFO] [1772871290.768795171]: [BT] SendShooterCommand SUCCESS C:AMR G:RSE B:R pos=(0.85,1.05)@own_leisure_area Enemy:blue Time:112.00
[INFO] [1772871291.253041426]: [BT] OutputRightSwitchState SUCCESS C:AMR G:RSE B:R pos=(0.85,1.05)@own_leisure_area Enemy:blue Time:113.00 switch=auto state=auto
[INFO] [1772871291.253128239]: [BT] ReviveIfDead SUCCESS C:AMR G:RSE B:R pos=(0.85,1.05)@own_leisure_area Enemy:blue Time:113.00 revive=done
[INFO] [1772871291.253173450]: [BT] GetPresentTime SUCCESS C:AMR G:RSE B:R pos=(0.85,1.05)@own_leisure_area Enemy:blue Time:114.00
[INFO] [1772871291.253224773]: [BT] GetPosInMap SUCCESS C:AMR G:RSE B:R pos=(0.85,1.05)@own_leisure_area Enemy:blue Time:114.00
[INFO] [1772871291.253269533]: [BT] GetPolygonInWhich SUCCESS C:AMR G:RSE B:R pos=(0.85,1.05)@own_leisure_area Enemy:blue Time:114.00 area=own_leisure_area
[INFO] [1772871291.253325029]: [BT] GetSentryCmd SUCCESS C:AMR G:RSE B:R pos=(0.85,1.05)@own_leisure_area Enemy:blue Time:114.00 [WARN] [1772871291.532518644]: "yaw" passed to lookupTransform argument source_frame does not exist. 
[WARN] [1772871291.618692208]: "yaw" passed to lookupTransform argument target_frame does not exist. 
[WARN] [1772871291.662015639]: action not connect
[WARN] [1772871292.042318208]: "yaw" passed to lookupTransform argument source_frame does not exist. 
[WARN] [1772871292.128821084]: "yaw" passed to lookupTransform argument target_frame does not exist. 
[WARN] [1772871292.171869745]: action not connect
area=own_leisure_area desired=0 mode=3 acc_sec=39 degraded=0 change=0
[INFO] [1772871291.253566149]: [BT] SetPidPlannerParam SUCCESS C:AMR G:RSE B:R pos=(0.85,1.05)@own_leisure_area Enemy:blue Time:114.00
[INFO] [1772871291.253634356]: [BT] GetChassisDecisions SUCCESS C:AMR G:RSE B:R pos=(0.85,1.05)@own_leisure_area Enemy:blue Time:114.00
[INFO] [1772871291.274540898]: [BT] SendChassisCommand SUCCESS C:AMR G:RSE B:R pos=(0.85,1.05)@own_leisure_area Enemy:blue Time:114.00
[INFO] [1772871291.274654270]: [BT] GetGimbalDecisions SUCCESS C:AMR G:RSE B:R pos=(0.85,1.05)@own_leisure_area Enemy:blue Time:114.00
[INFO] [1772871291.274775503]: [BT] SendGimbalCommand SUCCESS C:AMR G:RSE B:R pos=(0.85,1.05)@own_leisure_area Enemy:blue Time:114.00
[INFO] [1772871291.274839743]: [BT] GetShooterDecisions SUCCESS C:AMR G:RSE B:R pos=(0.85,1.05)@own_leisure_area Enemy:blue Time:114.00
[INFO] [1772871291.274899365]: [BT] SendShooterCommand SUCCESS C:AMR G:RSE B:R pos=(0.85,1.05)@own_leisure_area Enemy:blue Time:114.00
[INFO] [1772871291.759637570]: [BT] OutputRightSwitchState SUCCESS C:AMR G:RSE B:R pos=(0.85,1.05)@own_leisure_area Enemy:blue Time:115.00 switch=auto state=auto
[INFO] [1772871291.759743950]: [BT] ReviveIfDead SUCCESS C:AMR G:RSE B:R pos=(0.85,1.05)@own_leisure_area Enemy:blue Time:115.00 revive=done
[INFO] [1772871291.759790951]: [BT] GetPresentTime SUCCESS C:AMR G:RSE B:R pos=(0.85,1.05)@own_leisure_area Enemy:blue Time:115.00
[INFO] [1772871291.759845080]: [BT] GetPosInMap SUCCESS C:AMR G:RSE B:R pos=(0.85,1.05)@own_leisure_area Enemy:blue Time:115.00
[INFO] [1772871291.759933539]: [BT] GetPolygonInWhich SUCCESS C:AMR G:RSE B:R pos=(0.85,1.05)@own_leisure_area Enemy:blue Time:115.00 area=own_leisure_area
[INFO] [1772871291.759982277]: [BT] GetSentryCmd SUCCESS C:AMR G:RSE B:R pos=(0.85,1.05)@own_leisure_area Enemy:blue Time:115.00 area=own_leisure_area desired=0 mode=3 acc_sec=39 degraded=0 change=0
[INFO] [1772871291.760156605]: [BT] SetPidPlannerParam SUCCESS C:AMR G:RSE B:R pos=(0.85,1.05)@own_leisure_area Enemy:blue Time:115.00
[INFO] [1772871291.760222159]: [BT] GetChassisDecisions SUCCESS C:AMR G:RSE B:R pos=(0.85,1.05)@own_leisure_area Enemy:blue Time:115.00
[INFO] [1772871291.781247802]: [BT] SendChassisCommand SUCCESS C:AMR G:RSE B:R pos=(0.85,1.05)@own_leisure_area Enemy:blue Time:115.00
[INFO] [1772871291.781360323]: [BT] GetGimbalDecisions SUCCESS C:AMR G:RSE B:R pos=(0.85,1.05)@own_leisure_area Enemy:blue Time:115.00
[INFO] [1772871291.781473220]: [BT] SendGimbalCommand SUCCESS C:AMR G:RSE B:R pos=(0.85,1.05)@own_leisure_area Enemy:blue Time:115.00
[INFO] [1772871291.781515310]: [BT] GetShooterDecisions SUCCESS C:AMR G:RSE B:R pos=(0.85,1.05)@own_leisure_area Enemy:blue Time:115.00
[INFO] [1772871291.781562159]: [BT] SendShooterCommand SUCCESS C:AMR G:RSE B:R pos=(0.85,1.05)@own_leisure_area Enemy:blue Time:115.00
[INFO] [1772871292.269561315]: [BT] OutputRightSwitchState SUCCESS C:AMR G:RSE B:R pos=(0.85,1.05)@own_leisure_area Enemy:blue Time:117.00 switch=auto state=auto
[INFO] [1772871292.269660968]: [BT] ReviveIfDead SUCCESS C:AMR G:RSE B:R pos=(0.85,1.05)@own_leisure_area Enemy:blue Time:117.00 revive=done
[INFO] [1772871292.269703989]: [BT] GetPresentTime SUCCESS C:AMR G:RSE B:R pos=(0.85,1.05)@own_leisure_area Enemy:blue Time:117.00
[INFO] [1772871292.269762635]: [BT] GetPosInMap SUCCESS C:AMR G:RSE B:R pos=(0.85,1.05)@own_leisure_area Enemy:blue Time:117.00
[INFO] [1772871292.269804524]: [BT] GetPolygonInWhich SUCCESS C:AMR G:RSE B:R pos=(0.85,1.05)@own_leisure_area Enemy:blue Time:117.00 area=own_leisure_area
[INFO] [1772871292.269846745]: [BT] GetSentryCmd SUCCESS C:AMR G:RSE B:R pos=(0.85,1.05)@own_leisure_area Enemy:blue Time:117.00 area=own_leisure_area desired=0 mode=3 acc_sec=40 degraded=0 change=0
[INFO] [1772871292.270038349]: [BT] SetPidPlannerParam SUCCESS C:AMR G:RSE B:R pos=(0.85,1.05)@own_leisure_area Enemy:blue Time:117.00
[INFO] [1772871292.270102209]: [BT] GetChassisDecisions SUCCESS C:AMR G:RSE B:R pos=(0.85,1.05)@own_leisure_area Enemy:blue Time:117.00
[INFO] [1772871292.291340418][WARN] [1772871292.549820791]: "yaw" passed to lookupTransform argument source_frame does not exist. 
[WARN] [1772871292.635803967]: "yaw" passed to lookupTransform argument target_frame does not exist. 
[WARN] [1772871292.678496655]: action not connect
[WARN] [1772871293.056088137]: "yaw" passed to lookupTransform argument source_frame does not exist. 
[WARN] [1772871293.142372889]: "yaw" passed to lookupTransform argument target_frame does not exist. 
[WARN] [1772871293.185394279]: action not connect
: [BT] SendChassisCommand SUCCESS C:AMR G:RSE B:R pos=(0.85,1.05)@own_leisure_area Enemy:blue Time:117.00
[INFO] [1772871292.291482455]: [BT] GetGimbalDecisions SUCCESS C:AMR G:RSE B:R pos=(0.85,1.05)@own_leisure_area Enemy:blue Time:117.00
[INFO] [1772871292.291588747]: [BT] SendGimbalCommand SUCCESS C:AMR G:RSE B:R pos=(0.85,1.05)@own_leisure_area Enemy:blue Time:117.00
[INFO] [1772871292.291622726]: [BT] GetShooterDecisions SUCCESS C:AMR G:RSE B:R pos=(0.85,1.05)@own_leisure_area Enemy:blue Time:117.00
[INFO] [1772871292.291662860]: [BT] SendShooterCommand SUCCESS C:AMR G:RSE B:R pos=(0.85,1.05)@own_leisure_area Enemy:blue Time:117.00
[INFO] [1772871292.775893670]: [BT] OutputRightSwitchState SUCCESS C:AMR G:RSE B:R pos=(0.85,1.05)@own_leisure_area Enemy:blue Time:118.00 switch=auto state=auto
[INFO] [1772871292.776001513]: [BT] ReviveIfDead SUCCESS C:AMR G:RSE B:R pos=(0.85,1.05)@own_leisure_area Enemy:blue Time:118.00 revive=done
[INFO] [1772871292.776046655]: [BT] GetPresentTime SUCCESS C:AMR G:RSE B:R pos=(0.85,1.05)@own_leisure_area Enemy:blue Time:118.00
[INFO] [1772871292.776105012]: [BT] GetPosInMap SUCCESS C:AMR G:RSE B:R pos=(0.85,1.05)@own_leisure_area Enemy:blue Time:118.00
[INFO] [1772871292.776145790]: [BT] GetPolygonInWhich SUCCESS C:AMR G:RSE B:R pos=(0.85,1.05)@own_leisure_area Enemy:blue Time:118.00 area=own_leisure_area
[INFO] [1772871292.776187989]: [BT] GetSentryCmd SUCCESS C:AMR G:RSE B:R pos=(0.85,1.05)@own_leisure_area Enemy:blue Time:118.00 area=own_leisure_area desired=0 mode=3 acc_sec=41 degraded=0 change=0
[INFO] [1772871292.776389928]: [BT] SetPidPlannerParam SUCCESS C:AMR G:RSE B:R pos=(0.85,1.05)@own_leisure_area Enemy:blue Time:118.00
[INFO] [1772871292.776462913]: [BT] GetChassisDecisions SUCCESS C:AMR G:RSE B:R pos=(0.85,1.05)@own_leisure_area Enemy:blue Time:118.00
[INFO] [1772871292.797469934]: [BT] SendChassisCommand SUCCESS C:AMR G:RSE B:R pos=(0.85,1.05)@own_leisure_area Enemy:blue Time:118.00
[INFO] [1772871292.797554271]: [BT] GetGimbalDecisions SUCCESS C:AMR G:RSE B:R pos=(0.85,1.05)@own_leisure_area Enemy:blue Time:118.00
[INFO] [1772871292.797646913]: [BT] SendGimbalCommand SUCCESS C:AMR G:RSE B:R pos=(0.85,1.05)@own_leisure_area Enemy:blue Time:118.00
[INFO] [1772871292.797680354]: [BT] GetShooterDecisions SUCCESS C:AMR G:RSE B:R pos=(0.85,1.05)@own_leisure_area Enemy:blue Time:118.00
[INFO] [1772871292.797719351]: [BT] SendShooterCommand SUCCESS C:AMR G:RSE B:R pos=(0.85,1.05)@own_leisure_area Enemy:blue Time:118.00
[INFO] [1772871293.282586709]: [BT] OutputRightSwitchState SUCCESS C:AMR G:RSE B:R pos=(0.85,1.05)@own_leisure_area Enemy:blue Time:120.00 switch=auto state=auto
[INFO] [1772871293.282690124]: [BT] ReviveIfDead SUCCESS C:AMR G:RSE B:R pos=(0.85,1.05)@own_leisure_area Enemy:blue Time:120.00 revive=done
[INFO] [1772871293.282736581]: [BT] GetPresentTime SUCCESS C:AMR G:RSE B:R pos=(0.85,1.05)@own_leisure_area Enemy:blue Time:120.00
[INFO] [1772871293.282801294]: [BT] GetPosInMap SUCCESS C:AMR G:RSE B:R pos=(0.85,1.05)@own_leisure_area Enemy:blue Time:120.00
[INFO] [1772871293.282846653]: [BT] GetPolygonInWhich SUCCESS C:AMR G:RSE B:R pos=(0.85,1.05)@own_leisure_area Enemy:blue Time:120.00 area=own_leisure_area
[INFO] [1772871293.282890220]: [BT] GetSentryCmd SUCCESS C:AMR G:RSE B:R pos=(0.85,1.05)@own_leisure_area Enemy:blue Time:120.00 area=own_leisure_area desired=0 mode=3 acc_sec=41 degraded=0 change=0
[INFO] [1772871293.283058737]: [BT] SetPidPlannerParam SUCCESS C:AMR G:RSE B:R pos=(0.85,1.05)@own_leisure_area Enemy:blue Time:120.00
[INFO] [1772871293.283513027]: [BT] GetChassisDecisions SUCCESS C:AMR G:RSE B:R pos=(0.85,1.05)@own_leisure_area Enemy:blue Time:120.00
[INFO] [1772871293.304741901]: [BT] SendChassisCommand SUCCESS C:AMR G:RSE B:R pos=(0.85,1.05)@own_leisure_area Enemy:blue Time:120.00
[INFO] [1772871293.304840958]: [BT] GetGimbalDecisions SUCCESS C:AMR G:RSE B:R pos=(0.85,1.05)@own_leisure_area Enemy:blue Time:120.00
[INFO] [1772871293.304974321]: [BT] SendGimbalCommand SUCCESS C:AMR G:RSE B:R pos=(0.85,1.05)@own_leisure_area Enemy:blue Time:12[WARN] [1772871293.562599589]: "yaw" passed to lookupTransform argument source_frame does not exist. 
[WARN] [1772871293.649106686]: "yaw" passed to lookupTransform argument target_frame does not exist. 
[WARN] [1772871293.691966826]: action not connect
[WARN] [1772871294.071271336]: "yaw" passed to lookupTransform argument source_frame does not exist. 
[WARN] [1772871294.157945972]: "yaw" passed to lookupTransform argument target_frame does not exist. 
[WARN] [1772871294.201607593]: action not connect
[WARN] [1772871294.578939431]: "yaw" passed to lookupTransform argument source_frame does not exist. 
[WARN] [1772871294.664785265]: "yaw" passed to lookupTransform argument target_frame does not exist. 
[WARN] [1772871294.707873821]: action not connect
0.00
[INFO] [1772871293.305051870]: [BT] GetShooterDecisions SUCCESS C:AMR G:RSE B:R pos=(0.85,1.05)@own_leisure_area Enemy:blue Time:120.00
[INFO] [1772871293.305121573]: [BT] SendShooterCommand SUCCESS C:AMR G:RSE B:R pos=(0.85,1.05)@own_leisure_area Enemy:blue Time:120.00
[INFO] [1772871293.789637439]: [BT] OutputRightSwitchState SUCCESS C:AMR G:RSE B:R pos=(0.85,1.05)@own_leisure_area Enemy:blue Time:121.00 switch=auto state=auto
[INFO] [1772871293.789755814]: [BT] ReviveIfDead SUCCESS C:AMR G:RSE B:R pos=(0.85,1.05)@own_leisure_area Enemy:blue Time:121.00 revive=done
[INFO] [1772871293.789803352]: [BT] GetPresentTime SUCCESS C:AMR G:RSE B:R pos=(0.85,1.05)@own_leisure_area Enemy:blue Time:121.00
[INFO] [1772871293.789863447]: [BT] GetPosInMap SUCCESS C:AMR G:RSE B:R pos=(0.85,1.05)@own_leisure_area Enemy:blue Time:121.00
[INFO] [1772871293.789907191]: [BT] GetPolygonInWhich SUCCESS C:AMR G:RSE B:R pos=(0.85,1.05)@own_leisure_area Enemy:blue Time:121.00 area=own_leisure_area
[INFO] [1772871293.789951272]: [BT] GetSentryCmd SUCCESS C:AMR G:RSE B:R pos=(0.85,1.05)@own_leisure_area Enemy:blue Time:121.00 area=own_leisure_area desired=0 mode=3 acc_sec=42 degraded=0 change=0
[INFO] [1772871293.790114573]: [BT] SetPidPlannerParam SUCCESS C:AMR G:RSE B:R pos=(0.85,1.05)@own_leisure_area Enemy:blue Time:121.00
[INFO] [1772871293.790171948]: [BT] GetChassisDecisions SUCCESS C:AMR G:RSE B:R pos=(0.85,1.05)@own_leisure_area Enemy:blue Time:121.00
[INFO] [1772871293.811445874]: [BT] SendChassisCommand SUCCESS C:AMR G:RSE B:R pos=(0.85,1.05)@own_leisure_area Enemy:blue Time:121.00
[INFO] [1772871293.811537343]: [BT] GetGimbalDecisions SUCCESS C:AMR G:RSE B:R pos=(0.85,1.05)@own_leisure_area Enemy:blue Time:121.00
[INFO] [1772871293.811637356]: [BT] SendGimbalCommand SUCCESS C:AMR G:RSE B:R pos=(0.85,1.05)@own_leisure_area Enemy:blue Time:121.00
[INFO] [1772871293.811753569]: [BT] GetShooterDecisions SUCCESS C:AMR G:RSE B:R pos=(0.85,1.05)@own_leisure_area Enemy:blue Time:121.00
[INFO] [1772871293.811792616]: [BT] SendShooterCommand SUCCESS C:AMR G:RSE B:R pos=(0.85,1.05)@own_leisure_area Enemy:blue Time:121.00
[INFO] [1772871294.298563009]: [BT] OutputRightSwitchState SUCCESS C:AMR G:RSE B:R pos=(0.85,1.05)@own_leisure_area Enemy:blue Time:123.00 switch=auto state=auto
[INFO] [1772871294.298629705]: [BT] ReviveIfDead SUCCESS C:AMR G:RSE B:R pos=(0.85,1.05)@own_leisure_area Enemy:blue Time:123.00 revive=done
[INFO] [1772871294.298658456]: [BT] GetPresentTime SUCCESS C:AMR G:RSE B:R pos=(0.85,1.05)@own_leisure_area Enemy:blue Time:123.00
[INFO] [1772871294.298698600]: [BT] GetPosInMap SUCCESS C:AMR G:RSE B:R pos=(0.85,1.05)@own_leisure_area Enemy:blue Time:123.00
[INFO] [1772871294.298724217]: [BT] GetPolygonInWhich SUCCESS C:AMR G:RSE B:R pos=(0.85,1.05)@own_leisure_area Enemy:blue Time:123.00 area=own_leisure_area
[INFO] [1772871294.298750701]: [BT] GetSentryCmd SUCCESS C:AMR G:RSE B:R pos=(0.85,1.05)@own_leisure_area Enemy:blue Time:123.00 area=own_leisure_area desired=0 mode=3 acc_sec=42 degraded=0 change=0
[INFO] [1772871294.298861310]: [BT] SetPidPlannerParam SUCCESS C:AMR G:RSE B:R pos=(0.85,1.05)@own_leisure_area Enemy:blue Time:123.00
[INFO] [1772871294.298902744]: [BT] GetChassisDecisions SUCCESS C:AMR G:RSE B:R pos=(0.85,1.05)@own_leisure_area Enemy:blue Time:123.00
[INFO] [1772871294.320448152]: [BT] SendChassisCommand SUCCESS C:AMR G:RSE B:R pos=(0.85,1.05)@own_leisure_area Enemy:blue Time:123.00
[INFO] [1772871294.320560624]: [BT] GetGimbalDecisions SUCCESS C:AMR G:RSE B:R pos=(0.85,1.05)@own_leisure_area Enemy:blue Time:123.00
[INFO] [1772871294.320675907]: [BT] SendGimbalCommand SUCCESS C:AMR G:RSE B:R pos=(0.85,1.05)@own_leisure_area Enemy:blue Time:123.00
[INFO] [1772871294.320716229]: [BT] GetShooterDecisions SUCCESS C:AMR G:RSE B:R pos=(0.85,1.05)@own_leisure_area Enemy:blue Time:123.00
[INFO] [1772871294.320765444]: [BT] SendShooterCommand SUCCESS C:AMR G:RSE B:R pos=(0.85,1.05)@own_leisure_area Enemy:blue Time:123.00
[INFO] [1772871294.805062252]: [BT] OutputRightSwitchState SUCCESS C:AMR G:RSE B:R pos=(0.85,1[WARN] [1772871295.085686589]: "yaw" passed to lookupTransform argument source_frame does not exist. 
[WARN] [1772871295.171842311]: "yaw" passed to lookupTransform argument target_frame does not exist. 
[WARN] [1772871295.214631275]: action not connect
[WARN] [1772871295.593495097]: "yaw" passed to lookupTransform argument source_frame does not exist. 
[WARN] [1772871295.678970236]: "yaw" passed to lookupTransform argument target_frame does not exist. 
[WARN] [1772871295.722184606]: action not connect
.05)@own_leisure_area Enemy:blue Time:124.00 switch=auto state=auto
[INFO] [1772871294.805214536]: [BT] ReviveIfDead SUCCESS C:AMR G:RSE B:R pos=(0.85,1.05)@own_leisure_area Enemy:blue Time:124.00 revive=done
[INFO] [1772871294.805267481]: [BT] GetPresentTime SUCCESS C:AMR G:RSE B:R pos=(0.85,1.05)@own_leisure_area Enemy:blue Time:124.00
[INFO] [1772871294.805351204]: [BT] GetPosInMap SUCCESS C:AMR G:RSE B:R pos=(0.85,1.05)@own_leisure_area Enemy:blue Time:124.00
[INFO] [1772871294.805402380]: [BT] GetPolygonInWhich SUCCESS C:AMR G:RSE B:R pos=(0.85,1.05)@own_leisure_area Enemy:blue Time:124.00 area=own_leisure_area
[INFO] [1772871294.805449918]: [BT] GetSentryCmd SUCCESS C:AMR G:RSE B:R pos=(0.85,1.05)@own_leisure_area Enemy:blue Time:124.00 area=own_leisure_area desired=0 mode=3 acc_sec=43 degraded=0 change=0
[INFO] [1772871294.805620286]: [BT] SetPidPlannerParam SUCCESS C:AMR G:RSE B:R pos=(0.85,1.05)@own_leisure_area Enemy:blue Time:124.00
[INFO] [1772871294.805684261]: [BT] GetChassisDecisions SUCCESS C:AMR G:RSE B:R pos=(0.85,1.05)@own_leisure_area Enemy:blue Time:124.00
[INFO] [1772871294.826936846]: [BT] SendChassisCommand SUCCESS C:AMR G:RSE B:R pos=(0.85,1.05)@own_leisure_area Enemy:blue Time:124.00
[INFO] [1772871294.827039216]: [BT] GetGimbalDecisions SUCCESS C:AMR G:RSE B:R pos=(0.85,1.05)@own_leisure_area Enemy:blue Time:124.00
[INFO] [1772871294.827164117]: [BT] SendGimbalCommand SUCCESS C:AMR G:RSE B:R pos=(0.85,1.05)@own_leisure_area Enemy:blue Time:124.00
[INFO] [1772871294.827206214]: [BT] GetShooterDecisions SUCCESS C:AMR G:RSE B:R pos=(0.85,1.05)@own_leisure_area Enemy:blue Time:124.00
[INFO] [1772871294.827256744]: [BT] SendShooterCommand SUCCESS C:AMR G:RSE B:R pos=(0.85,1.05)@own_leisure_area Enemy:blue Time:124.00
[INFO] [1772871295.312724552]: [BT] OutputRightSwitchState SUCCESS C:AMR G:RSE B:R pos=(0.85,1.05)@own_leisure_area Enemy:blue Time:126.00 switch=auto state=auto
[INFO] [1772871295.312797879]: [BT] ReviveIfDead SUCCESS C:AMR G:RSE B:R pos=(0.85,1.05)@own_leisure_area Enemy:blue Time:126.00 revive=done
[INFO] [1772871295.312850515]: [BT] GetPresentTime SUCCESS C:AMR G:RSE B:R pos=(0.85,1.05)@own_leisure_area Enemy:blue Time:126.00
[INFO] [1772871295.312891251]: [BT] GetPosInMap SUCCESS C:AMR G:RSE B:R pos=(0.85,1.05)@own_leisure_area Enemy:blue Time:126.00
[INFO] [1772871295.312922072]: [BT] GetPolygonInWhich SUCCESS C:AMR G:RSE B:R pos=(0.85,1.05)@own_leisure_area Enemy:blue Time:126.00 area=own_leisure_area
[INFO] [1772871295.312955075]: [BT] GetSentryCmd SUCCESS C:AMR G:RSE B:R pos=(0.85,1.05)@own_leisure_area Enemy:blue Time:126.00 area=own_leisure_area desired=0 mode=3 acc_sec=43 degraded=0 change=0
[INFO] [1772871295.313112226]: [BT] SetPidPlannerParam SUCCESS C:AMR G:RSE B:R pos=(0.85,1.05)@own_leisure_area Enemy:blue Time:126.00
[INFO] [1772871295.313168958]: [BT] GetChassisDecisions SUCCESS C:AMR G:RSE B:R pos=(0.85,1.05)@own_leisure_area Enemy:blue Time:126.00
[INFO] [1772871295.334093275]: [BT] SendChassisCommand SUCCESS C:AMR G:RSE B:R pos=(0.85,1.05)@own_leisure_area Enemy:blue Time:126.00
[INFO] [1772871295.334212196]: [BT] GetGimbalDecisions SUCCESS C:AMR G:RSE B:R pos=(0.85,1.05)@own_leisure_area Enemy:blue Time:126.00
[INFO] [1772871295.334488637]: [BT] SendGimbalCommand SUCCESS C:AMR G:RSE B:R pos=(0.85,1.05)@own_leisure_area Enemy:blue Time:126.00
[INFO] [1772871295.334547389]: [BT] GetShooterDecisions SUCCESS C:AMR G:RSE B:R pos=(0.85,1.05)@own_leisure_area Enemy:blue Time:126.00
[INFO] [1772871295.334598455]: [BT] SendShooterCommand SUCCESS C:AMR G:RSE B:R pos=(0.85,1.05)@own_leisure_area Enemy:blue Time:126.00
[INFO] [1772871295.819449298]: [BT] OutputRightSwitchState SUCCESS C:AMR G:RSE B:R pos=(0.85,1.05)@own_leisure_area Enemy:blue Time:127.00 switch=auto state=auto
[INFO] [1772871295.819544412]: [BT] ReviveIfDead SUCCESS C:AMR G:RSE B:R pos=(0.85,1.05)@own_leisure_area Enemy:blue Time:127.00 revive=done
[INFO] [1772871295.819586777]: [BT] GetPresentTime SUCCESS C:AMR G:RSE B:R pos=(0.85,1.05)@own_leisure_area Enemy:blue Time:127.00
[INFO] [1772871295.819640213]:[WARN] [1772871296.098823897]: "yaw" passed to lookupTransform argument source_frame does not exist. 
[WARN] [1772871296.185024670]: "yaw" passed to lookupTransform argument target_frame does not exist. 
[WARN] [1772871296.228193392]: action not connect
[WARN] [1772871296.606854019]: "yaw" passed to lookupTransform argument source_frame does not exist. 
[WARN] [1772871296.692770928]: "yaw" passed to lookupTransform argument target_frame does not exist. 
[WARN] [1772871296.736549708]: action not connect
 [BT] GetPosInMap SUCCESS C:AMR G:RSE B:R pos=(0.85,1.05)@own_leisure_area Enemy:blue Time:127.00
[INFO] [1772871295.819732885]: [BT] GetPolygonInWhich SUCCESS C:AMR G:RSE B:R pos=(0.85,1.05)@own_leisure_area Enemy:blue Time:127.00 area=own_leisure_area
[INFO] [1772871295.819778043]: [BT] GetSentryCmd SUCCESS C:AMR G:RSE B:R pos=(0.85,1.05)@own_leisure_area Enemy:blue Time:127.00 area=own_leisure_area desired=0 mode=3 acc_sec=44 degraded=0 change=0
[INFO] [1772871295.819938167]: [BT] SetPidPlannerParam SUCCESS C:AMR G:RSE B:R pos=(0.85,1.05)@own_leisure_area Enemy:blue Time:127.00
[INFO] [1772871295.819992478]: [BT] GetChassisDecisions SUCCESS C:AMR G:RSE B:R pos=(0.85,1.05)@own_leisure_area Enemy:blue Time:127.00
[INFO] [1772871295.841074963]: [BT] SendChassisCommand SUCCESS C:AMR G:RSE B:R pos=(0.85,1.05)@own_leisure_area Enemy:blue Time:127.00
[INFO] [1772871295.841204140]: [BT] GetGimbalDecisions SUCCESS C:AMR G:RSE B:R pos=(0.85,1.05)@own_leisure_area Enemy:blue Time:127.00
[INFO] [1772871295.841339688]: [BT] SendGimbalCommand SUCCESS C:AMR G:RSE B:R pos=(0.85,1.05)@own_leisure_area Enemy:blue Time:127.00
[INFO] [1772871295.841385161]: [BT] GetShooterDecisions SUCCESS C:AMR G:RSE B:R pos=(0.85,1.05)@own_leisure_area Enemy:blue Time:127.00
[INFO] [1772871295.841436087]: [BT] SendShooterCommand SUCCESS C:AMR G:RSE B:R pos=(0.85,1.05)@own_leisure_area Enemy:blue Time:127.00
[INFO] [1772871296.325411478]: [BT] OutputRightSwitchState SUCCESS C:AMR G:RSE B:R pos=(0.85,1.05)@own_leisure_area Enemy:blue Time:129.00 switch=auto state=auto
[INFO] [1772871296.325499605]: [BT] ReviveIfDead SUCCESS C:AMR G:RSE B:R pos=(0.85,1.05)@own_leisure_area Enemy:blue Time:129.00 revive=done
[INFO] [1772871296.325543452]: [BT] GetPresentTime SUCCESS C:AMR G:RSE B:R pos=(0.85,1.05)@own_leisure_area Enemy:blue Time:129.00
[INFO] [1772871296.325599005]: [BT] GetPosInMap SUCCESS C:AMR G:RSE B:R pos=(0.85,1.05)@own_leisure_area Enemy:blue Time:129.00
[INFO] [1772871296.325641303]: [BT] GetPolygonInWhich SUCCESS C:AMR G:RSE B:R pos=(0.85,1.05)@own_leisure_area Enemy:blue Time:129.00 area=own_leisure_area
[INFO] [1772871296.325683329]: [BT] GetSentryCmd SUCCESS C:AMR G:RSE B:R pos=(0.85,1.05)@own_leisure_area Enemy:blue Time:129.00 area=own_leisure_area desired=0 mode=3 acc_sec=44 degraded=0 change=0
[INFO] [1772871296.325821839]: [BT] SetPidPlannerParam SUCCESS C:AMR G:RSE B:R pos=(0.85,1.05)@own_leisure_area Enemy:blue Time:129.00
[INFO] [1772871296.325960403]: [BT] GetChassisDecisions SUCCESS C:AMR G:RSE B:R pos=(0.85,1.05)@own_leisure_area Enemy:blue Time:129.00
[INFO] [1772871296.347096639]: [BT] SendChassisCommand SUCCESS C:AMR G:RSE B:R pos=(0.85,1.05)@own_leisure_area Enemy:blue Time:129.00
[INFO] [1772871296.347186962]: [BT] GetGimbalDecisions SUCCESS C:AMR G:RSE B:R pos=(0.85,1.05)@own_leisure_area Enemy:blue Time:129.00
[INFO] [1772871296.347322603]: [BT] SendGimbalCommand SUCCESS C:AMR G:RSE B:R pos=(0.85,1.05)@own_leisure_area Enemy:blue Time:129.00
[INFO] [1772871296.347367073]: [BT] GetShooterDecisions SUCCESS C:AMR G:RSE B:R pos=(0.85,1.05)@own_leisure_area Enemy:blue Time:129.00
[INFO] [1772871296.347410937]: [BT] SendShooterCommand SUCCESS C:AMR G:RSE B:R pos=(0.85,1.05)@own_leisure_area Enemy:blue Time:129.00
[INFO] [1772871296.834337362]: [BT] OutputRightSwitchState SUCCESS C:AMR G:RSE B:R pos=(0.85,1.05)@own_leisure_area Enemy:blue Time:130.00 switch=auto state=auto
[INFO] [1772871296.834438941]: [BT] ReviveIfDead SUCCESS C:AMR G:RSE B:R pos=(0.85,1.05)@own_leisure_area Enemy:blue Time:130.00 revive=done
[INFO] [1772871296.834487473]: [BT] GetPresentTime SUCCESS C:AMR G:RSE B:R pos=(0.85,1.05)@own_leisure_area Enemy:blue Time:130.00
[INFO] [1772871296.834547683]: [BT] GetPosInMap SUCCESS C:AMR G:RSE B:R pos=(0.85,1.05)@own_leisure_area Enemy:blue Time:130.00
[INFO] [1772871296.834590390]: [BT] GetPolygonInWhich SUCCESS C:AMR G:RSE B:R pos=(0.85,1.05)@own_leisure_area Enemy:blue Time:130.00 area=own_leisure_area
[INFO] [1772871296.834633866]: [BT] GetSentryCmd SUCCESS C:AMR G:RSE B:R pos=(0.85,1.05)@own_leisure_area Enemy:blue[WARN] [1772871297.242284737]: action not connect
[WARN] [1772871297.745949683]: action not connect
 Time:130.00 area=own_leisure_area desired=0 mode=3 acc_sec=45 degraded=0 change=0
[INFO] [1772871296.834933135]: [BT] SetPidPlannerParam SUCCESS C:AMR G:RSE B:R pos=(0.85,1.05)@own_leisure_area Enemy:blue Time:130.00
[INFO] [1772871296.835044888]: [BT] GetChassisDecisions SUCCESS C:AMR G:RSE B:R pos=(0.85,1.05)@own_leisure_area Enemy:blue Time:130.00
[INFO] [1772871296.855962721]: [BT] SendChassisCommand SUCCESS C:AMR G:RSE B:R pos=(0.85,1.05)@own_leisure_area Enemy:blue Time:130.00
[INFO] [1772871296.856068263]: [BT] GetGimbalDecisions SUCCESS C:AMR G:RSE B:R pos=(0.85,1.05)@own_leisure_area Enemy:blue Time:130.00
[INFO] [1772871296.856190310]: [BT] SendGimbalCommand SUCCESS C:AMR G:RSE B:R pos=(0.85,1.05)@own_leisure_area Enemy:blue Time:130.00
[INFO] [1772871296.856248086]: [BT] GetShooterDecisions SUCCESS C:AMR G:RSE B:R pos=(0.85,1.05)@own_leisure_area Enemy:blue Time:130.00
[INFO] [1772871296.856314520]: [BT] SendShooterCommand SUCCESS C:AMR G:RSE B:R pos=(0.85,1.05)@own_leisure_area Enemy:blue Time:130.00
[INFO] [1772871296.921377732]: Present time:131 C:AMR G:TE B:R
[INFO] [1772871296.921494750]: Present time:131 Chassis:AMR Gimbal:TE Booster:P
[INFO] [1772871297.339461156]: [BT] OutputRightSwitchState SUCCESS C:AMR G:TE B:P pos=(0.85,1.05)@own_leisure_area Enemy:blue Time:132.00 switch=auto state=auto
[INFO] [1772871297.339560063]: [BT] ReviveIfDead SUCCESS C:AMR G:TE B:P pos=(0.85,1.05)@own_leisure_area Enemy:blue Time:132.00 revive=done
[INFO] [1772871297.339611080]: [BT] GetPresentTime SUCCESS C:AMR G:TE B:P pos=(0.85,1.05)@own_leisure_area Enemy:blue Time:132.00
[INFO] [1772871297.339671106]: [BT] GetPosInMap SUCCESS C:AMR G:TE B:P pos=(0.85,1.05)@own_leisure_area Enemy:blue Time:132.00
[INFO] [1772871297.339713249]: [BT] GetPolygonInWhich SUCCESS C:AMR G:TE B:P pos=(0.85,1.05)@own_leisure_area Enemy:blue Time:132.00 area=own_leisure_area
[INFO] [1772871297.339779268]: [BT] GetSentryCmd SUCCESS C:AMR G:TE B:P pos=(0.85,1.05)@own_leisure_area Enemy:blue Time:132.00 area=own_leisure_area desired=0 mode=3 acc_sec=45 degraded=0 change=0
[INFO] [1772871297.339942593]: [BT] SetPidPlannerParam SUCCESS C:AMR G:TE B:P pos=(0.85,1.05)@own_leisure_area Enemy:blue Time:132.00
[INFO] [1772871297.340006289]: [BT] GetChassisDecisions SUCCESS C:AMR G:TE B:P pos=(0.85,1.05)@own_leisure_area Enemy:blue Time:132.00
[INFO] [1772871297.361041610]: [BT] SendChassisCommand SUCCESS C:AMR G:TE B:P pos=(0.85,1.05)@own_leisure_area Enemy:blue Time:132.00
[INFO] [1772871297.361135316]: [BT] GetGimbalDecisions SUCCESS C:AMR G:TE B:P pos=(0.85,1.05)@own_leisure_area Enemy:blue Time:132.00
[INFO] [1772871297.361165358]: [BT] SendGimbalCommand SUCCESS C:AMR G:TE B:P pos=(0.85,1.05)@own_leisure_area Enemy:blue Time:132.00
[INFO] [1772871297.361189695]: [BT] GetShooterDecisions SUCCESS C:AMR G:TE B:P pos=(0.85,1.05)@own_leisure_area Enemy:blue Time:132.00
[INFO] [1772871297.361221469]: [BT] SendShooterCommand SUCCESS C:AMR G:TE B:P pos=(0.85,1.05)@own_leisure_area Enemy:blue Time:132.00
[INFO] [1772871297.842645934]: [BT] OutputRightSwitchState SUCCESS C:AMR G:TE B:P pos=(0.85,1.05)@own_leisure_area Enemy:blue Time:133.00 switch=auto state=auto
[INFO] [1772871297.842742819]: [BT] ReviveIfDead SUCCESS C:AMR G:TE B:P pos=(0.85,1.05)@own_leisure_area Enemy:blue Time:133.00 revive=done
[INFO] [1772871297.842799710]: [BT] GetPresentTime SUCCESS C:AMR G:TE B:P pos=(0.85,1.05)@own_leisure_area Enemy:blue Time:133.00
[INFO] [1772871297.842864688]: [BT] GetPosInMap SUCCESS C:AMR G:TE B:P pos=(0.85,1.05)@own_leisure_area Enemy:blue Time:133.00
[INFO] [1772871297.842907350]: [BT] GetPolygonInWhich SUCCESS C:AMR G:TE B:P pos=(0.85,1.05)@own_leisure_area Enemy:blue Time:133.00 area=own_leisure_area
[INFO] [1772871297.842954636]: [BT] GetSentryCmd SUCCESS C:AMR G:TE B:P pos=(0.85,1.05)@own_leisure_area Enemy:blue Time:133.00 area=own_leisure_area desired=0 mode=3 acc_sec=46 degraded=0 change=0
[INFO] [1772871297.843157879]: [BT] SetPidPlannerParam SUCCESS C:AMR G:TE B:P pos=(0.85,1.05)@own_leisure_area Enemy:blue Time:133.00
[INFO] [1772871297.843244226][WARN] [1772871298.251125564]: action not connect
[WARN] [1772871298.755312975]: action not connect
: [BT] GetChassisDecisions SUCCESS C:AMR G:TE B:P pos=(0.85,1.05)@own_leisure_area Enemy:blue Time:133.00
[INFO] [1772871297.864385287]: [BT] SendChassisCommand SUCCESS C:AMR G:TE B:P pos=(0.85,1.05)@own_leisure_area Enemy:blue Time:133.00
[INFO] [1772871297.864501526]: [BT] GetGimbalDecisions SUCCESS C:AMR G:TE B:P pos=(0.85,1.05)@own_leisure_area Enemy:blue Time:133.00
[INFO] [1772871297.864544459]: [BT] SendGimbalCommand SUCCESS C:AMR G:TE B:P pos=(0.85,1.05)@own_leisure_area Enemy:blue Time:133.00
[INFO] [1772871297.864578964]: [BT] GetShooterDecisions SUCCESS C:AMR G:TE B:P pos=(0.85,1.05)@own_leisure_area Enemy:blue Time:133.00
[INFO] [1772871297.864617754]: [BT] SendShooterCommand SUCCESS C:AMR G:TE B:P pos=(0.85,1.05)@own_leisure_area Enemy:blue Time:133.00
[INFO] [1772871298.348065837]: [BT] OutputRightSwitchState SUCCESS C:AMR G:TE B:P pos=(0.85,1.05)@own_leisure_area Enemy:blue Time:135.00 switch=auto state=auto
[INFO] [1772871298.348153405]: [BT] ReviveIfDead SUCCESS C:AMR G:TE B:P pos=(0.85,1.05)@own_leisure_area Enemy:blue Time:135.00 revive=done
[INFO] [1772871298.348196455]: [BT] GetPresentTime SUCCESS C:AMR G:TE B:P pos=(0.85,1.05)@own_leisure_area Enemy:blue Time:135.00
[INFO] [1772871298.348258509]: [BT] GetPosInMap SUCCESS C:AMR G:TE B:P pos=(0.85,1.05)@own_leisure_area Enemy:blue Time:135.00
[INFO] [1772871298.348308913]: [BT] GetPolygonInWhich SUCCESS C:AMR G:TE B:P pos=(0.85,1.05)@own_leisure_area Enemy:blue Time:135.00 area=own_leisure_area
[INFO] [1772871298.348357015]: [BT] GetSentryCmd SUCCESS C:AMR G:TE B:P pos=(0.85,1.05)@own_leisure_area Enemy:blue Time:135.00 area=own_leisure_area desired=0 mode=3 acc_sec=46 degraded=0 change=0
[INFO] [1772871298.348539764]: [BT] SetPidPlannerParam SUCCESS C:AMR G:TE B:P pos=(0.85,1.05)@own_leisure_area Enemy:blue Time:135.00
[INFO] [1772871298.348611278]: [BT] GetChassisDecisions SUCCESS C:AMR G:TE B:P pos=(0.85,1.05)@own_leisure_area Enemy:blue Time:135.00
[INFO] [1772871298.369717834]: [BT] SendChassisCommand SUCCESS C:AMR G:TE B:P pos=(0.85,1.05)@own_leisure_area Enemy:blue Time:135.00
[INFO] [1772871298.369841897]: [BT] GetGimbalDecisions SUCCESS C:AMR G:TE B:P pos=(0.85,1.05)@own_leisure_area Enemy:blue Time:135.00
[INFO] [1772871298.369907394]: [BT] SendGimbalCommand SUCCESS C:AMR G:TE B:P pos=(0.85,1.05)@own_leisure_area Enemy:blue Time:135.00
[INFO] [1772871298.369948030]: [BT] GetShooterDecisions SUCCESS C:AMR G:TE B:P pos=(0.85,1.05)@own_leisure_area Enemy:blue Time:135.00
[INFO] [1772871298.370002829]: [BT] SendShooterCommand SUCCESS C:AMR G:TE B:P pos=(0.85,1.05)@own_leisure_area Enemy:blue Time:135.00
[INFO] [1772871298.852903536]: [BT] OutputRightSwitchState SUCCESS C:AMR G:TE B:P pos=(0.85,1.05)@own_leisure_area Enemy:blue Time:136.00 switch=auto state=auto
[INFO] [1772871298.852967995]: [BT] ReviveIfDead SUCCESS C:AMR G:TE B:P pos=(0.85,1.05)@own_leisure_area Enemy:blue Time:136.00 revive=done
[INFO] [1772871298.853007139]: [BT] GetPresentTime SUCCESS C:AMR G:TE B:P pos=(0.85,1.05)@own_leisure_area Enemy:blue Time:136.00
[INFO] [1772871298.853047786]: [BT] GetPosInMap SUCCESS C:AMR G:TE B:P pos=(0.85,1.05)@own_leisure_area Enemy:blue Time:136.00
[INFO] [1772871298.853072539]: [BT] GetPolygonInWhich SUCCESS C:AMR G:TE B:P pos=(0.85,1.05)@own_leisure_area Enemy:blue Time:136.00 area=own_leisure_area
[INFO] [1772871298.853100736]: [BT] GetSentryCmd SUCCESS C:AMR G:TE B:P pos=(0.85,1.05)@own_leisure_area Enemy:blue Time:136.00 area=own_leisure_area desired=0 mode=3 acc_sec=47 degraded=0 change=0
[INFO] [1772871298.853210711]: [BT] SetPidPlannerParam SUCCESS C:AMR G:TE B:P pos=(0.85,1.05)@own_leisure_area Enemy:blue Time:136.00
[INFO] [1772871298.853268456]: [BT] GetChassisDecisions SUCCESS C:AMR G:TE B:P pos=(0.85,1.05)@own_leisure_area Enemy:blue Time:136.00
[INFO] [1772871298.874204022]: [BT] SendChassisCommand SUCCESS C:AMR G:TE B:P pos=(0.85,1.05)@own_leisure_area Enemy:blue Time:136.00
[INFO] [1772871298.874339400]: [BT] GetGimbalDecisions SUCCESS C:AMR G:TE B:P pos=(0.85,1.05)@own_leisure_area Enemy:blue Time:136.00
[INFO] [1772871298.874[WARN] [1772871299.259262818]: action not connect
[WARN] [1772871299.764046964]: action not connect
[WARN] [1772871300.267550536]: action not connect
409767]: [BT] SendGimbalCommand SUCCESS C:AMR G:TE B:P pos=(0.85,1.05)@own_leisure_area Enemy:blue Time:136.00
[INFO] [1772871298.874511359]: [BT] GetShooterDecisions SUCCESS C:AMR G:TE B:P pos=(0.85,1.05)@own_leisure_area Enemy:blue Time:136.00
[INFO] [1772871298.874814009]: [BT] SendShooterCommand SUCCESS C:AMR G:TE B:P pos=(0.85,1.05)@own_leisure_area Enemy:blue Time:136.00
[INFO] [1772871299.356467299]: [BT] OutputRightSwitchState SUCCESS C:AMR G:TE B:P pos=(0.85,1.05)@own_leisure_area Enemy:blue Time:138.00 switch=auto state=auto
[INFO] [1772871299.356564918]: [BT] ReviveIfDead SUCCESS C:AMR G:TE B:P pos=(0.85,1.05)@own_leisure_area Enemy:blue Time:138.00 revive=done
[INFO] [1772871299.356615678]: [BT] GetPresentTime SUCCESS C:AMR G:TE B:P pos=(0.85,1.05)@own_leisure_area Enemy:blue Time:138.00
[INFO] [1772871299.356695846]: [BT] GetPosInMap SUCCESS C:AMR G:TE B:P pos=(0.85,1.05)@own_leisure_area Enemy:blue Time:138.00
[INFO] [1772871299.356739116]: [BT] GetPolygonInWhich SUCCESS C:AMR G:TE B:P pos=(0.85,1.05)@own_leisure_area Enemy:blue Time:138.00 area=own_leisure_area
[INFO] [1772871299.356799305]: [BT] GetSentryCmd SUCCESS C:AMR G:TE B:P pos=(0.85,1.05)@own_leisure_area Enemy:blue Time:138.00 area=own_leisure_area desired=0 mode=3 acc_sec=47 degraded=0 change=0
[INFO] [1772871299.356969811]: [BT] SetPidPlannerParam SUCCESS C:AMR G:TE B:P pos=(0.85,1.05)@own_leisure_area Enemy:blue Time:138.00
[INFO] [1772871299.357052230]: [BT] GetChassisDecisions SUCCESS C:AMR G:TE B:P pos=(0.85,1.05)@own_leisure_area Enemy:blue Time:138.00
[INFO] [1772871299.377921003]: [BT] SendChassisCommand SUCCESS C:AMR G:TE B:P pos=(0.85,1.05)@own_leisure_area Enemy:blue Time:138.00
[INFO] [1772871299.378038948]: [BT] GetGimbalDecisions SUCCESS C:AMR G:TE B:P pos=(0.85,1.05)@own_leisure_area Enemy:blue Time:138.00
[INFO] [1772871299.378094357]: [BT] SendGimbalCommand SUCCESS C:AMR G:TE B:P pos=(0.85,1.05)@own_leisure_area Enemy:blue Time:138.00
[INFO] [1772871299.378136110]: [BT] GetShooterDecisions SUCCESS C:AMR G:TE B:P pos=(0.85,1.05)@own_leisure_area Enemy:blue Time:138.00
[INFO] [1772871299.378186067]: [BT] SendShooterCommand SUCCESS C:AMR G:TE B:P pos=(0.85,1.05)@own_leisure_area Enemy:blue Time:138.00
[INFO] [1772871299.861728139]: [BT] OutputRightSwitchState SUCCESS C:AMR G:TE B:P pos=(0.85,1.05)@own_leisure_area Enemy:blue Time:139.00 switch=auto state=auto
[INFO] [1772871299.861837483]: [BT] ReviveIfDead SUCCESS C:AMR G:TE B:P pos=(0.85,1.05)@own_leisure_area Enemy:blue Time:139.00 revive=done
[INFO] [1772871299.861883293]: [BT] GetPresentTime SUCCESS C:AMR G:TE B:P pos=(0.85,1.05)@own_leisure_area Enemy:blue Time:139.00
[INFO] [1772871299.861945257]: [BT] GetPosInMap SUCCESS C:AMR G:TE B:P pos=(0.85,1.05)@own_leisure_area Enemy:blue Time:139.00
[INFO] [1772871299.861992500]: [BT] GetPolygonInWhich SUCCESS C:AMR G:TE B:P pos=(0.85,1.05)@own_leisure_area Enemy:blue Time:139.00 area=own_leisure_area
[INFO] [1772871299.862039063]: [BT] GetSentryCmd SUCCESS C:AMR G:TE B:P pos=(0.85,1.05)@own_leisure_area Enemy:blue Time:139.00 area=own_leisure_area desired=0 mode=3 acc_sec=48 degraded=0 change=0
[INFO] [1772871299.862284323]: [BT] SetPidPlannerParam SUCCESS C:AMR G:TE B:P pos=(0.85,1.05)@own_leisure_area Enemy:blue Time:139.00
[INFO] [1772871299.862401927]: [BT] GetChassisDecisions SUCCESS C:AMR G:TE B:P pos=(0.85,1.05)@own_leisure_area Enemy:blue Time:139.00
[INFO] [1772871299.883493452]: [BT] SendChassisCommand SUCCESS C:AMR G:TE B:P pos=(0.85,1.05)@own_leisure_area Enemy:blue Time:139.00
[INFO] [1772871299.883628345]: [BT] GetGimbalDecisions SUCCESS C:AMR G:TE B:P pos=(0.85,1.05)@own_leisure_area Enemy:blue Time:139.00
[INFO] [1772871299.883685674]: [BT] SendGimbalCommand SUCCESS C:AMR G:TE B:P pos=(0.85,1.05)@own_leisure_area Enemy:blue Time:139.00
[INFO] [1772871299.883736335]: [BT] GetShooterDecisions SUCCESS C:AMR G:TE B:P pos=(0.85,1.05)@own_leisure_area Enemy:blue Time:139.00
[INFO] [1772871299.883789931]: [BT] SendShooterCommand SUCCESS C:AMR G:TE B:P pos=(0.85,1.05)@own_leisure_area Enemy:blue Time:139.00
[INFO] [17728713[WARN] [1772871300.771986053]: action not connect
[WARN] [1772871301.275757757]: action not connect
00.364325199]: [BT] OutputRightSwitchState SUCCESS C:AMR G:TE B:P pos=(0.85,1.05)@own_leisure_area Enemy:blue Time:141.00 switch=auto state=auto
[INFO] [1772871300.364432330]: [BT] ReviveIfDead SUCCESS C:AMR G:TE B:P pos=(0.85,1.05)@own_leisure_area Enemy:blue Time:141.00 revive=done
[INFO] [1772871300.364467809]: [BT] GetPresentTime SUCCESS C:AMR G:TE B:P pos=(0.85,1.05)@own_leisure_area Enemy:blue Time:141.00
[INFO] [1772871300.364527742]: [BT] GetPosInMap SUCCESS C:AMR G:TE B:P pos=(0.85,1.05)@own_leisure_area Enemy:blue Time:141.00
[INFO] [1772871300.364557958]: [BT] GetPolygonInWhich SUCCESS C:AMR G:TE B:P pos=(0.85,1.05)@own_leisure_area Enemy:blue Time:141.00 area=own_leisure_area
[INFO] [1772871300.364595202]: [BT] GetSentryCmd SUCCESS C:AMR G:TE B:P pos=(0.85,1.05)@own_leisure_area Enemy:blue Time:141.00 area=own_leisure_area desired=0 mode=3 acc_sec=48 degraded=0 change=0
[INFO] [1772871300.364723519]: [BT] SetPidPlannerParam SUCCESS C:AMR G:TE B:P pos=(0.85,1.05)@own_leisure_area Enemy:blue Time:141.00
[INFO] [1772871300.364769548]: [BT] GetChassisDecisions SUCCESS C:AMR G:TE B:P pos=(0.85,1.05)@own_leisure_area Enemy:blue Time:141.00
[INFO] [1772871300.385909463]: [BT] SendChassisCommand SUCCESS C:AMR G:TE B:P pos=(0.85,1.05)@own_leisure_area Enemy:blue Time:141.00
[INFO] [1772871300.386039104]: [BT] GetGimbalDecisions SUCCESS C:AMR G:TE B:P pos=(0.85,1.05)@own_leisure_area Enemy:blue Time:141.00
[INFO] [1772871300.386113399]: [BT] SendGimbalCommand SUCCESS C:AMR G:TE B:P pos=(0.85,1.05)@own_leisure_area Enemy:blue Time:141.00
[INFO] [1772871300.386162869]: [BT] GetShooterDecisions SUCCESS C:AMR G:TE B:P pos=(0.85,1.05)@own_leisure_area Enemy:blue Time:141.00
[INFO] [1772871300.386230378]: [BT] SendShooterCommand SUCCESS C:AMR G:TE B:P pos=(0.85,1.05)@own_leisure_area Enemy:blue Time:141.00
[INFO] [1772871300.869313628]: [BT] OutputRightSwitchState SUCCESS C:AMR G:TE B:P pos=(0.85,1.05)@own_leisure_area Enemy:blue Time:142.00 switch=auto state=auto
[INFO] [1772871300.869415486]: [BT] ReviveIfDead SUCCESS C:AMR G:TE B:P pos=(0.85,1.05)@own_leisure_area Enemy:blue Time:142.00 revive=done
[INFO] [1772871300.869518847]: [BT] GetPresentTime SUCCESS C:AMR G:TE B:P pos=(0.85,1.05)@own_leisure_area Enemy:blue Time:142.00
[INFO] [1772871300.869602258]: [BT] GetPosInMap SUCCESS C:AMR G:TE B:P pos=(0.85,1.05)@own_leisure_area Enemy:blue Time:142.00
[INFO] [1772871300.869642468]: [BT] GetPolygonInWhich SUCCESS C:AMR G:TE B:P pos=(0.85,1.05)@own_leisure_area Enemy:blue Time:142.00 area=own_leisure_area
[INFO] [1772871300.869684007]: [BT] GetSentryCmd SUCCESS C:AMR G:TE B:P pos=(0.85,1.05)@own_leisure_area Enemy:blue Time:142.00 area=own_leisure_area desired=0 mode=3 acc_sec=49 degraded=0 change=0
[INFO] [1772871300.869827985]: [BT] SetPidPlannerParam SUCCESS C:AMR G:TE B:P pos=(0.85,1.05)@own_leisure_area Enemy:blue Time:142.00
[INFO] [1772871300.869884758]: [BT] GetChassisDecisions SUCCESS C:AMR G:TE B:P pos=(0.85,1.05)@own_leisure_area Enemy:blue Time:142.00
[INFO] [1772871300.890803568]: [BT] SendChassisCommand SUCCESS C:AMR G:TE B:P pos=(0.85,1.05)@own_leisure_area Enemy:blue Time:142.00
[INFO] [1772871300.890934321]: [BT] GetGimbalDecisions SUCCESS C:AMR G:TE B:P pos=(0.85,1.05)@own_leisure_area Enemy:blue Time:142.00
[INFO] [1772871300.890993521]: [BT] SendGimbalCommand SUCCESS C:AMR G:TE B:P pos=(0.85,1.05)@own_leisure_area Enemy:blue Time:142.00
[INFO] [1772871300.891041142]: [BT] GetShooterDecisions SUCCESS C:AMR G:TE B:P pos=(0.85,1.05)@own_leisure_area Enemy:blue Time:142.00
[INFO] [1772871300.891104507]: [BT] SendShooterCommand SUCCESS C:AMR G:TE B:P pos=(0.85,1.05)@own_leisure_area Enemy:blue Time:142.00
[INFO] [1772871301.371633366]: [BT] OutputRightSwitchState SUCCESS C:AMR G:TE B:P pos=(0.85,1.05)@own_leisure_area Enemy:blue Time:144.00 switch=auto state=auto
[INFO] [1772871301.371755823]: [BT] ReviveIfDead SUCCESS C:AMR G:TE B:P pos=(0.85,1.05)@own_leisure_area Enemy:blue Time:144.00 revive=done
[INFO] [1772871301.371813421]: [BT] GetPresentTime SUCCESS C:AMR G:TE B:P pos=(0.85,1.05)@own_leisure_area Enem[WARN] [1772871301.778687997]: action not connect
[WARN] [1772871302.282913540]: action not connect
y:blue Time:144.00
[INFO] [1772871301.372010946]: [BT] GetPosInMap SUCCESS C:AMR G:TE B:P pos=(0.85,1.05)@own_leisure_area Enemy:blue Time:144.00
[INFO] [1772871301.372056591]: [BT] GetPolygonInWhich SUCCESS C:AMR G:TE B:P pos=(0.85,1.05)@own_leisure_area Enemy:blue Time:144.00 area=own_leisure_area
[INFO] [1772871301.372105423]: [BT] GetSentryCmd SUCCESS C:AMR G:TE B:P pos=(0.85,1.05)@own_leisure_area Enemy:blue Time:144.00 area=own_leisure_area desired=0 mode=3 acc_sec=49 degraded=0 change=0
[INFO] [1772871301.372311453]: [BT] SetPidPlannerParam SUCCESS C:AMR G:TE B:P pos=(0.85,1.05)@own_leisure_area Enemy:blue Time:144.00
[INFO] [1772871301.372381913]: [BT] GetChassisDecisions SUCCESS C:AMR G:TE B:P pos=(0.85,1.05)@own_leisure_area Enemy:blue Time:144.00
[INFO] [1772871301.393234530]: [BT] SendChassisCommand SUCCESS C:AMR G:TE B:P pos=(0.85,1.05)@own_leisure_area Enemy:blue Time:144.00
[INFO] [1772871301.393363443]: [BT] GetGimbalDecisions SUCCESS C:AMR G:TE B:P pos=(0.85,1.05)@own_leisure_area Enemy:blue Time:144.00
[INFO] [1772871301.393406044]: [BT] SendGimbalCommand SUCCESS C:AMR G:TE B:P pos=(0.85,1.05)@own_leisure_area Enemy:blue Time:144.00
[INFO] [1772871301.393437358]: [BT] GetShooterDecisions SUCCESS C:AMR G:TE B:P pos=(0.85,1.05)@own_leisure_area Enemy:blue Time:144.00
[INFO] [1772871301.393475366]: [BT] SendShooterCommand SUCCESS C:AMR G:TE B:P pos=(0.85,1.05)@own_leisure_area Enemy:blue Time:144.00
[INFO] [1772871301.875981028]: [BT] OutputRightSwitchState SUCCESS C:AMR G:TE B:P pos=(0.85,1.05)@own_leisure_area Enemy:blue Time:145.00 switch=auto state=auto
[INFO] [1772871301.876050508]: [BT] ReviveIfDead SUCCESS C:AMR G:TE B:P pos=(0.85,1.05)@own_leisure_area Enemy:blue Time:145.00 revive=done
[INFO] [1772871301.876099242]: [BT] GetPresentTime SUCCESS C:AMR G:TE B:P pos=(0.85,1.05)@own_leisure_area Enemy:blue Time:145.00
[INFO] [1772871301.876158639]: [BT] GetPosInMap SUCCESS C:AMR G:TE B:P pos=(0.85,1.05)@own_leisure_area Enemy:blue Time:145.00
[INFO] [1772871301.876188130]: [BT] GetPolygonInWhich SUCCESS C:AMR G:TE B:P pos=(0.85,1.05)@own_leisure_area Enemy:blue Time:145.00 area=own_leisure_area
[INFO] [1772871301.876219113]: [BT] GetSentryCmd SUCCESS C:AMR G:TE B:P pos=(0.85,1.05)@own_leisure_area Enemy:blue Time:145.00 area=own_leisure_area desired=0 mode=3 acc_sec=50 degraded=0 change=0
[INFO] [1772871301.876341635]: [BT] SetPidPlannerParam SUCCESS C:AMR G:TE B:P pos=(0.85,1.05)@own_leisure_area Enemy:blue Time:145.00
[INFO] [1772871301.876396731]: [BT] GetChassisDecisions SUCCESS C:AMR G:TE B:P pos=(0.85,1.05)@own_leisure_area Enemy:blue Time:145.00
[INFO] [1772871301.897316229]: [BT] SendChassisCommand SUCCESS C:AMR G:TE B:P pos=(0.85,1.05)@own_leisure_area Enemy:blue Time:145.00
[INFO] [1772871301.897441060]: [BT] GetGimbalDecisions SUCCESS C:AMR G:TE B:P pos=(0.85,1.05)@own_leisure_area Enemy:blue Time:145.00
[INFO] [1772871301.897493313]: [BT] SendGimbalCommand SUCCESS C:AMR G:TE B:P pos=(0.85,1.05)@own_leisure_area Enemy:blue Time:145.00
[INFO] [1772871301.897536077]: [BT] GetShooterDecisions SUCCESS C:AMR G:TE B:P pos=(0.85,1.05)@own_leisure_area Enemy:blue Time:145.00
[INFO] [1772871301.897590132]: [BT] SendShooterCommand SUCCESS C:AMR G:TE B:P pos=(0.85,1.05)@own_leisure_area Enemy:blue Time:145.00
[INFO] [1772871302.379551930]: [BT] OutputRightSwitchState SUCCESS C:AMR G:TE B:P pos=(0.85,1.05)@own_leisure_area Enemy:blue Time:147.00 switch=auto state=auto
[INFO] [1772871302.379652057]: [BT] ReviveIfDead SUCCESS C:AMR G:TE B:P pos=(0.85,1.05)@own_leisure_area Enemy:blue Time:147.00 revive=done
[INFO] [1772871302.379698328]: [BT] GetPresentTime SUCCESS C:AMR G:TE B:P pos=(0.85,1.05)@own_leisure_area Enemy:blue Time:147.00
[INFO] [1772871302.379758942]: [BT] GetPosInMap SUCCESS C:AMR G:TE B:P pos=(0.85,1.05)@own_leisure_area Enemy:blue Time:147.00
[INFO] [1772871302.379798575]: [BT] GetPolygonInWhich SUCCESS C:AMR G:TE B:P pos=(0.85,1.05)@own_leisure_area Enemy:blue Time:147.00 area=own_leisure_area
[INFO] [1772871302.379839943]: [BT] GetSentryCmd SUCCESS C:AMR G:TE B:P pos=(0.85,1.05)@own_lei[WARN] [1772871302.787090590]: action not connect
[WARN] [1772871303.291797579]: action not connect
sure_area Enemy:blue Time:147.00 area=own_leisure_area desired=0 mode=3 acc_sec=50 degraded=0 change=0
[INFO] [1772871302.380047274]: [BT] SetPidPlannerParam SUCCESS C:AMR G:TE B:P pos=(0.85,1.05)@own_leisure_area Enemy:blue Time:147.00
[INFO] [1772871302.380110231]: [BT] GetChassisDecisions SUCCESS C:AMR G:TE B:P pos=(0.85,1.05)@own_leisure_area Enemy:blue Time:147.00
[INFO] [1772871302.401144700]: [BT] SendChassisCommand SUCCESS C:AMR G:TE B:P pos=(0.85,1.05)@own_leisure_area Enemy:blue Time:147.00
[INFO] [1772871302.401268284]: [BT] GetGimbalDecisions SUCCESS C:AMR G:TE B:P pos=(0.85,1.05)@own_leisure_area Enemy:blue Time:147.00
[INFO] [1772871302.401326355]: [BT] SendGimbalCommand SUCCESS C:AMR G:TE B:P pos=(0.85,1.05)@own_leisure_area Enemy:blue Time:147.00
[INFO] [1772871302.401365072]: [BT] GetShooterDecisions SUCCESS C:AMR G:TE B:P pos=(0.85,1.05)@own_leisure_area Enemy:blue Time:147.00
[INFO] [1772871302.401429577]: [BT] SendShooterCommand SUCCESS C:AMR G:TE B:P pos=(0.85,1.05)@own_leisure_area Enemy:blue Time:147.00
[INFO] [1772871302.884082579]: [BT] OutputRightSwitchState SUCCESS C:AMR G:TE B:P pos=(0.85,1.05)@own_leisure_area Enemy:blue Time:148.00 switch=auto state=auto
[INFO] [1772871302.884147782]: [BT] ReviveIfDead SUCCESS C:AMR G:TE B:P pos=(0.85,1.05)@own_leisure_area Enemy:blue Time:148.00 revive=done
[INFO] [1772871302.884175247]: [BT] GetPresentTime SUCCESS C:AMR G:TE B:P pos=(0.85,1.05)@own_leisure_area Enemy:blue Time:148.00
[INFO] [1772871302.884244048]: [BT] GetPosInMap SUCCESS C:AMR G:TE B:P pos=(0.85,1.05)@own_leisure_area Enemy:blue Time:148.00
[INFO] [1772871302.884267108]: [BT] GetPolygonInWhich SUCCESS C:AMR G:TE B:P pos=(0.85,1.05)@own_leisure_area Enemy:blue Time:148.00 area=own_leisure_area
[INFO] [1772871302.884302196]: [BT] GetSentryCmd SUCCESS C:AMR G:TE B:P pos=(0.85,1.05)@own_leisure_area Enemy:blue Time:148.00 area=own_leisure_area desired=0 mode=3 acc_sec=51 degraded=0 change=0
[INFO] [1772871302.884454975]: [BT] SetPidPlannerParam SUCCESS C:AMR G:TE B:P pos=(0.85,1.05)@own_leisure_area Enemy:blue Time:148.00
[INFO] [1772871302.884502280]: [BT] GetChassisDecisions SUCCESS C:AMR G:TE B:P pos=(0.85,1.05)@own_leisure_area Enemy:blue Time:148.00
[INFO] [1772871302.905719646]: [BT] SendChassisCommand SUCCESS C:AMR G:TE B:P pos=(0.85,1.05)@own_leisure_area Enemy:blue Time:148.00
[INFO] [1772871302.905872140]: [BT] GetGimbalDecisions SUCCESS C:AMR G:TE B:P pos=(0.85,1.05)@own_leisure_area Enemy:blue Time:148.00
[INFO] [1772871302.905963069]: [BT] SendGimbalCommand SUCCESS C:AMR G:TE B:P pos=(0.85,1.05)@own_leisure_area Enemy:blue Time:148.00
[INFO] [1772871302.906011531]: [BT] GetShooterDecisions SUCCESS C:AMR G:TE B:P pos=(0.85,1.05)@own_leisure_area Enemy:blue Time:148.00
[INFO] [1772871302.906060014]: [BT] SendShooterCommand SUCCESS C:AMR G:TE B:P pos=(0.85,1.05)@own_leisure_area Enemy:blue Time:148.00
[INFO] [1772871303.388474949]: [BT] OutputRightSwitchState SUCCESS C:AMR G:TE B:P pos=(0.85,1.05)@own_leisure_area Enemy:blue Time:150.00 switch=auto state=auto
[INFO] [1772871303.388579188]: [BT] ReviveIfDead SUCCESS C:AMR G:TE B:P pos=(0.85,1.05)@own_leisure_area Enemy:blue Time:150.00 revive=done
[INFO] [1772871303.388627509]: [BT] GetPresentTime SUCCESS C:AMR G:TE B:P pos=(0.85,1.05)@own_leisure_area Enemy:blue Time:150.00
[INFO] [1772871303.388699886]: [BT] GetPosInMap SUCCESS C:AMR G:TE B:P pos=(0.85,1.05)@own_leisure_area Enemy:blue Time:150.00
[INFO] [1772871303.388742676]: [BT] GetPolygonInWhich SUCCESS C:AMR G:TE B:P pos=(0.85,1.05)@own_leisure_area Enemy:blue Time:150.00 area=own_leisure_area
[INFO] [1772871303.388789369]: [BT] GetSentryCmd SUCCESS C:AMR G:TE B:P pos=(0.85,1.05)@own_leisure_area Enemy:blue Time:150.00 area=own_leisure_area desired=0 mode=3 acc_sec=51 degraded=0 change=0
[INFO] [1772871303.388965602]: [BT] SetPidPlannerParam SUCCESS C:AMR G:TE B:P pos=(0.85,1.05)@own_leisure_area Enemy:blue Time:150.00
[INFO] [1772871303.389034229]: [BT] GetChassisDecisions SUCCESS C:AMR G:TE B:P pos=(0.85,1.05)@own_leisure_area Enemy:blue Time:150.00
[INFO] [1772871303.41048[WARN] [1772871303.796708238]: action not connect
[WARN] [1772871304.299245147]: action not connect
8196]: [BT] SendChassisCommand SUCCESS C:AMR G:TE B:P pos=(0.85,1.05)@own_leisure_area Enemy:blue Time:150.00
[INFO] [1772871303.410645989]: [BT] GetGimbalDecisions SUCCESS C:AMR G:TE B:P pos=(0.85,1.05)@own_leisure_area Enemy:blue Time:150.00
[INFO] [1772871303.410779592]: [BT] SendGimbalCommand SUCCESS C:AMR G:TE B:P pos=(0.85,1.05)@own_leisure_area Enemy:blue Time:150.00
[INFO] [1772871303.410817288]: [BT] GetShooterDecisions SUCCESS C:AMR G:TE B:P pos=(0.85,1.05)@own_leisure_area Enemy:blue Time:150.00
[INFO] [1772871303.410856435]: [BT] SendShooterCommand SUCCESS C:AMR G:TE B:P pos=(0.85,1.05)@own_leisure_area Enemy:blue Time:150.00
[INFO] [1772871303.894674653]: [BT] OutputRightSwitchState SUCCESS C:AMR G:TE B:P pos=(0.85,1.05)@own_leisure_area Enemy:blue Time:151.00 switch=auto state=auto
[INFO] [1772871303.894795406]: [BT] ReviveIfDead SUCCESS C:AMR G:TE B:P pos=(0.85,1.05)@own_leisure_area Enemy:blue Time:151.00 revive=done
[INFO] [1772871303.894849005]: [BT] GetPresentTime SUCCESS C:AMR G:TE B:P pos=(0.85,1.05)@own_leisure_area Enemy:blue Time:151.00
[INFO] [1772871303.894918690]: [BT] GetPosInMap SUCCESS C:AMR G:TE B:P pos=(0.85,1.05)@own_leisure_area Enemy:blue Time:151.00
[INFO] [1772871303.894972354]: [BT] GetPolygonInWhich SUCCESS C:AMR G:TE B:P pos=(0.85,1.05)@own_leisure_area Enemy:blue Time:151.00 area=own_leisure_area
[INFO] [1772871303.895026540]: [BT] GetSentryCmd SUCCESS C:AMR G:TE B:P pos=(0.85,1.05)@own_leisure_area Enemy:blue Time:151.00 area=own_leisure_area desired=0 mode=3 acc_sec=52 degraded=0 change=0
[INFO] [1772871303.895229556]: [BT] SetPidPlannerParam SUCCESS C:AMR G:TE B:P pos=(0.85,1.05)@own_leisure_area Enemy:blue Time:151.00
[INFO] [1772871303.895314284]: [BT] GetChassisDecisions SUCCESS C:AMR G:TE B:P pos=(0.85,1.05)@own_leisure_area Enemy:blue Time:151.00
[INFO] [1772871303.916347666]: [BT] SendChassisCommand SUCCESS C:AMR G:TE B:P pos=(0.85,1.05)@own_leisure_area Enemy:blue Time:151.00
[INFO] [1772871303.916523205]: [BT] GetGimbalDecisions SUCCESS C:AMR G:TE B:P pos=(0.85,1.05)@own_leisure_area Enemy:blue Time:151.00
[INFO] [1772871303.916593680]: [BT] SendGimbalCommand SUCCESS C:AMR G:TE B:P pos=(0.85,1.05)@own_leisure_area Enemy:blue Time:151.00
[INFO] [1772871303.916651069]: [BT] GetShooterDecisions SUCCESS C:AMR G:TE B:P pos=(0.85,1.05)@own_leisure_area Enemy:blue Time:151.00
[INFO] [1772871303.916731379]: [BT] SendShooterCommand SUCCESS C:AMR G:TE B:P pos=(0.85,1.05)@own_leisure_area Enemy:blue Time:151.00
[INFO] [1772871304.395733872]: [BT] OutputRightSwitchState SUCCESS C:AMR G:TE B:P pos=(0.85,1.05)@own_leisure_area Enemy:blue Time:153.00 switch=auto state=auto
[INFO] [1772871304.395837256]: [BT] ReviveIfDead SUCCESS C:AMR G:TE B:P pos=(0.85,1.05)@own_leisure_area Enemy:blue Time:153.00 revive=done
[INFO] [1772871304.395886944]: [BT] GetPresentTime SUCCESS C:AMR G:TE B:P pos=(0.85,1.05)@own_leisure_area Enemy:blue Time:153.00
[INFO] [1772871304.395976462]: [BT] GetPosInMap SUCCESS C:AMR G:TE B:P pos=(0.85,1.05)@own_leisure_area Enemy:blue Time:153.00
[INFO] [1772871304.396025424]: [BT] GetPolygonInWhich SUCCESS C:AMR G:TE B:P pos=(0.85,1.05)@own_leisure_area Enemy:blue Time:153.00 area=own_leisure_area
[INFO] [1772871304.396072368]: [BT] GetSentryCmd SUCCESS C:AMR G:TE B:P pos=(0.85,1.05)@own_leisure_area Enemy:blue Time:153.00 area=own_leisure_area desired=0 mode=3 acc_sec=52 degraded=0 change=0
[INFO] [1772871304.396235544]: [BT] SetPidPlannerParam SUCCESS C:AMR G:TE B:P pos=(0.85,1.05)@own_leisure_area Enemy:blue Time:153.00
[INFO] [1772871304.396327906]: [BT] GetChassisDecisions SUCCESS C:AMR G:TE B:P pos=(0.85,1.05)@own_leisure_area Enemy:blue Time:153.00
[INFO] [1772871304.417282062]: [BT] SendChassisCommand SUCCESS C:AMR G:TE B:P pos=(0.85,1.05)@own_leisure_area Enemy:blue Time:153.00
[INFO] [1772871304.417434070]: [BT] GetGimbalDecisions SUCCESS C:AMR G:TE B:P pos=(0.85,1.05)@own_leisure_area Enemy:blue Time:153.00
[INFO] [1772871304.417494433]: [BT] SendGimbalCommand SUCCESS C:AMR G:TE B:P pos=(0.85,1.05)@own_leisure_area Enemy:blue Time:153.00
[INFO] [1772871304.[WARN] [1772871304.801300076]: action not connect
[WARN] [1772871305.303640206]: action not connect
[WARN] [1772871305.804976016]: action not connect
417542350]: [BT] GetShooterDecisions SUCCESS C:AMR G:TE B:P pos=(0.85,1.05)@own_leisure_area Enemy:blue Time:153.00
[INFO] [1772871304.417682881]: [BT] SendShooterCommand SUCCESS C:AMR G:TE B:P pos=(0.85,1.05)@own_leisure_area Enemy:blue Time:153.00
[INFO] [1772871304.897740620]: [BT] OutputRightSwitchState SUCCESS C:AMR G:TE B:P pos=(0.85,1.05)@own_leisure_area Enemy:blue Time:154.00 switch=auto state=auto
[INFO] [1772871304.897832119]: [BT] ReviveIfDead SUCCESS C:AMR G:TE B:P pos=(0.85,1.05)@own_leisure_area Enemy:blue Time:154.00 revive=done
[INFO] [1772871304.897878197]: [BT] GetPresentTime SUCCESS C:AMR G:TE B:P pos=(0.85,1.05)@own_leisure_area Enemy:blue Time:154.00
[INFO] [1772871304.897940864]: [BT] GetPosInMap SUCCESS C:AMR G:TE B:P pos=(0.85,1.05)@own_leisure_area Enemy:blue Time:154.00
[INFO] [1772871304.897982334]: [BT] GetPolygonInWhich SUCCESS C:AMR G:TE B:P pos=(0.85,1.05)@own_leisure_area Enemy:blue Time:154.00 area=own_leisure_area
[INFO] [1772871304.898026238]: [BT] GetSentryCmd SUCCESS C:AMR G:TE B:P pos=(0.85,1.05)@own_leisure_area Enemy:blue Time:154.00 area=own_leisure_area desired=0 mode=3 acc_sec=53 degraded=0 change=0
[INFO] [1772871304.898197251]: [BT] SetPidPlannerParam SUCCESS C:AMR G:TE B:P pos=(0.85,1.05)@own_leisure_area Enemy:blue Time:154.00
[INFO] [1772871304.898263975]: [BT] GetChassisDecisions SUCCESS C:AMR G:TE B:P pos=(0.85,1.05)@own_leisure_area Enemy:blue Time:154.00
[INFO] [1772871304.919353787]: [BT] SendChassisCommand SUCCESS C:AMR G:TE B:P pos=(0.85,1.05)@own_leisure_area Enemy:blue Time:154.00
[INFO] [1772871304.919464397]: [BT] GetGimbalDecisions SUCCESS C:AMR G:TE B:P pos=(0.85,1.05)@own_leisure_area Enemy:blue Time:154.00
[INFO] [1772871304.919510869]: [BT] SendGimbalCommand SUCCESS C:AMR G:TE B:P pos=(0.85,1.05)@own_leisure_area Enemy:blue Time:154.00
[INFO] [1772871304.919550257]: [BT] GetShooterDecisions SUCCESS C:AMR G:TE B:P pos=(0.85,1.05)@own_leisure_area Enemy:blue Time:154.00
[INFO] [1772871304.919594914]: [BT] SendShooterCommand SUCCESS C:AMR G:TE B:P pos=(0.85,1.05)@own_leisure_area Enemy:blue Time:154.00
[INFO] [1772871305.399530937]: [BT] OutputRightSwitchState SUCCESS C:AMR G:TE B:P pos=(0.85,1.05)@own_leisure_area Enemy:blue Time:156.00 switch=auto state=auto
[INFO] [1772871305.399603920]: [BT] ReviveIfDead SUCCESS C:AMR G:TE B:P pos=(0.85,1.05)@own_leisure_area Enemy:blue Time:156.00 revive=done
[INFO] [1772871305.399636695]: [BT] GetPresentTime SUCCESS C:AMR G:TE B:P pos=(0.85,1.05)@own_leisure_area Enemy:blue Time:156.00
[INFO] [1772871305.399706359]: [BT] GetPosInMap SUCCESS C:AMR G:TE B:P pos=(0.85,1.05)@own_leisure_area Enemy:blue Time:156.00
[INFO] [1772871305.399749251]: [BT] GetPolygonInWhich SUCCESS C:AMR G:TE B:P pos=(0.85,1.05)@own_leisure_area Enemy:blue Time:156.00 area=own_leisure_area
[INFO] [1772871305.399783103]: [BT] GetSentryCmd SUCCESS C:AMR G:TE B:P pos=(0.85,1.05)@own_leisure_area Enemy:blue Time:156.00 area=own_leisure_area desired=0 mode=3 acc_sec=53 degraded=0 change=0
[INFO] [1772871305.399920361]: [BT] SetPidPlannerParam SUCCESS C:AMR G:TE B:P pos=(0.85,1.05)@own_leisure_area Enemy:blue Time:156.00
[INFO] [1772871305.399959650]: [BT] GetChassisDecisions SUCCESS C:AMR G:TE B:P pos=(0.85,1.05)@own_leisure_area Enemy:blue Time:156.00
[INFO] [1772871305.420845370]: [BT] SendChassisCommand SUCCESS C:AMR G:TE B:P pos=(0.85,1.05)@own_leisure_area Enemy:blue Time:156.00
[INFO] [1772871305.420986193]: [BT] GetGimbalDecisions SUCCESS C:AMR G:TE B:P pos=(0.85,1.05)@own_leisure_area Enemy:blue Time:156.00
[INFO] [1772871305.421052051]: [BT] SendGimbalCommand SUCCESS C:AMR G:TE B:P pos=(0.85,1.05)@own_leisure_area Enemy:blue Time:156.00
[INFO] [1772871305.421107751]: [BT] GetShooterDecisions SUCCESS C:AMR G:TE B:P pos=(0.85,1.05)@own_leisure_area Enemy:blue Time:156.00
[INFO] [1772871305.421166459]: [BT] SendShooterCommand SUCCESS C:AMR G:TE B:P pos=(0.85,1.05)@own_leisure_area Enemy:blue Time:156.00
[INFO] [1772871305.901157683]: [BT] OutputRightSwitchState SUCCESS C:AMR G:TE B:P pos=(0.85,1.05)@own_leisure_area Enemy:blue Time:157.00 switch=a[WARN] [1772871306.308326143]: action not connect
[WARN] [1772871306.810153416]: action not connect
uto state=auto
[INFO] [1772871305.901330529]: [BT] ReviveIfDead SUCCESS C:AMR G:TE B:P pos=(0.85,1.05)@own_leisure_area Enemy:blue Time:157.00 revive=done
[INFO] [1772871305.901374660]: [BT] GetPresentTime SUCCESS C:AMR G:TE B:P pos=(0.85,1.05)@own_leisure_area Enemy:blue Time:157.00
[INFO] [1772871305.901447331]: [BT] GetPosInMap SUCCESS C:AMR G:TE B:P pos=(0.85,1.05)@own_leisure_area Enemy:blue Time:157.00
[INFO] [1772871305.901486788]: [BT] GetPolygonInWhich SUCCESS C:AMR G:TE B:P pos=(0.85,1.05)@own_leisure_area Enemy:blue Time:157.00 area=own_leisure_area
[INFO] [1772871305.901531847]: [BT] GetSentryCmd SUCCESS C:AMR G:TE B:P pos=(0.85,1.05)@own_leisure_area Enemy:blue Time:157.00 area=own_leisure_area desired=0 mode=3 acc_sec=54 degraded=0 change=0
[INFO] [1772871305.901693237]: [BT] SetPidPlannerParam SUCCESS C:AMR G:TE B:P pos=(0.85,1.05)@own_leisure_area Enemy:blue Time:157.00
[INFO] [1772871305.901762411]: [BT] GetChassisDecisions SUCCESS C:AMR G:TE B:P pos=(0.85,1.05)@own_leisure_area Enemy:blue Time:157.00
[INFO] [1772871305.922793313]: [BT] SendChassisCommand SUCCESS C:AMR G:TE B:P pos=(0.85,1.05)@own_leisure_area Enemy:blue Time:158.00
[INFO] [1772871305.922915521]: [BT] GetGimbalDecisions SUCCESS C:AMR G:TE B:P pos=(0.85,1.05)@own_leisure_area Enemy:blue Time:158.00
[INFO] [1772871305.923009245]: [BT] SendGimbalCommand SUCCESS C:AMR G:TE B:P pos=(0.85,1.05)@own_leisure_area Enemy:blue Time:158.00
[INFO] [1772871305.923063269]: [BT] GetShooterDecisions SUCCESS C:AMR G:TE B:P pos=(0.85,1.05)@own_leisure_area Enemy:blue Time:158.00
[INFO] [1772871305.923116072]: [BT] SendShooterCommand SUCCESS C:AMR G:TE B:P pos=(0.85,1.05)@own_leisure_area Enemy:blue Time:158.00
[INFO] [1772871306.404178024]: [BT] OutputRightSwitchState SUCCESS C:AMR G:TE B:P pos=(0.85,1.05)@own_leisure_area Enemy:blue Time:159.00 switch=auto state=auto
[INFO] [1772871306.404244705]: [BT] ReviveIfDead SUCCESS C:AMR G:TE B:P pos=(0.85,1.05)@own_leisure_area Enemy:blue Time:159.00 revive=done
[INFO] [1772871306.404272533]: [BT] GetPresentTime SUCCESS C:AMR G:TE B:P pos=(0.85,1.05)@own_leisure_area Enemy:blue Time:159.00
[INFO] [1772871306.404320760]: [BT] GetPosInMap SUCCESS C:AMR G:TE B:P pos=(0.85,1.05)@own_leisure_area Enemy:blue Time:159.00
[INFO] [1772871306.404371006]: [BT] GetPolygonInWhich SUCCESS C:AMR G:TE B:P pos=(0.85,1.05)@own_leisure_area Enemy:blue Time:159.00 area=own_leisure_area
[INFO] [1772871306.404400878]: [BT] GetSentryCmd SUCCESS C:AMR G:TE B:P pos=(0.85,1.05)@own_leisure_area Enemy:blue Time:159.00 area=own_leisure_area desired=0 mode=3 acc_sec=54 degraded=0 change=0
[INFO] [1772871306.404502203]: [BT] SetPidPlannerParam SUCCESS C:AMR G:TE B:P pos=(0.85,1.05)@own_leisure_area Enemy:blue Time:159.00
[INFO] [1772871306.404536724]: [BT] GetChassisDecisions SUCCESS C:AMR G:TE B:P pos=(0.85,1.05)@own_leisure_area Enemy:blue Time:159.00
[INFO] [1772871306.425444253]: [BT] SendChassisCommand SUCCESS C:AMR G:TE B:P pos=(0.85,1.05)@own_leisure_area Enemy:blue Time:159.00
[INFO] [1772871306.425567346]: [BT] GetGimbalDecisions SUCCESS C:AMR G:TE B:P pos=(0.85,1.05)@own_leisure_area Enemy:blue Time:159.00
[INFO] [1772871306.425610002]: [BT] SendGimbalCommand SUCCESS C:AMR G:TE B:P pos=(0.85,1.05)@own_leisure_area Enemy:blue Time:159.00
[INFO] [1772871306.425657615]: [BT] GetShooterDecisions SUCCESS C:AMR G:TE B:P pos=(0.85,1.05)@own_leisure_area Enemy:blue Time:159.00
[INFO] [1772871306.425702030]: [BT] SendShooterCommand SUCCESS C:AMR G:TE B:P pos=(0.85,1.05)@own_leisure_area Enemy:blue Time:159.00
[INFO] [1772871306.906118669]: [BT] OutputRightSwitchState SUCCESS C:AMR G:TE B:P pos=(0.85,1.05)@own_leisure_area Enemy:blue Time:160.00 switch=auto state=auto
[INFO] [1772871306.906224129]: [BT] ReviveIfDead SUCCESS C:AMR G:TE B:P pos=(0.85,1.05)@own_leisure_area Enemy:blue Time:160.00 revive=done
[INFO] [1772871306.906275733]: [BT] GetPresentTime SUCCESS C:AMR G:TE B:P pos=(0.85,1.05)@own_leisure_area Enemy:blue Time:160.00
[INFO] [1772871306.906355415]: [BT] GetPosInMap SUCCESS C:AMR G:TE B:P pos=(0.85,1.05)@own_leisure_area Enemy:b[WARN] [1772871307.314289145]: action not connect
[WARN] [1772871307.818497465]: action not connect
lue Time:160.00
[INFO] [1772871306.906489885]: [BT] GetPolygonInWhich SUCCESS C:AMR G:TE B:P pos=(0.85,1.05)@own_leisure_area Enemy:blue Time:160.00 area=own_leisure_area
[INFO] [1772871306.906544156]: [BT] GetSentryCmd SUCCESS C:AMR G:TE B:P pos=(0.85,1.05)@own_leisure_area Enemy:blue Time:160.00 area=own_leisure_area desired=0 mode=3 acc_sec=55 degraded=0 change=0
[INFO] [1772871306.906734957]: [BT] SetPidPlannerParam SUCCESS C:AMR G:TE B:P pos=(0.85,1.05)@own_leisure_area Enemy:blue Time:160.00
[INFO] [1772871306.906808185]: [BT] GetChassisDecisions SUCCESS C:AMR G:TE B:P pos=(0.85,1.05)@own_leisure_area Enemy:blue Time:160.00
[INFO] [1772871306.927911505]: [BT] SendChassisCommand SUCCESS C:AMR G:TE B:P pos=(0.85,1.05)@own_leisure_area Enemy:blue Time:161.00
[INFO] [1772871306.928038377]: [BT] GetGimbalDecisions SUCCESS C:AMR G:TE B:P pos=(0.85,1.05)@own_leisure_area Enemy:blue Time:161.00
[INFO] [1772871306.928092422]: [BT] SendGimbalCommand SUCCESS C:AMR G:TE B:P pos=(0.85,1.05)@own_leisure_area Enemy:blue Time:161.00
[INFO] [1772871306.928136739]: [BT] GetShooterDecisions SUCCESS C:AMR G:TE B:P pos=(0.85,1.05)@own_leisure_area Enemy:blue Time:161.00
[INFO] [1772871306.928184146]: [BT] SendShooterCommand SUCCESS C:AMR G:TE B:P pos=(0.85,1.05)@own_leisure_area Enemy:blue Time:161.00
[INFO] [1772871307.411493395]: [BT] OutputRightSwitchState SUCCESS C:AMR G:TE B:P pos=(0.85,1.05)@own_leisure_area Enemy:blue Time:162.00 switch=auto state=auto
[INFO] [1772871307.411605718]: [BT] ReviveIfDead SUCCESS C:AMR G:TE B:P pos=(0.85,1.05)@own_leisure_area Enemy:blue Time:162.00 revive=done
[INFO] [1772871307.411663011]: [BT] GetPresentTime SUCCESS C:AMR G:TE B:P pos=(0.85,1.05)@own_leisure_area Enemy:blue Time:162.00
[INFO] [1772871307.411749575]: [BT] GetPosInMap SUCCESS C:AMR G:TE B:P pos=(0.85,1.05)@own_leisure_area Enemy:blue Time:162.00
[INFO] [1772871307.411802007]: [BT] GetPolygonInWhich SUCCESS C:AMR G:TE B:P pos=(0.85,1.05)@own_leisure_area Enemy:blue Time:162.00 area=own_leisure_area
[INFO] [1772871307.411875208]: [BT] GetSentryCmd SUCCESS C:AMR G:TE B:P pos=(0.85,1.05)@own_leisure_area Enemy:blue Time:162.00 area=own_leisure_area desired=0 mode=3 acc_sec=55 degraded=0 change=0
[INFO] [1772871307.412060351]: [BT] SetPidPlannerParam SUCCESS C:AMR G:TE B:P pos=(0.85,1.05)@own_leisure_area Enemy:blue Time:162.00
[INFO] [1772871307.412130114]: [BT] GetChassisDecisions SUCCESS C:AMR G:TE B:P pos=(0.85,1.05)@own_leisure_area Enemy:blue Time:162.00
[INFO] [1772871307.433203594]: [BT] SendChassisCommand SUCCESS C:AMR G:TE B:P pos=(0.85,1.05)@own_leisure_area Enemy:blue Time:162.00
[INFO] [1772871307.433346310]: [BT] GetGimbalDecisions SUCCESS C:AMR G:TE B:P pos=(0.85,1.05)@own_leisure_area Enemy:blue Time:162.00
[INFO] [1772871307.433404554]: [BT] SendGimbalCommand SUCCESS C:AMR G:TE B:P pos=(0.85,1.05)@own_leisure_area Enemy:blue Time:162.00
[INFO] [1772871307.433455868]: [BT] GetShooterDecisions SUCCESS C:AMR G:TE B:P pos=(0.85,1.05)@own_leisure_area Enemy:blue Time:162.00
[INFO] [1772871307.433505906]: [BT] SendShooterCommand SUCCESS C:AMR G:TE B:P pos=(0.85,1.05)@own_leisure_area Enemy:blue Time:162.00
[INFO] [1772871307.914993360]: [BT] OutputRightSwitchState SUCCESS C:AMR G:TE B:P pos=(0.85,1.05)@own_leisure_area Enemy:blue Time:163.00 switch=auto state=auto
[INFO] [1772871307.915062609]: [BT] ReviveIfDead SUCCESS C:AMR G:TE B:P pos=(0.85,1.05)@own_leisure_area Enemy:blue Time:163.00 revive=done
[INFO] [1772871307.915097146]: [BT] GetPresentTime SUCCESS C:AMR G:TE B:P pos=(0.85,1.05)@own_leisure_area Enemy:blue Time:164.00
[INFO] [1772871307.915152182]: [BT] GetPosInMap SUCCESS C:AMR G:TE B:P pos=(0.85,1.05)@own_leisure_area Enemy:blue Time:164.00
[INFO] [1772871307.915186685]: [BT] GetPolygonInWhich SUCCESS C:AMR G:TE B:P pos=(0.85,1.05)@own_leisure_area Enemy:blue Time:164.00 area=own_leisure_area
[INFO] [1772871307.915239501]: [BT] GetSentryCmd SUCCESS C:AMR G:TE B:P pos=(0.85,1.05)@own_leisure_area Enemy:blue Time:164.00 area=own_leisure_area desired=0 mode=3 acc_sec=56 degraded=0 change=0
[INFO] [1772871307.91540911[WARN] [1772871308.320840681]: action not connect
[WARN] [1772871308.823031816]: action not connect
2]: [BT] SetPidPlannerParam SUCCESS C:AMR G:TE B:P pos=(0.85,1.05)@own_leisure_area Enemy:blue Time:164.00
[INFO] [1772871307.915526733]: [BT] GetChassisDecisions SUCCESS C:AMR G:TE B:P pos=(0.85,1.05)@own_leisure_area Enemy:blue Time:164.00
[INFO] [1772871307.936376273]: [BT] SendChassisCommand SUCCESS C:AMR G:TE B:P pos=(0.85,1.05)@own_leisure_area Enemy:blue Time:164.00
[INFO] [1772871307.936473360]: [BT] GetGimbalDecisions SUCCESS C:AMR G:TE B:P pos=(0.85,1.05)@own_leisure_area Enemy:blue Time:164.00
[INFO] [1772871307.936506956]: [BT] SendGimbalCommand SUCCESS C:AMR G:TE B:P pos=(0.85,1.05)@own_leisure_area Enemy:blue Time:164.00
[INFO] [1772871307.936553821]: [BT] GetShooterDecisions SUCCESS C:AMR G:TE B:P pos=(0.85,1.05)@own_leisure_area Enemy:blue Time:164.00
[INFO] [1772871307.936587108]: [BT] SendShooterCommand SUCCESS C:AMR G:TE B:P pos=(0.85,1.05)@own_leisure_area Enemy:blue Time:164.00
[INFO] [1772871308.417083435]: [BT] OutputRightSwitchState SUCCESS C:AMR G:TE B:P pos=(0.85,1.05)@own_leisure_area Enemy:blue Time:165.00 switch=auto state=auto
[INFO] [1772871308.417179497]: [BT] ReviveIfDead SUCCESS C:AMR G:TE B:P pos=(0.85,1.05)@own_leisure_area Enemy:blue Time:165.00 revive=done
[INFO] [1772871308.417224262]: [BT] GetPresentTime SUCCESS C:AMR G:TE B:P pos=(0.85,1.05)@own_leisure_area Enemy:blue Time:165.00
[INFO] [1772871308.417283729]: [BT] GetPosInMap SUCCESS C:AMR G:TE B:P pos=(0.85,1.05)@own_leisure_area Enemy:blue Time:165.00
[INFO] [1772871308.417338437]: [BT] GetPolygonInWhich SUCCESS C:AMR G:TE B:P pos=(0.85,1.05)@own_leisure_area Enemy:blue Time:165.00 area=own_leisure_area
[INFO] [1772871308.417381601]: [BT] GetSentryCmd SUCCESS C:AMR G:TE B:P pos=(0.85,1.05)@own_leisure_area Enemy:blue Time:165.00 area=own_leisure_area desired=0 mode=3 acc_sec=56 degraded=0 change=0
[INFO] [1772871308.417533000]: [BT] SetPidPlannerParam SUCCESS C:AMR G:TE B:P pos=(0.85,1.05)@own_leisure_area Enemy:blue Time:165.00
[INFO] [1772871308.417594518]: [BT] GetChassisDecisions SUCCESS C:AMR G:TE B:P pos=(0.85,1.05)@own_leisure_area Enemy:blue Time:165.00
[INFO] [1772871308.438547846]: [BT] SendChassisCommand SUCCESS C:AMR G:TE B:P pos=(0.85,1.05)@own_leisure_area Enemy:blue Time:165.00
[INFO] [1772871308.438695570]: [BT] GetGimbalDecisions SUCCESS C:AMR G:TE B:P pos=(0.85,1.05)@own_leisure_area Enemy:blue Time:165.00
[INFO] [1772871308.438753277]: [BT] SendGimbalCommand SUCCESS C:AMR G:TE B:P pos=(0.85,1.05)@own_leisure_area Enemy:blue Time:165.00
[INFO] [1772871308.438796580]: [BT] GetShooterDecisions SUCCESS C:AMR G:TE B:P pos=(0.85,1.05)@own_leisure_area Enemy:blue Time:165.00
[INFO] [1772871308.438862824]: [BT] SendShooterCommand SUCCESS C:AMR G:TE B:P pos=(0.85,1.05)@own_leisure_area Enemy:blue Time:165.00
[INFO] [1772871308.920048660]: [BT] OutputRightSwitchState SUCCESS C:AMR G:TE B:P pos=(0.85,1.05)@own_leisure_area Enemy:blue Time:167.00 switch=auto state=auto
[INFO] [1772871308.920145760]: [BT] ReviveIfDead SUCCESS C:AMR G:TE B:P pos=(0.85,1.05)@own_leisure_area Enemy:blue Time:167.00 revive=done
[INFO] [1772871308.920192134]: [BT] GetPresentTime SUCCESS C:AMR G:TE B:P pos=(0.85,1.05)@own_leisure_area Enemy:blue Time:167.00
[INFO] [1772871308.920248040]: [BT] GetPosInMap SUCCESS C:AMR G:TE B:P pos=(0.85,1.05)@own_leisure_area Enemy:blue Time:167.00
[INFO] [1772871308.920315754]: [BT] GetPolygonInWhich SUCCESS C:AMR G:TE B:P pos=(0.85,1.05)@own_leisure_area Enemy:blue Time:167.00 area=own_leisure_area
[INFO] [1772871308.920364814]: [BT] GetSentryCmd SUCCESS C:AMR G:TE B:P pos=(0.85,1.05)@own_leisure_area Enemy:blue Time:167.00 area=own_leisure_area desired=0 mode=3 acc_sec=57 degraded=0 change=0
[INFO] [1772871308.920494373]: [BT] SetPidPlannerParam SUCCESS C:AMR G:TE B:P pos=(0.85,1.05)@own_leisure_area Enemy:blue Time:167.00
[INFO] [1772871308.920554500]: [BT] GetChassisDecisions SUCCESS C:AMR G:TE B:P pos=(0.85,1.05)@own_leisure_area Enemy:blue Time:167.00
[INFO] [1772871308.941470019]: [BT] SendChassisCommand SUCCESS C:AMR G:TE B:P pos=(0.85,1.05)@own_leisure_area Enemy:blue Time:167.00
[INFO] [1772871308.9[WARN] [1772871309.325981036]: action not connect
[WARN] [1772871309.829610923]: action not connect
41591782]: [BT] GetGimbalDecisions SUCCESS C:AMR G:TE B:P pos=(0.85,1.05)@own_leisure_area Enemy:blue Time:167.00
[INFO] [1772871308.941751301]: [BT] SendGimbalCommand SUCCESS C:AMR G:TE B:P pos=(0.85,1.05)@own_leisure_area Enemy:blue Time:167.00
[INFO] [1772871308.941805145]: [BT] GetShooterDecisions SUCCESS C:AMR G:TE B:P pos=(0.85,1.05)@own_leisure_area Enemy:blue Time:167.00
[INFO] [1772871308.941868388]: [BT] SendShooterCommand SUCCESS C:AMR G:TE B:P pos=(0.85,1.05)@own_leisure_area Enemy:blue Time:167.00
[INFO] [1772871309.423081926]: [BT] OutputRightSwitchState SUCCESS C:AMR G:TE B:P pos=(0.85,1.05)@own_leisure_area Enemy:blue Time:168.00 switch=auto state=auto
[INFO] [1772871309.423168824]: [BT] ReviveIfDead SUCCESS C:AMR G:TE B:P pos=(0.85,1.05)@own_leisure_area Enemy:blue Time:168.00 revive=done
[INFO] [1772871309.423207852]: [BT] GetPresentTime SUCCESS C:AMR G:TE B:P pos=(0.85,1.05)@own_leisure_area Enemy:blue Time:168.00
[INFO] [1772871309.423258367]: [BT] GetPosInMap SUCCESS C:AMR G:TE B:P pos=(0.85,1.05)@own_leisure_area Enemy:blue Time:168.00
[INFO] [1772871309.423301576]: [BT] GetPolygonInWhich SUCCESS C:AMR G:TE B:P pos=(0.85,1.05)@own_leisure_area Enemy:blue Time:168.00 area=own_leisure_area
[INFO] [1772871309.423344581]: [BT] GetSentryCmd SUCCESS C:AMR G:TE B:P pos=(0.85,1.05)@own_leisure_area Enemy:blue Time:168.00 area=own_leisure_area desired=0 mode=3 acc_sec=57 degraded=0 change=0
[INFO] [1772871309.423501666]: [BT] SetPidPlannerParam SUCCESS C:AMR G:TE B:P pos=(0.85,1.05)@own_leisure_area Enemy:blue Time:168.00
[INFO] [1772871309.423559000]: [BT] GetChassisDecisions SUCCESS C:AMR G:TE B:P pos=(0.85,1.05)@own_leisure_area Enemy:blue Time:168.00
[INFO] [1772871309.444578991]: [BT] SendChassisCommand SUCCESS C:AMR G:TE B:P pos=(0.85,1.05)@own_leisure_area Enemy:blue Time:168.00
[INFO] [1772871309.444702727]: [BT] GetGimbalDecisions SUCCESS C:AMR G:TE B:P pos=(0.85,1.05)@own_leisure_area Enemy:blue Time:168.00
[INFO] [1772871309.444793745]: [BT] SendGimbalCommand SUCCESS C:AMR G:TE B:P pos=(0.85,1.05)@own_leisure_area Enemy:blue Time:168.00
[INFO] [1772871309.444835755]: [BT] GetShooterDecisions SUCCESS C:AMR G:TE B:P pos=(0.85,1.05)@own_leisure_area Enemy:blue Time:168.00
[INFO] [1772871309.444881321]: [BT] SendShooterCommand SUCCESS C:AMR G:TE B:P pos=(0.85,1.05)@own_leisure_area Enemy:blue Time:168.00
[INFO] [1772871309.926276748]: [BT] OutputRightSwitchState SUCCESS C:AMR G:TE B:P pos=(0.85,1.05)@own_leisure_area Enemy:blue Time:170.00 switch=auto state=auto
[INFO] [1772871309.926412456]: [BT] ReviveIfDead SUCCESS C:AMR G:TE B:P pos=(0.85,1.05)@own_leisure_area Enemy:blue Time:170.00 revive=done
[INFO] [1772871309.926466406]: [BT] GetPresentTime SUCCESS C:AMR G:TE B:P pos=(0.85,1.05)@own_leisure_area Enemy:blue Time:170.00
[INFO] [1772871309.926530754]: [BT] GetPosInMap SUCCESS C:AMR G:TE B:P pos=(0.85,1.05)@own_leisure_area Enemy:blue Time:170.00
[INFO] [1772871309.926574592]: [BT] GetPolygonInWhich SUCCESS C:AMR G:TE B:P pos=(0.85,1.05)@own_leisure_area Enemy:blue Time:170.00 area=own_leisure_area
[INFO] [1772871309.926623312]: [BT] GetSentryCmd SUCCESS C:AMR G:TE B:P pos=(0.85,1.05)@own_leisure_area Enemy:blue Time:170.00 area=own_leisure_area desired=0 mode=3 acc_sec=58 degraded=0 change=0
[INFO] [1772871309.926795719]: [BT] SetPidPlannerParam SUCCESS C:AMR G:TE B:P pos=(0.85,1.05)@own_leisure_area Enemy:blue Time:170.00
[INFO] [1772871309.926868047]: [BT] GetChassisDecisions SUCCESS C:AMR G:TE B:P pos=(0.85,1.05)@own_leisure_area Enemy:blue Time:170.00
[INFO] [1772871309.948051887]: [BT] SendChassisCommand SUCCESS C:AMR G:TE B:P pos=(0.85,1.05)@own_leisure_area Enemy:blue Time:170.00
[INFO] [1772871309.948177240]: [BT] GetGimbalDecisions SUCCESS C:AMR G:TE B:P pos=(0.85,1.05)@own_leisure_area Enemy:blue Time:170.00
[INFO] [1772871309.948227591]: [BT] SendGimbalCommand SUCCESS C:AMR G:TE B:P pos=(0.85,1.05)@own_leisure_area Enemy:blue Time:170.00
[INFO] [1772871309.948270175]: [BT] GetShooterDecisions SUCCESS C:AMR G:TE B:P pos=(0.85,1.05)@own_leisure_area Enemy:blue Time:170.00
[INFO] [177287[WARN] [1772871310.332061839]: action not connect
[WARN] [1772871310.834682414]: action not connect
[WARN] [1772871311.337422255]: action not connect
1309.948353899]: [BT] SendShooterCommand SUCCESS C:AMR G:TE B:P pos=(0.85,1.05)@own_leisure_area Enemy:blue Time:170.00
[INFO] [1772871310.429105330]: [BT] OutputRightSwitchState SUCCESS C:AMR G:TE B:P pos=(0.85,1.05)@own_leisure_area Enemy:blue Time:171.00 switch=auto state=auto
[INFO] [1772871310.429220551]: [BT] ReviveIfDead SUCCESS C:AMR G:TE B:P pos=(0.85,1.05)@own_leisure_area Enemy:blue Time:171.00 revive=done
[INFO] [1772871310.429385219]: [BT] GetPresentTime SUCCESS C:AMR G:TE B:P pos=(0.85,1.05)@own_leisure_area Enemy:blue Time:171.00
[INFO] [1772871310.429483179]: [BT] GetPosInMap SUCCESS C:AMR G:TE B:P pos=(0.85,1.05)@own_leisure_area Enemy:blue Time:171.00
[INFO] [1772871310.429533459]: [BT] GetPolygonInWhich SUCCESS C:AMR G:TE B:P pos=(0.85,1.05)@own_leisure_area Enemy:blue Time:171.00 area=own_leisure_area
[INFO] [1772871310.429584546]: [BT] GetSentryCmd SUCCESS C:AMR G:TE B:P pos=(0.85,1.05)@own_leisure_area Enemy:blue Time:171.00 area=own_leisure_area desired=0 mode=3 acc_sec=58 degraded=0 change=0
[INFO] [1772871310.429771529]: [BT] SetPidPlannerParam SUCCESS C:AMR G:TE B:P pos=(0.85,1.05)@own_leisure_area Enemy:blue Time:171.00
[INFO] [1772871310.429840138]: [BT] GetChassisDecisions SUCCESS C:AMR G:TE B:P pos=(0.85,1.05)@own_leisure_area Enemy:blue Time:171.00
[INFO] [1772871310.450895621]: [BT] SendChassisCommand SUCCESS C:AMR G:TE B:P pos=(0.85,1.05)@own_leisure_area Enemy:blue Time:171.00
[INFO] [1772871310.451020973]: [BT] GetGimbalDecisions SUCCESS C:AMR G:TE B:P pos=(0.85,1.05)@own_leisure_area Enemy:blue Time:171.00
[INFO] [1772871310.451073419]: [BT] SendGimbalCommand SUCCESS C:AMR G:TE B:P pos=(0.85,1.05)@own_leisure_area Enemy:blue Time:171.00
[INFO] [1772871310.451114584]: [BT] GetShooterDecisions SUCCESS C:AMR G:TE B:P pos=(0.85,1.05)@own_leisure_area Enemy:blue Time:171.00
[INFO] [1772871310.451163748]: [BT] SendShooterCommand SUCCESS C:AMR G:TE B:P pos=(0.85,1.05)@own_leisure_area Enemy:blue Time:171.00
[INFO] [1772871310.931825129]: [BT] OutputRightSwitchState SUCCESS C:AMR G:TE B:P pos=(0.85,1.05)@own_leisure_area Enemy:blue Time:173.00 switch=auto state=auto
[INFO] [1772871310.931908631]: [BT] ReviveIfDead SUCCESS C:AMR G:TE B:P pos=(0.85,1.05)@own_leisure_area Enemy:blue Time:173.00 revive=done
[INFO] [1772871310.931949853]: [BT] GetPresentTime SUCCESS C:AMR G:TE B:P pos=(0.85,1.05)@own_leisure_area Enemy:blue Time:173.00
[INFO] [1772871310.932001044]: [BT] GetPosInMap SUCCESS C:AMR G:TE B:P pos=(0.85,1.05)@own_leisure_area Enemy:blue Time:173.00
[INFO] [1772871310.932039794]: [BT] GetPolygonInWhich SUCCESS C:AMR G:TE B:P pos=(0.85,1.05)@own_leisure_area Enemy:blue Time:173.00 area=own_leisure_area
[INFO] [1772871310.932080536]: [BT] GetSentryCmd SUCCESS C:AMR G:TE B:P pos=(0.85,1.05)@own_leisure_area Enemy:blue Time:173.00 area=own_leisure_area desired=0 mode=3 acc_sec=59 degraded=0 change=0
[INFO] [1772871310.932260984]: [BT] SetPidPlannerParam SUCCESS C:AMR G:TE B:P pos=(0.85,1.05)@own_leisure_area Enemy:blue Time:173.00
[INFO] [1772871310.932348153]: [BT] GetChassisDecisions SUCCESS C:AMR G:TE B:P pos=(0.85,1.05)@own_leisure_area Enemy:blue Time:173.00
[INFO] [1772871310.953160248]: [BT] SendChassisCommand SUCCESS C:AMR G:TE B:P pos=(0.85,1.05)@own_leisure_area Enemy:blue Time:173.00
[INFO] [1772871310.953256320]: [BT] GetGimbalDecisions SUCCESS C:AMR G:TE B:P pos=(0.85,1.05)@own_leisure_area Enemy:blue Time:173.00
[INFO] [1772871310.953286402]: [BT] SendGimbalCommand SUCCESS C:AMR G:TE B:P pos=(0.85,1.05)@own_leisure_area Enemy:blue Time:173.00
[INFO] [1772871310.953317488]: [BT] GetShooterDecisions SUCCESS C:AMR G:TE B:P pos=(0.85,1.05)@own_leisure_area Enemy:blue Time:173.00
[INFO] [1772871310.953345410]: [BT] SendShooterCommand SUCCESS C:AMR G:TE B:P pos=(0.85,1.05)@own_leisure_area Enemy:blue Time:173.00
[INFO] [1772871311.434434944]: [BT] OutputRightSwitchState SUCCESS C:AMR G:TE B:P pos=(0.85,1.05)@own_leisure_area Enemy:blue Time:174.00 switch=auto state=auto
[INFO] [1772871311.434543014]: [BT] ReviveIfDead SUCCESS C:AMR G:TE B:P pos=(0.85,1.05)@own_leisure_area Enemy:blue[WARN] [1772871311.841896419]: action not connect
[WARN] [1772871312.350028384]: action not connect
 Time:174.00 revive=done
[INFO] [1772871311.434686140]: [BT] GetPresentTime SUCCESS C:AMR G:TE B:P pos=(0.85,1.05)@own_leisure_area Enemy:blue Time:174.00
[INFO] [1772871311.434751634]: [BT] GetPosInMap SUCCESS C:AMR G:TE B:P pos=(0.85,1.05)@own_leisure_area Enemy:blue Time:174.00
[INFO] [1772871311.434796582]: [BT] GetPolygonInWhich SUCCESS C:AMR G:TE B:P pos=(0.85,1.05)@own_leisure_area Enemy:blue Time:174.00 area=own_leisure_area
[INFO] [1772871311.434840303]: [BT] GetSentryCmd SUCCESS C:AMR G:TE B:P pos=(0.85,1.05)@own_leisure_area Enemy:blue Time:174.00 area=own_leisure_area desired=0 mode=3 acc_sec=59 degraded=0 change=0
[INFO] [1772871311.435001585]: [BT] SetPidPlannerParam SUCCESS C:AMR G:TE B:P pos=(0.85,1.05)@own_leisure_area Enemy:blue Time:174.00
[INFO] [1772871311.435065903]: [BT] GetChassisDecisions SUCCESS C:AMR G:TE B:P pos=(0.85,1.05)@own_leisure_area Enemy:blue Time:174.00
[INFO] [1772871311.455960669]: [BT] SendChassisCommand SUCCESS C:AMR G:TE B:P pos=(0.85,1.05)@own_leisure_area Enemy:blue Time:174.00
[INFO] [1772871311.456076870]: [BT] GetGimbalDecisions SUCCESS C:AMR G:TE B:P pos=(0.85,1.05)@own_leisure_area Enemy:blue Time:174.00
[INFO] [1772871311.456126483]: [BT] SendGimbalCommand SUCCESS C:AMR G:TE B:P pos=(0.85,1.05)@own_leisure_area Enemy:blue Time:174.00
[INFO] [1772871311.456167304]: [BT] GetShooterDecisions SUCCESS C:AMR G:TE B:P pos=(0.85,1.05)@own_leisure_area Enemy:blue Time:174.00
[INFO] [1772871311.456226556]: [BT] SendShooterCommand SUCCESS C:AMR G:TE B:P pos=(0.85,1.05)@own_leisure_area Enemy:blue Time:174.00
[INFO] [1772871311.940561160]: [BT] OutputRightSwitchState SUCCESS C:AMR G:TE B:P pos=(0.85,1.05)@own_leisure_area Enemy:blue Time:176.00 switch=auto state=auto
[INFO] [1772871311.940680183]: [BT] ReviveIfDead SUCCESS C:AMR G:TE B:P pos=(0.85,1.05)@own_leisure_area Enemy:blue Time:176.00 revive=done
[INFO] [1772871311.940741290]: [BT] GetPresentTime SUCCESS C:AMR G:TE B:P pos=(0.85,1.05)@own_leisure_area Enemy:blue Time:176.00
[INFO] [1772871311.940825730]: [BT] GetPosInMap SUCCESS C:AMR G:TE B:P pos=(0.85,1.05)@own_leisure_area Enemy:blue Time:176.00
[INFO] [1772871311.940881953]: [BT] GetPolygonInWhich SUCCESS C:AMR G:TE B:P pos=(0.85,1.05)@own_leisure_area Enemy:blue Time:176.00 area=own_leisure_area
[INFO] [1772871311.940938143]: [BT] GetSentryCmd SUCCESS C:AMR G:TE B:P pos=(0.85,1.05)@own_leisure_area Enemy:blue Time:176.00 area=own_leisure_area desired=0 mode=3 acc_sec=60 degraded=0 change=0
[INFO] [1772871311.941137722]: [BT] SetPidPlannerParam SUCCESS C:AMR G:TE B:P pos=(0.85,1.05)@own_leisure_area Enemy:blue Time:176.00
[INFO] [1772871311.941212668]: [BT] GetChassisDecisions SUCCESS C:AMR G:TE B:P pos=(0.85,1.05)@own_leisure_area Enemy:blue Time:176.00
[INFO] [1772871311.962126930]: [BT] SendChassisCommand SUCCESS C:AMR G:TE B:P pos=(0.85,1.05)@own_leisure_area Enemy:blue Time:176.00
[INFO] [1772871311.962284098]: [BT] GetGimbalDecisions SUCCESS C:AMR G:TE B:P pos=(0.85,1.05)@own_leisure_area Enemy:blue Time:176.00
[INFO] [1772871311.962385974]: [BT] SendGimbalCommand SUCCESS C:AMR G:TE B:P pos=(0.85,1.05)@own_leisure_area Enemy:blue Time:176.00
[INFO] [1772871311.962454686]: [BT] GetShooterDecisions SUCCESS C:AMR G:TE B:P pos=(0.85,1.05)@own_leisure_area Enemy:blue Time:176.00
[INFO] [1772871311.962515807]: [BT] SendShooterCommand SUCCESS C:AMR G:TE B:P pos=(0.85,1.05)@own_leisure_area Enemy:blue Time:176.00
[INFO] [1772871312.446124948]: [BT] OutputRightSwitchState SUCCESS C:AMR G:TE B:P pos=(0.85,1.05)@own_leisure_area Enemy:blue Time:177.00 switch=auto state=auto
[INFO] [1772871312.446226404]: [BT] ReviveIfDead SUCCESS C:AMR G:TE B:P pos=(0.85,1.05)@own_leisure_area Enemy:blue Time:177.00 revive=done
[INFO] [1772871312.446272366]: [BT] GetPresentTime SUCCESS C:AMR G:TE B:P pos=(0.85,1.05)@own_leisure_area Enemy:blue Time:177.00
[INFO] [1772871312.446349749]: [BT] GetPosInMap SUCCESS C:AMR G:TE B:P pos=(0.85,1.05)@own_leisure_area Enemy:blue Time:177.00
[INFO] [1772871312.446393891]: [BT] GetPolygonInWhich SUCCESS C:AMR G:TE B:P pos=(0.85,1.05)@own_leisure_area Enem[WARN] [1772871312.853038373]: action not connect
[WARN] [1772871313.356188032]: action not connect
y:blue Time:177.00 area=own_leisure_area
[INFO] [1772871312.446517532]: [BT] GetSentryCmd SUCCESS C:AMR G:TE B:P pos=(0.85,1.05)@own_leisure_area Enemy:blue Time:177.00 area=own_leisure_area desired=0 mode=3 acc_sec=60 degraded=0 change=0
[INFO] [1772871312.446708928]: [BT] SetPidPlannerParam SUCCESS C:AMR G:TE B:P pos=(0.85,1.05)@own_leisure_area Enemy:blue Time:177.00
[INFO] [1772871312.446777278]: [BT] GetChassisDecisions SUCCESS C:AMR G:TE B:P pos=(0.85,1.05)@own_leisure_area Enemy:blue Time:177.00
[INFO] [1772871312.467773787]: [BT] SendChassisCommand SUCCESS C:AMR G:TE B:P pos=(0.85,1.05)@own_leisure_area Enemy:blue Time:177.00
[INFO] [1772871312.467866443]: [BT] GetGimbalDecisions SUCCESS C:AMR G:TE B:P pos=(0.85,1.05)@own_leisure_area Enemy:blue Time:177.00
[INFO] [1772871312.467901572]: [BT] SendGimbalCommand SUCCESS C:AMR G:TE B:P pos=(0.85,1.05)@own_leisure_area Enemy:blue Time:177.00
[INFO] [1772871312.467930559]: [BT] GetShooterDecisions SUCCESS C:AMR G:TE B:P pos=(0.85,1.05)@own_leisure_area Enemy:blue Time:177.00
[INFO] [1772871312.467962068]: [BT] SendShooterCommand SUCCESS C:AMR G:TE B:P pos=(0.85,1.05)@own_leisure_area Enemy:blue Time:177.00
[INFO] [1772871312.950229170]: [BT] OutputRightSwitchState SUCCESS C:AMR G:TE B:P pos=(0.85,1.05)@own_leisure_area Enemy:blue Time:179.00 switch=auto state=auto
[INFO] [1772871312.950330381]: [BT] ReviveIfDead SUCCESS C:AMR G:TE B:P pos=(0.85,1.05)@own_leisure_area Enemy:blue Time:179.00 revive=done
[INFO] [1772871312.950390109]: [BT] GetPresentTime SUCCESS C:AMR G:TE B:P pos=(0.85,1.05)@own_leisure_area Enemy:blue Time:179.00
[INFO] [1772871312.950443103]: [BT] GetPosInMap SUCCESS C:AMR G:TE B:P pos=(0.85,1.05)@own_leisure_area Enemy:blue Time:179.00
[INFO] [1772871312.950476583]: [BT] GetPolygonInWhich SUCCESS C:AMR G:TE B:P pos=(0.85,1.05)@own_leisure_area Enemy:blue Time:179.00 area=own_leisure_area
[INFO] [1772871312.950514278]: [BT] GetSentryCmd SUCCESS C:AMR G:TE B:P pos=(0.85,1.05)@own_leisure_area Enemy:blue Time:179.00 area=own_leisure_area desired=0 mode=3 acc_sec=61 degraded=0 change=0
[INFO] [1772871312.950670539]: [BT] SetPidPlannerParam SUCCESS C:AMR G:TE B:P pos=(0.85,1.05)@own_leisure_area Enemy:blue Time:179.00
[INFO] [1772871312.950725361]: [BT] GetChassisDecisions SUCCESS C:AMR G:TE B:P pos=(0.85,1.05)@own_leisure_area Enemy:blue Time:179.00
[INFO] [1772871312.971569426]: [BT] SendChassisCommand SUCCESS C:AMR G:TE B:P pos=(0.85,1.05)@own_leisure_area Enemy:blue Time:179.00
[INFO] [1772871312.971680702]: [BT] GetGimbalDecisions SUCCESS C:AMR G:TE B:P pos=(0.85,1.05)@own_leisure_area Enemy:blue Time:179.00
[INFO] [1772871312.971720644]: [BT] SendGimbalCommand SUCCESS C:AMR G:TE B:P pos=(0.85,1.05)@own_leisure_area Enemy:blue Time:179.00
[INFO] [1772871312.971754894]: [BT] GetShooterDecisions SUCCESS C:AMR G:TE B:P pos=(0.85,1.05)@own_leisure_area Enemy:blue Time:179.00
[INFO] [1772871312.971794339]: [BT] SendShooterCommand SUCCESS C:AMR G:TE B:P pos=(0.85,1.05)@own_leisure_area Enemy:blue Time:179.00
[INFO] [1772871313.453152603]: [BT] OutputRightSwitchState SUCCESS C:AMR G:TE B:P pos=(0.85,1.05)@own_leisure_area Enemy:blue Time:180.00 switch=auto state=auto
[INFO] [1772871313.453243084]: [BT] ReviveIfDead SUCCESS C:AMR G:TE B:P pos=(0.85,1.05)@own_leisure_area Enemy:blue Time:180.00 revive=done
[INFO] [1772871313.453288833]: [BT] GetPresentTime SUCCESS C:AMR G:TE B:P pos=(0.85,1.05)@own_leisure_area Enemy:blue Time:180.00
[INFO] [1772871313.453363251]: [BT] GetPosInMap SUCCESS C:AMR G:TE B:P pos=(0.85,1.05)@own_leisure_area Enemy:blue Time:180.00
[INFO] [1772871313.453406181]: [BT] GetPolygonInWhich SUCCESS C:AMR G:TE B:P pos=(0.85,1.05)@own_leisure_area Enemy:blue Time:180.00 area=own_leisure_area
[INFO] [1772871313.453457310]: [BT] GetSentryCmd SUCCESS C:AMR G:TE B:P pos=(0.85,1.05)@own_leisure_area Enemy:blue Time:180.00 area=own_leisure_area desired=0 mode=3 acc_sec=61 degraded=0 change=0
[INFO] [1772871313.453649000]: [BT] SetPidPlannerParam SUCCESS C:AMR G:TE B:P pos=(0.85,1.05)@own_leisure_area Enemy:blue Time:180.00
[INFO] [1772871313.4537[WARN] [1772871313.860429608]: action not connect
[WARN] [1772871314.361627978]: action not connect
29294]: [BT] GetChassisDecisions SUCCESS C:AMR G:TE B:P pos=(0.85,1.05)@own_leisure_area Enemy:blue Time:180.00
[INFO] [1772871313.474725773]: [BT] SendChassisCommand SUCCESS C:AMR G:TE B:P pos=(0.85,1.05)@own_leisure_area Enemy:blue Time:180.00
[INFO] [1772871313.474813470]: [BT] GetGimbalDecisions SUCCESS C:AMR G:TE B:P pos=(0.85,1.05)@own_leisure_area Enemy:blue Time:180.00
[INFO] [1772871313.474865541]: [BT] SendGimbalCommand SUCCESS C:AMR G:TE B:P pos=(0.85,1.05)@own_leisure_area Enemy:blue Time:180.00
[INFO] [1772871313.474889641]: [BT] GetShooterDecisions SUCCESS C:AMR G:TE B:P pos=(0.85,1.05)@own_leisure_area Enemy:blue Time:180.00
[INFO] [1772871313.474916293]: [BT] SendShooterCommand SUCCESS C:AMR G:TE B:P pos=(0.85,1.05)@own_leisure_area Enemy:blue Time:180.00
[INFO] [1772871313.603562279]: Present time:181 Chassis:AMR Gimbal:TE Booster:R
[INFO] [1772871313.957228433]: [BT] OutputRightSwitchState SUCCESS C:AMR G:TE B:R pos=(0.85,1.05)@own_leisure_area Enemy:blue Time:182.00 switch=auto state=auto
[INFO] [1772871313.957340757]: [BT] ReviveIfDead SUCCESS C:AMR G:TE B:R pos=(0.85,1.05)@own_leisure_area Enemy:blue Time:182.00 revive=done
[INFO] [1772871313.957390233]: [BT] GetPresentTime SUCCESS C:AMR G:TE B:R pos=(0.85,1.05)@own_leisure_area Enemy:blue Time:182.00
[INFO] [1772871313.957455986]: [BT] GetPosInMap SUCCESS C:AMR G:TE B:R pos=(0.85,1.05)@own_leisure_area Enemy:blue Time:182.00
[INFO] [1772871313.957497465]: [BT] GetPolygonInWhich SUCCESS C:AMR G:TE B:R pos=(0.85,1.05)@own_leisure_area Enemy:blue Time:182.00 area=own_leisure_area
[INFO] [1772871313.957544633]: [BT] GetSentryCmd SUCCESS C:AMR G:TE B:R pos=(0.85,1.05)@own_leisure_area Enemy:blue Time:182.00 area=own_leisure_area desired=0 mode=3 acc_sec=62 degraded=0 change=0
[INFO] [1772871313.957727594]: [BT] SetPidPlannerParam SUCCESS C:AMR G:TE B:R pos=(0.85,1.05)@own_leisure_area Enemy:blue Time:182.00
[INFO] [1772871313.957789021]: [BT] GetChassisDecisions SUCCESS C:AMR G:TE B:R pos=(0.85,1.05)@own_leisure_area Enemy:blue Time:182.00
[INFO] [1772871313.978724643]: [BT] SendChassisCommand SUCCESS C:AMR G:TE B:R pos=(0.85,1.05)@own_leisure_area Enemy:blue Time:182.00
[INFO] [1772871313.978850833]: [BT] GetGimbalDecisions SUCCESS C:AMR G:TE B:R pos=(0.85,1.05)@own_leisure_area Enemy:blue Time:182.00
[INFO] [1772871313.978906015]: [BT] SendGimbalCommand SUCCESS C:AMR G:TE B:R pos=(0.85,1.05)@own_leisure_area Enemy:blue Time:182.00
[INFO] [1772871313.978953119]: [BT] GetShooterDecisions SUCCESS C:AMR G:TE B:R pos=(0.85,1.05)@own_leisure_area Enemy:blue Time:182.00
[INFO] [1772871313.979019731]: [BT] SendShooterCommand SUCCESS C:AMR G:TE B:R pos=(0.85,1.05)@own_leisure_area Enemy:blue Time:182.00
[INFO] [1772871314.458223076]: [BT] OutputRightSwitchState SUCCESS C:AMR G:TE B:R pos=(0.85,1.05)@own_leisure_area Enemy:blue Time:183.00 switch=auto state=auto
[INFO] [1772871314.458327135]: [BT] ReviveIfDead SUCCESS C:AMR G:TE B:R pos=(0.85,1.05)@own_leisure_area Enemy:blue Time:183.00 revive=done
[INFO] [1772871314.458371992]: [BT] GetPresentTime SUCCESS C:AMR G:TE B:R pos=(0.85,1.05)@own_leisure_area Enemy:blue Time:183.00
[INFO] [1772871314.458432892]: [BT] GetPosInMap SUCCESS C:AMR G:TE B:R pos=(0.85,1.05)@own_leisure_area Enemy:blue Time:183.00
[INFO] [1772871314.458472019]: [BT] GetPolygonInWhich SUCCESS C:AMR G:TE B:R pos=(0.85,1.05)@own_leisure_area Enemy:blue Time:183.00 area=own_leisure_area
[INFO] [1772871314.458512506]: [BT] GetSentryCmd SUCCESS C:AMR G:TE B:R pos=(0.85,1.05)@own_leisure_area Enemy:blue Time:183.00 area=own_leisure_area desired=0 mode=3 acc_sec=62 degraded=0 change=0
[INFO] [1772871314.458685007]: [BT] SetPidPlannerParam SUCCESS C:AMR G:TE B:R pos=(0.85,1.05)@own_leisure_area Enemy:blue Time:183.00
[INFO] [1772871314.458752521]: [BT] GetChassisDecisions SUCCESS C:AMR G:TE B:R pos=(0.85,1.05)@own_leisure_area Enemy:blue Time:183.00
[INFO] [1772871314.479704986]: [BT] SendChassisCommand SUCCESS C:AMR G:TE B:R pos=(0.85,1.05)@own_leisure_area Enemy:blue Time:183.00
[INFO] [1772871314.479815547]: [BT] GetGimbalDecisions SUCCESS C:AMR G[WARN] [1772871314.862216594]: action not connect
[WARN] [1772871315.364173439]: action not connect
:TE B:R pos=(0.85,1.05)@own_leisure_area Enemy:blue Time:183.00
[INFO] [1772871314.479967558]: [BT] SendGimbalCommand SUCCESS C:AMR G:TE B:R pos=(0.85,1.05)@own_leisure_area Enemy:blue Time:183.00
[INFO] [1772871314.480029018]: [BT] GetShooterDecisions SUCCESS C:AMR G:TE B:R pos=(0.85,1.05)@own_leisure_area Enemy:blue Time:183.00
[INFO] [1772871314.480089308]: [BT] SendShooterCommand SUCCESS C:AMR G:TE B:R pos=(0.85,1.05)@own_leisure_area Enemy:blue Time:183.00
[INFO] [1772871314.958804682]: [BT] OutputRightSwitchState SUCCESS C:AMR G:TE B:R pos=(0.85,1.05)@own_leisure_area Enemy:blue Time:185.00 switch=auto state=auto
[INFO] [1772871314.958867805]: [BT] ReviveIfDead SUCCESS C:AMR G:TE B:R pos=(0.85,1.05)@own_leisure_area Enemy:blue Time:185.00 revive=done
[INFO] [1772871314.958900295]: [BT] GetPresentTime SUCCESS C:AMR G:TE B:R pos=(0.85,1.05)@own_leisure_area Enemy:blue Time:185.00
[INFO] [1772871314.958960481]: [BT] GetPosInMap SUCCESS C:AMR G:TE B:R pos=(0.85,1.05)@own_leisure_area Enemy:blue Time:185.00
[INFO] [1772871314.959001765]: [BT] GetPolygonInWhich SUCCESS C:AMR G:TE B:R pos=(0.85,1.05)@own_leisure_area Enemy:blue Time:185.00 area=own_leisure_area
[INFO] [1772871314.959040987]: [BT] GetSentryCmd SUCCESS C:AMR G:TE B:R pos=(0.85,1.05)@own_leisure_area Enemy:blue Time:185.00 area=own_leisure_area desired=0 mode=3 acc_sec=63 degraded=0 change=0
[INFO] [1772871314.959161923]: [BT] SetPidPlannerParam SUCCESS C:AMR G:TE B:R pos=(0.85,1.05)@own_leisure_area Enemy:blue Time:185.00
[INFO] [1772871314.959200667]: [BT] GetChassisDecisions SUCCESS C:AMR G:TE B:R pos=(0.85,1.05)@own_leisure_area Enemy:blue Time:185.00
[INFO] [1772871314.980071397]: [BT] SendChassisCommand SUCCESS C:AMR G:TE B:R pos=(0.85,1.05)@own_leisure_area Enemy:blue Time:185.00
[INFO] [1772871314.980165754]: [BT] GetGimbalDecisions SUCCESS C:AMR G:TE B:R pos=(0.85,1.05)@own_leisure_area Enemy:blue Time:185.00
[INFO] [1772871314.980199774]: [BT] SendGimbalCommand SUCCESS C:AMR G:TE B:R pos=(0.85,1.05)@own_leisure_area Enemy:blue Time:185.00
[INFO] [1772871314.980246476]: [BT] GetShooterDecisions SUCCESS C:AMR G:TE B:R pos=(0.85,1.05)@own_leisure_area Enemy:blue Time:185.00
[INFO] [1772871314.980286561]: [BT] SendShooterCommand SUCCESS C:AMR G:TE B:R pos=(0.85,1.05)@own_leisure_area Enemy:blue Time:185.00
[INFO] [1772871315.460419680]: [BT] OutputRightSwitchState SUCCESS C:AMR G:TE B:R pos=(0.85,1.05)@own_leisure_area Enemy:blue Time:186.00 switch=auto state=auto
[INFO] [1772871315.460524155]: [BT] ReviveIfDead SUCCESS C:AMR G:TE B:R pos=(0.85,1.05)@own_leisure_area Enemy:blue Time:186.00 revive=done
[INFO] [1772871315.460580819]: [BT] GetPresentTime SUCCESS C:AMR G:TE B:R pos=(0.85,1.05)@own_leisure_area Enemy:blue Time:186.00
[INFO] [1772871315.460646410]: [BT] GetPosInMap SUCCESS C:AMR G:TE B:R pos=(0.85,1.05)@own_leisure_area Enemy:blue Time:186.00
[INFO] [1772871315.460688724]: [BT] GetPolygonInWhich SUCCESS C:AMR G:TE B:R pos=(0.85,1.05)@own_leisure_area Enemy:blue Time:186.00 area=own_leisure_area
[INFO] [1772871315.460731274]: [BT] GetSentryCmd SUCCESS C:AMR G:TE B:R pos=(0.85,1.05)@own_leisure_area Enemy:blue Time:186.00 area=own_leisure_area desired=0 mode=3 acc_sec=63 degraded=0 change=0
[INFO] [1772871315.460883775]: [BT] SetPidPlannerParam SUCCESS C:AMR G:TE B:R pos=(0.85,1.05)@own_leisure_area Enemy:blue Time:186.00
[INFO] [1772871315.460942926]: [BT] GetChassisDecisions SUCCESS C:AMR G:TE B:R pos=(0.85,1.05)@own_leisure_area Enemy:blue Time:186.00
[INFO] [1772871315.482042195]: [BT] SendChassisCommand SUCCESS C:AMR G:TE B:R pos=(0.85,1.05)@own_leisure_area Enemy:blue Time:186.00
[INFO] [1772871315.482177958]: [BT] GetGimbalDecisions SUCCESS C:AMR G:TE B:R pos=(0.85,1.05)@own_leisure_area Enemy:blue Time:186.00
[INFO] [1772871315.482239392]: [BT] SendGimbalCommand SUCCESS C:AMR G:TE B:R pos=(0.85,1.05)@own_leisure_area Enemy:blue Time:186.00
[INFO] [1772871315.482288668]: [BT] GetShooterDecisions SUCCESS C:AMR G:TE B:R pos=(0.85,1.05)@own_leisure_area Enemy:blue Time:186.00
[INFO] [1772871315.482361160]: [BT] SendShooterCommand SUCCESS C[WARN] [1772871315.866081467]: action not connect
[WARN] [1772871316.370992890]: action not connect
[WARN] [1772871316.874207679]: action not connect
:AMR G:TE B:R pos=(0.85,1.05)@own_leisure_area Enemy:blue Time:186.00
[INFO] [1772871315.962998007]: [BT] OutputRightSwitchState SUCCESS C:AMR G:TE B:R pos=(0.85,1.05)@own_leisure_area Enemy:blue Time:188.00 switch=auto state=auto
[INFO] [1772871315.963107102]: [BT] ReviveIfDead SUCCESS C:AMR G:TE B:R pos=(0.85,1.05)@own_leisure_area Enemy:blue Time:188.00 revive=done
[INFO] [1772871315.963169493]: [BT] GetPresentTime SUCCESS C:AMR G:TE B:R pos=(0.85,1.05)@own_leisure_area Enemy:blue Time:188.00
[INFO] [1772871315.963233600]: [BT] GetPosInMap SUCCESS C:AMR G:TE B:R pos=(0.85,1.05)@own_leisure_area Enemy:blue Time:188.00
[INFO] [1772871315.963276644]: [BT] GetPolygonInWhich SUCCESS C:AMR G:TE B:R pos=(0.85,1.05)@own_leisure_area Enemy:blue Time:188.00 area=own_leisure_area
[INFO] [1772871315.963380337]: [BT] GetSentryCmd SUCCESS C:AMR G:TE B:R pos=(0.85,1.05)@own_leisure_area Enemy:blue Time:188.00 area=own_leisure_area desired=0 mode=3 acc_sec=64 degraded=0 change=0
[INFO] [1772871315.963580149]: [BT] SetPidPlannerParam SUCCESS C:AMR G:TE B:R pos=(0.85,1.05)@own_leisure_area Enemy:blue Time:188.00
[INFO] [1772871315.963648650]: [BT] GetChassisDecisions SUCCESS C:AMR G:TE B:R pos=(0.85,1.05)@own_leisure_area Enemy:blue Time:188.00
[INFO] [1772871315.984719560]: [BT] SendChassisCommand SUCCESS C:AMR G:TE B:R pos=(0.85,1.05)@own_leisure_area Enemy:blue Time:188.00
[INFO] [1772871315.984847465]: [BT] GetGimbalDecisions SUCCESS C:AMR G:TE B:R pos=(0.85,1.05)@own_leisure_area Enemy:blue Time:188.00
[INFO] [1772871315.984899265]: [BT] SendGimbalCommand SUCCESS C:AMR G:TE B:R pos=(0.85,1.05)@own_leisure_area Enemy:blue Time:188.00
[INFO] [1772871315.984956084]: [BT] GetShooterDecisions SUCCESS C:AMR G:TE B:R pos=(0.85,1.05)@own_leisure_area Enemy:blue Time:188.00
[INFO] [1772871315.985003676]: [BT] SendShooterCommand SUCCESS C:AMR G:TE B:R pos=(0.85,1.05)@own_leisure_area Enemy:blue Time:188.00
[INFO] [1772871316.467602709]: [BT] OutputRightSwitchState SUCCESS C:AMR G:TE B:R pos=(0.85,1.05)@own_leisure_area Enemy:blue Time:189.00 switch=auto state=auto
[INFO] [1772871316.467673164]: [BT] ReviveIfDead SUCCESS C:AMR G:TE B:R pos=(0.85,1.05)@own_leisure_area Enemy:blue Time:189.00 revive=done
[INFO] [1772871316.467702046]: [BT] GetPresentTime SUCCESS C:AMR G:TE B:R pos=(0.85,1.05)@own_leisure_area Enemy:blue Time:189.00
[INFO] [1772871316.467754422]: [BT] GetPosInMap SUCCESS C:AMR G:TE B:R pos=(0.85,1.05)@own_leisure_area Enemy:blue Time:189.00
[INFO] [1772871316.467794562]: [BT] GetPolygonInWhich SUCCESS C:AMR G:TE B:R pos=(0.85,1.05)@own_leisure_area Enemy:blue Time:189.00 area=own_leisure_area
[INFO] [1772871316.467826741]: [BT] GetSentryCmd SUCCESS C:AMR G:TE B:R pos=(0.85,1.05)@own_leisure_area Enemy:blue Time:189.00 area=own_leisure_area desired=0 mode=3 acc_sec=64 degraded=0 change=0
[INFO] [1772871316.467932473]: [BT] SetPidPlannerParam SUCCESS C:AMR G:TE B:R pos=(0.85,1.05)@own_leisure_area Enemy:blue Time:189.00
[INFO] [1772871316.467970701]: [BT] GetChassisDecisions SUCCESS C:AMR G:TE B:R pos=(0.85,1.05)@own_leisure_area Enemy:blue Time:189.00
[INFO] [1772871316.488962776]: [BT] SendChassisCommand SUCCESS C:AMR G:TE B:R pos=(0.85,1.05)@own_leisure_area Enemy:blue Time:189.00
[INFO] [1772871316.489083936]: [BT] GetGimbalDecisions SUCCESS C:AMR G:TE B:R pos=(0.85,1.05)@own_leisure_area Enemy:blue Time:189.00
[INFO] [1772871316.489125021]: [BT] SendGimbalCommand SUCCESS C:AMR G:TE B:R pos=(0.85,1.05)@own_leisure_area Enemy:blue Time:189.00
[INFO] [1772871316.489156596]: [BT] GetShooterDecisions SUCCESS C:AMR G:TE B:R pos=(0.85,1.05)@own_leisure_area Enemy:blue Time:189.00
[INFO] [1772871316.489194003]: [BT] SendShooterCommand SUCCESS C:AMR G:TE B:R pos=(0.85,1.05)@own_leisure_area Enemy:blue Time:189.00
[INFO] [1772871316.928811968]: Present time:191 Chassis:AMR Gimbal:TE Booster:P
[INFO] [1772871316.972328493]: [BT] OutputRightSwitchState SUCCESS C:AMR G:TE B:P pos=(0.85,1.05)@own_leisure_area Enemy:blue Time:191.00 switch=auto state=auto
[INFO] [1772871316.972451073]: [BT] ReviveIfDead SUCCESS C:AMR G:TE B:P pos=(0.85,1.0[WARN] [1772871317.377993155]: action not connect
[WARN] [1772871317.885352328]: action not connect
5)@own_leisure_area Enemy:blue Time:191.00 revive=done
[INFO] [1772871316.972626721]: [BT] GetPresentTime SUCCESS C:AMR G:TE B:P pos=(0.85,1.05)@own_leisure_area Enemy:blue Time:191.00
[INFO] [1772871316.972699714]: [BT] GetPosInMap SUCCESS C:AMR G:TE B:P pos=(0.85,1.05)@own_leisure_area Enemy:blue Time:191.00
[INFO] [1772871316.972743851]: [BT] GetPolygonInWhich SUCCESS C:AMR G:TE B:P pos=(0.85,1.05)@own_leisure_area Enemy:blue Time:191.00 area=own_leisure_area
[INFO] [1772871316.972792788]: [BT] GetSentryCmd SUCCESS C:AMR G:TE B:P pos=(0.85,1.05)@own_leisure_area Enemy:blue Time:191.00 area=own_leisure_area desired=0 mode=3 acc_sec=65 degraded=0 change=0
[INFO] [1772871316.972974989]: [BT] SetPidPlannerParam SUCCESS C:AMR G:TE B:P pos=(0.85,1.05)@own_leisure_area Enemy:blue Time:191.00
[INFO] [1772871316.973043651]: [BT] GetChassisDecisions SUCCESS C:AMR G:TE B:P pos=(0.85,1.05)@own_leisure_area Enemy:blue Time:191.00
[INFO] [1772871316.993948624]: [BT] SendChassisCommand SUCCESS C:AMR G:TE B:P pos=(0.85,1.05)@own_leisure_area Enemy:blue Time:191.00
[INFO] [1772871316.994058970]: [BT] GetGimbalDecisions SUCCESS C:AMR G:TE B:P pos=(0.85,1.05)@own_leisure_area Enemy:blue Time:191.00
[INFO] [1772871316.994101094]: [BT] SendGimbalCommand SUCCESS C:AMR G:TE B:P pos=(0.85,1.05)@own_leisure_area Enemy:blue Time:191.00
[INFO] [1772871316.994134633]: [BT] GetShooterDecisions SUCCESS C:AMR G:TE B:P pos=(0.85,1.05)@own_leisure_area Enemy:blue Time:191.00
[INFO] [1772871316.994170796]: [BT] SendShooterCommand SUCCESS C:AMR G:TE B:P pos=(0.85,1.05)@own_leisure_area Enemy:blue Time:191.00
[INFO] [1772871317.475646846]: [BT] OutputRightSwitchState SUCCESS C:AMR G:TE B:P pos=(0.85,1.05)@own_leisure_area Enemy:blue Time:192.00 switch=auto state=auto
[INFO] [1772871317.475742460]: [BT] ReviveIfDead SUCCESS C:AMR G:TE B:P pos=(0.85,1.05)@own_leisure_area Enemy:blue Time:192.00 revive=done
[INFO] [1772871317.475790143]: [BT] GetPresentTime SUCCESS C:AMR G:TE B:P pos=(0.85,1.05)@own_leisure_area Enemy:blue Time:192.00
[INFO] [1772871317.475856453]: [BT] GetPosInMap SUCCESS C:AMR G:TE B:P pos=(0.85,1.05)@own_leisure_area Enemy:blue Time:192.00
[INFO] [1772871317.475894238]: [BT] GetPolygonInWhich SUCCESS C:AMR G:TE B:P pos=(0.85,1.05)@own_leisure_area Enemy:blue Time:192.00 area=own_leisure_area
[INFO] [1772871317.475936413]: [BT] GetSentryCmd SUCCESS C:AMR G:TE B:P pos=(0.85,1.05)@own_leisure_area Enemy:blue Time:192.00 area=own_leisure_area desired=0 mode=3 acc_sec=65 degraded=0 change=0
[INFO] [1772871317.476137128]: [BT] SetPidPlannerParam SUCCESS C:AMR G:TE B:P pos=(0.85,1.05)@own_leisure_area Enemy:blue Time:192.00
[INFO] [1772871317.476207226]: [BT] GetChassisDecisions SUCCESS C:AMR G:TE B:P pos=(0.85,1.05)@own_leisure_area Enemy:blue Time:192.00
[INFO] [1772871317.496975358]: [BT] SendChassisCommand SUCCESS C:AMR G:TE B:P pos=(0.85,1.05)@own_leisure_area Enemy:blue Time:192.00
[INFO] [1772871317.497111749]: [BT] GetGimbalDecisions SUCCESS C:AMR G:TE B:P pos=(0.85,1.05)@own_leisure_area Enemy:blue Time:192.00
[INFO] [1772871317.497167298]: [BT] SendGimbalCommand SUCCESS C:AMR G:TE B:P pos=(0.85,1.05)@own_leisure_area Enemy:blue Time:192.00
[INFO] [1772871317.497213756]: [BT] GetShooterDecisions SUCCESS C:AMR G:TE B:P pos=(0.85,1.05)@own_leisure_area Enemy:blue Time:192.00
[INFO] [1772871317.497287641]: [BT] SendShooterCommand SUCCESS C:AMR G:TE B:P pos=(0.85,1.05)@own_leisure_area Enemy:blue Time:192.00
[INFO] [1772871317.982194966]: [BT] OutputRightSwitchState SUCCESS C:AMR G:TE B:P pos=(0.85,1.05)@own_leisure_area Enemy:blue Time:194.00 switch=auto state=auto
[INFO] [1772871317.982268875]: [BT] ReviveIfDead SUCCESS C:AMR G:TE B:P pos=(0.85,1.05)@own_leisure_area Enemy:blue Time:194.00 revive=done
[INFO] [1772871317.982315487]: [BT] GetPresentTime SUCCESS C:AMR G:TE B:P pos=(0.85,1.05)@own_leisure_area Enemy:blue Time:194.00
[INFO] [1772871317.982371201]: [BT] GetPosInMap SUCCESS C:AMR G:TE B:P pos=(0.85,1.05)@own_leisure_area Enemy:blue Time:194.00
[INFO] [1772871317.982414206]: [BT] GetPolygonInWhich SUCCESS C:AMR G:TE B:P pos=(0.[WARN] [1772871318.389486277]: action not connect
[WARN] [1772871318.894380416]: action not connect
85,1.05)@own_leisure_area Enemy:blue Time:194.00 area=own_leisure_area
[INFO] [1772871317.982519555]: [BT] GetSentryCmd SUCCESS C:AMR G:TE B:P pos=(0.85,1.05)@own_leisure_area Enemy:blue Time:194.00 area=own_leisure_area desired=0 mode=3 acc_sec=66 degraded=0 change=0
[INFO] [1772871317.982685174]: [BT] SetPidPlannerParam SUCCESS C:AMR G:TE B:P pos=(0.85,1.05)@own_leisure_area Enemy:blue Time:194.00
[INFO] [1772871317.982743507]: [BT] GetChassisDecisions SUCCESS C:AMR G:TE B:P pos=(0.85,1.05)@own_leisure_area Enemy:blue Time:194.00
[INFO] [1772871318.003864502]: [BT] SendChassisCommand SUCCESS C:AMR G:TE B:P pos=(0.85,1.05)@own_leisure_area Enemy:blue Time:194.00
[INFO] [1772871318.004001484]: [BT] GetGimbalDecisions SUCCESS C:AMR G:TE B:P pos=(0.85,1.05)@own_leisure_area Enemy:blue Time:194.00
[INFO] [1772871318.004088362]: [BT] SendGimbalCommand SUCCESS C:AMR G:TE B:P pos=(0.85,1.05)@own_leisure_area Enemy:blue Time:194.00
[INFO] [1772871318.004139148]: [BT] GetShooterDecisions SUCCESS C:AMR G:TE B:P pos=(0.85,1.05)@own_leisure_area Enemy:blue Time:194.00
[INFO] [1772871318.004190971]: [BT] SendShooterCommand SUCCESS C:AMR G:TE B:P pos=(0.85,1.05)@own_leisure_area Enemy:blue Time:194.00
[INFO] [1772871318.486178282]: [BT] OutputRightSwitchState SUCCESS C:AMR G:TE B:P pos=(0.85,1.05)@own_leisure_area Enemy:blue Time:195.00 switch=auto state=auto
[INFO] [1772871318.486270986]: [BT] ReviveIfDead SUCCESS C:AMR G:TE B:P pos=(0.85,1.05)@own_leisure_area Enemy:blue Time:195.00 revive=done
[INFO] [1772871318.486324189]: [BT] GetPresentTime SUCCESS C:AMR G:TE B:P pos=(0.85,1.05)@own_leisure_area Enemy:blue Time:195.00
[INFO] [1772871318.486387503]: [BT] GetPosInMap SUCCESS C:AMR G:TE B:P pos=(0.85,1.05)@own_leisure_area Enemy:blue Time:195.00
[INFO] [1772871318.486492542]: [BT] GetPolygonInWhich SUCCESS C:AMR G:TE B:P pos=(0.85,1.05)@own_leisure_area Enemy:blue Time:195.00 area=own_leisure_area
[INFO] [1772871318.486551790]: [BT] GetSentryCmd SUCCESS C:AMR G:TE B:P pos=(0.85,1.05)@own_leisure_area Enemy:blue Time:195.00 area=own_leisure_area desired=0 mode=3 acc_sec=66 degraded=0 change=0
[INFO] [1772871318.486735174]: [BT] SetPidPlannerParam SUCCESS C:AMR G:TE B:P pos=(0.85,1.05)@own_leisure_area Enemy:blue Time:195.00
[INFO] [1772871318.486818499]: [BT] GetChassisDecisions SUCCESS C:AMR G:TE B:P pos=(0.85,1.05)@own_leisure_area Enemy:blue Time:195.00
[INFO] [1772871318.507913066]: [BT] SendChassisCommand SUCCESS C:AMR G:TE B:P pos=(0.85,1.05)@own_leisure_area Enemy:blue Time:195.00
[INFO] [1772871318.508031346]: [BT] GetGimbalDecisions SUCCESS C:AMR G:TE B:P pos=(0.85,1.05)@own_leisure_area Enemy:blue Time:195.00
[INFO] [1772871318.508083636]: [BT] SendGimbalCommand SUCCESS C:AMR G:TE B:P pos=(0.85,1.05)@own_leisure_area Enemy:blue Time:195.00
[INFO] [1772871318.508128202]: [BT] GetShooterDecisions SUCCESS C:AMR G:TE B:P pos=(0.85,1.05)@own_leisure_area Enemy:blue Time:195.00
[INFO] [1772871318.508176024]: [BT] SendShooterCommand SUCCESS C:AMR G:TE B:P pos=(0.85,1.05)@own_leisure_area Enemy:blue Time:195.00
[INFO] [1772871318.992138254]: [BT] OutputRightSwitchState SUCCESS C:AMR G:TE B:P pos=(0.85,1.05)@own_leisure_area Enemy:blue Time:197.00 switch=auto state=auto
[INFO] [1772871318.992246294]: [BT] ReviveIfDead SUCCESS C:AMR G:TE B:P pos=(0.85,1.05)@own_leisure_area Enemy:blue Time:197.00 revive=done
[INFO] [1772871318.992277010]: [BT] GetPresentTime SUCCESS C:AMR G:TE B:P pos=(0.85,1.05)@own_leisure_area Enemy:blue Time:197.00
[INFO] [1772871318.992324370]: [BT] GetPosInMap SUCCESS C:AMR G:TE B:P pos=(0.85,1.05)@own_leisure_area Enemy:blue Time:197.00
[INFO] [1772871318.992351764]: [BT] GetPolygonInWhich SUCCESS C:AMR G:TE B:P pos=(0.85,1.05)@own_leisure_area Enemy:blue Time:197.00 area=own_leisure_area
[INFO] [1772871318.992388550]: [BT] GetSentryCmd SUCCESS C:AMR G:TE B:P pos=(0.85,1.05)@own_leisure_area Enemy:blue Time:197.00 area=own_leisure_area desired=0 mode=3 acc_sec=67 degraded=0 change=0
[INFO] [1772871318.992520176]: [BT] SetPidPlannerParam SUCCESS C:AMR G:TE B:P pos=(0.85,1.05)@own_leisure_area Enemy:blue Time:[WARN] [1772871319.400636012]: action not connect
[WARN] [1772871319.905546938]: action not connect
197.00
[INFO] [1772871318.992608499]: [BT] GetChassisDecisions SUCCESS C:AMR G:TE B:P pos=(0.85,1.05)@own_leisure_area Enemy:blue Time:197.00
[INFO] [1772871319.013485639]: [BT] SendChassisCommand SUCCESS C:AMR G:TE B:P pos=(0.85,1.05)@own_leisure_area Enemy:blue Time:197.00
[INFO] [1772871319.013723187]: [BT] GetGimbalDecisions SUCCESS C:AMR G:TE B:P pos=(0.85,1.05)@own_leisure_area Enemy:blue Time:197.00
[INFO] [1772871319.013788577]: [BT] SendGimbalCommand SUCCESS C:AMR G:TE B:P pos=(0.85,1.05)@own_leisure_area Enemy:blue Time:197.00
[INFO] [1772871319.013835679]: [BT] GetShooterDecisions SUCCESS C:AMR G:TE B:P pos=(0.85,1.05)@own_leisure_area Enemy:blue Time:197.00
[INFO] [1772871319.013886352]: [BT] SendShooterCommand SUCCESS C:AMR G:TE B:P pos=(0.85,1.05)@own_leisure_area Enemy:blue Time:197.00
[INFO] [1772871319.497685468]: [BT] OutputRightSwitchState SUCCESS C:AMR G:TE B:P pos=(0.85,1.05)@own_leisure_area Enemy:blue Time:198.00 switch=auto state=auto
[INFO] [1772871319.497780585]: [BT] ReviveIfDead SUCCESS C:AMR G:TE B:P pos=(0.85,1.05)@own_leisure_area Enemy:blue Time:198.00 revive=done
[INFO] [1772871319.497826619]: [BT] GetPresentTime SUCCESS C:AMR G:TE B:P pos=(0.85,1.05)@own_leisure_area Enemy:blue Time:198.00
[INFO] [1772871319.497893586]: [BT] GetPosInMap SUCCESS C:AMR G:TE B:P pos=(0.85,1.05)@own_leisure_area Enemy:blue Time:198.00
[INFO] [1772871319.497931832]: [BT] GetPolygonInWhich SUCCESS C:AMR G:TE B:P pos=(0.85,1.05)@own_leisure_area Enemy:blue Time:198.00 area=own_leisure_area
[INFO] [1772871319.497973213]: [BT] GetSentryCmd SUCCESS C:AMR G:TE B:P pos=(0.85,1.05)@own_leisure_area Enemy:blue Time:198.00 area=own_leisure_area desired=0 mode=3 acc_sec=67 degraded=0 change=0
[INFO] [1772871319.498143945]: [BT] SetPidPlannerParam SUCCESS C:AMR G:TE B:P pos=(0.85,1.05)@own_leisure_area Enemy:blue Time:198.00
[INFO] [1772871319.498205864]: [BT] GetChassisDecisions SUCCESS C:AMR G:TE B:P pos=(0.85,1.05)@own_leisure_area Enemy:blue Time:198.00
[INFO] [1772871319.519181412]: [BT] SendChassisCommand SUCCESS C:AMR G:TE B:P pos=(0.85,1.05)@own_leisure_area Enemy:blue Time:198.00
[INFO] [1772871319.519391210]: [BT] GetGimbalDecisions SUCCESS C:AMR G:TE B:P pos=(0.85,1.05)@own_leisure_area Enemy:blue Time:198.00
[INFO] [1772871319.519483270]: [BT] SendGimbalCommand SUCCESS C:AMR G:TE B:P pos=(0.85,1.05)@own_leisure_area Enemy:blue Time:198.00
[INFO] [1772871319.519535449]: [BT] GetShooterDecisions SUCCESS C:AMR G:TE B:P pos=(0.85,1.05)@own_leisure_area Enemy:blue Time:198.00
[INFO] [1772871319.519584812]: [BT] SendShooterCommand SUCCESS C:AMR G:TE B:P pos=(0.85,1.05)@own_leisure_area Enemy:blue Time:198.00
[INFO] [1772871320.002318555]: [BT] OutputRightSwitchState SUCCESS C:AMR G:TE B:P pos=(0.85,1.05)@own_leisure_area Enemy:blue Time:200.00 switch=auto state=auto
[INFO] [1772871320.002391189]: [BT] ReviveIfDead SUCCESS C:AMR G:TE B:P pos=(0.85,1.05)@own_leisure_area Enemy:blue Time:200.00 revive=done
[INFO] [1772871320.002421559]: [BT] GetPresentTime SUCCESS C:AMR G:TE B:P pos=(0.85,1.05)@own_leisure_area Enemy:blue Time:200.00
[INFO] [1772871320.002464893]: [BT] GetPosInMap SUCCESS C:AMR G:TE B:P pos=(0.85,1.05)@own_leisure_area Enemy:blue Time:200.00
[INFO] [1772871320.002490554]: [BT] GetPolygonInWhich SUCCESS C:AMR G:TE B:P pos=(0.85,1.05)@own_leisure_area Enemy:blue Time:200.00 area=own_leisure_area
[INFO] [1772871320.002520911]: [BT] GetSentryCmd SUCCESS C:AMR G:TE B:P pos=(0.85,1.05)@own_leisure_area Enemy:blue Time:200.00 area=own_leisure_area desired=0 mode=3 acc_sec=68 degraded=0 change=0
[INFO] [1772871320.002634893]: [BT] SetPidPlannerParam SUCCESS C:AMR G:TE B:P pos=(0.85,1.05)@own_leisure_area Enemy:blue Time:200.00
[INFO] [1772871320.002693225]: [BT] GetChassisDecisions SUCCESS C:AMR G:TE B:P pos=(0.85,1.05)@own_leisure_area Enemy:blue Time:200.00
[INFO] [1772871320.023689285]: [BT] SendChassisCommand SUCCESS C:AMR G:TE B:P pos=(0.85,1.05)@own_leisure_area Enemy:blue Time:200.00
[INFO] [1772871320.023829567]: [BT] GetGimbalDecisions SUCCESS C:AMR G:TE B:P pos=(0.85,1.05)@own_leisure_area Enemy:blu[WARN] [1772871320.409984068]: action not connect
[WARN] [1772871320.914506549]: action not connect
e Time:200.00
[INFO] [1772871320.024136627]: [BT] SendGimbalCommand SUCCESS C:AMR G:TE B:P pos=(0.85,1.05)@own_leisure_area Enemy:blue Time:200.00
[INFO] [1772871320.024186667]: [BT] GetShooterDecisions SUCCESS C:AMR G:TE B:P pos=(0.85,1.05)@own_leisure_area Enemy:blue Time:200.00
[INFO] [1772871320.024225992]: [BT] SendShooterCommand SUCCESS C:AMR G:TE B:P pos=(0.85,1.05)@own_leisure_area Enemy:blue Time:200.00
[INFO] [1772871320.506706096]: [BT] OutputRightSwitchState SUCCESS C:AMR G:TE B:P pos=(0.85,1.05)@own_leisure_area Enemy:blue Time:201.00 switch=auto state=auto
[INFO] [1772871320.506774349]: [BT] ReviveIfDead SUCCESS C:AMR G:TE B:P pos=(0.85,1.05)@own_leisure_area Enemy:blue Time:201.00 revive=done
[INFO] [1772871320.506803906]: [BT] GetPresentTime SUCCESS C:AMR G:TE B:P pos=(0.85,1.05)@own_leisure_area Enemy:blue Time:201.00
[INFO] [1772871320.506853059]: [BT] GetPosInMap SUCCESS C:AMR G:TE B:P pos=(0.85,1.05)@own_leisure_area Enemy:blue Time:201.00
[INFO] [1772871320.506878227]: [BT] GetPolygonInWhich SUCCESS C:AMR G:TE B:P pos=(0.85,1.05)@own_leisure_area Enemy:blue Time:201.00 area=own_leisure_area
[INFO] [1772871320.506908708]: [BT] GetSentryCmd SUCCESS C:AMR G:TE B:P pos=(0.85,1.05)@own_leisure_area Enemy:blue Time:201.00 area=own_leisure_area desired=0 mode=3 acc_sec=68 degraded=0 change=0
[INFO] [1772871320.507027180]: [BT] SetPidPlannerParam SUCCESS C:AMR G:TE B:P pos=(0.85,1.05)@own_leisure_area Enemy:blue Time:201.00
[INFO] [1772871320.507081502]: [BT] GetChassisDecisions SUCCESS C:AMR G:TE B:P pos=(0.85,1.05)@own_leisure_area Enemy:blue Time:201.00
[INFO] [1772871320.528054323]: [BT] SendChassisCommand SUCCESS C:AMR G:TE B:P pos=(0.85,1.05)@own_leisure_area Enemy:blue Time:201.00
[INFO] [1772871320.528203340]: [BT] GetGimbalDecisions SUCCESS C:AMR G:TE B:P pos=(0.85,1.05)@own_leisure_area Enemy:blue Time:201.00
[INFO] [1772871320.528271442]: [BT] SendGimbalCommand SUCCESS C:AMR G:TE B:P pos=(0.85,1.05)@own_leisure_area Enemy:blue Time:201.00
[INFO] [1772871320.528403035]: [BT] GetShooterDecisions SUCCESS C:AMR G:TE B:P pos=(0.85,1.05)@own_leisure_area Enemy:blue Time:201.00
[INFO] [1772871320.528458453]: [BT] SendShooterCommand SUCCESS C:AMR G:TE B:P pos=(0.85,1.05)@own_leisure_area Enemy:blue Time:201.00
[INFO] [1772871321.011970462]: [BT] OutputRightSwitchState SUCCESS C:AMR G:TE B:P pos=(0.85,1.05)@own_leisure_area Enemy:blue Time:203.00 switch=auto state=auto
[INFO] [1772871321.012073871]: [BT] ReviveIfDead SUCCESS C:AMR G:TE B:P pos=(0.85,1.05)@own_leisure_area Enemy:blue Time:203.00 revive=done
[INFO] [1772871321.012125123]: [BT] GetPresentTime SUCCESS C:AMR G:TE B:P pos=(0.85,1.05)@own_leisure_area Enemy:blue Time:203.00
[INFO] [1772871321.012186891]: [BT] GetPosInMap SUCCESS C:AMR G:TE B:P pos=(0.85,1.05)@own_leisure_area Enemy:blue Time:203.00
[INFO] [1772871321.012230077]: [BT] GetPolygonInWhich SUCCESS C:AMR G:TE B:P pos=(0.85,1.05)@own_leisure_area Enemy:blue Time:203.00 area=own_leisure_area
[INFO] [1772871321.012275248]: [BT] GetSentryCmd SUCCESS C:AMR G:TE B:P pos=(0.85,1.05)@own_leisure_area Enemy:blue Time:203.00 area=own_leisure_area desired=0 mode=3 acc_sec=69 degraded=0 change=0
[INFO] [1772871321.012494144]: [BT] SetPidPlannerParam SUCCESS C:AMR G:TE B:P pos=(0.85,1.05)@own_leisure_area Enemy:blue Time:203.00
[INFO] [1772871321.012552324]: [BT] GetChassisDecisions SUCCESS C:AMR G:TE B:P pos=(0.85,1.05)@own_leisure_area Enemy:blue Time:203.00
[INFO] [1772871321.033276720]: [BT] SendChassisCommand SUCCESS C:AMR G:TE B:P pos=(0.85,1.05)@own_leisure_area Enemy:blue Time:203.00
[INFO] [1772871321.033388937]: [BT] GetGimbalDecisions SUCCESS C:AMR G:TE B:P pos=(0.85,1.05)@own_leisure_area Enemy:blue Time:203.00
[INFO] [1772871321.033442678]: [BT] SendGimbalCommand SUCCESS C:AMR G:TE B:P pos=(0.85,1.05)@own_leisure_area Enemy:blue Time:203.00
[INFO] [1772871321.033491634]: [BT] GetShooterDecisions SUCCESS C:AMR G:TE B:P pos=(0.85,1.05)@own_leisure_area Enemy:blue Time:203.00
[INFO] [1772871321.033533436]: [BT] SendShooterCommand SUCCESS C:AMR G:TE B:P pos=(0.85,1.05)@own_leisure_area Ene[WARN] [1772871321.418895914]: action not connect
[WARN] [1772871321.923533576]: action not connect
[WARN] [1772871322.428378809]: action not connect
my:blue Time:203.00
[INFO] [1772871321.516883362]: [BT] OutputRightSwitchState SUCCESS C:AMR G:TE B:P pos=(0.85,1.05)@own_leisure_area Enemy:blue Time:204.00 switch=auto state=auto
[INFO] [1772871321.517019492]: [BT] ReviveIfDead SUCCESS C:AMR G:TE B:P pos=(0.85,1.05)@own_leisure_area Enemy:blue Time:204.00 revive=done
[INFO] [1772871321.517091937]: [BT] GetPresentTime SUCCESS C:AMR G:TE B:P pos=(0.85,1.05)@own_leisure_area Enemy:blue Time:204.00
[INFO] [1772871321.517158921]: [BT] GetPosInMap SUCCESS C:AMR G:TE B:P pos=(0.85,1.05)@own_leisure_area Enemy:blue Time:204.00
[INFO] [1772871321.517201973]: [BT] GetPolygonInWhich SUCCESS C:AMR G:TE B:P pos=(0.85,1.05)@own_leisure_area Enemy:blue Time:204.00 area=own_leisure_area
[INFO] [1772871321.517247927]: [BT] GetSentryCmd SUCCESS C:AMR G:TE B:P pos=(0.85,1.05)@own_leisure_area Enemy:blue Time:204.00 area=own_leisure_area desired=0 mode=3 acc_sec=69 degraded=0 change=0
[INFO] [1772871321.517428902]: [BT] SetPidPlannerParam SUCCESS C:AMR G:TE B:P pos=(0.85,1.05)@own_leisure_area Enemy:blue Time:204.00
[INFO] [1772871321.517492117]: [BT] GetChassisDecisions SUCCESS C:AMR G:TE B:P pos=(0.85,1.05)@own_leisure_area Enemy:blue Time:204.00
[INFO] [1772871321.538482986]: [BT] SendChassisCommand SUCCESS C:AMR G:TE B:P pos=(0.85,1.05)@own_leisure_area Enemy:blue Time:204.00
[INFO] [1772871321.538587132]: [BT] GetGimbalDecisions SUCCESS C:AMR G:TE B:P pos=(0.85,1.05)@own_leisure_area Enemy:blue Time:204.00
[INFO] [1772871321.538623132]: [BT] SendGimbalCommand SUCCESS C:AMR G:TE B:P pos=(0.85,1.05)@own_leisure_area Enemy:blue Time:204.00
[INFO] [1772871321.538650999]: [BT] GetShooterDecisions SUCCESS C:AMR G:TE B:P pos=(0.85,1.05)@own_leisure_area Enemy:blue Time:204.00
[INFO] [1772871321.538693354]: [BT] SendShooterCommand SUCCESS C:AMR G:TE B:P pos=(0.85,1.05)@own_leisure_area Enemy:blue Time:204.00
[INFO] [1772871322.021081723]: [BT] OutputRightSwitchState SUCCESS C:AMR G:TE B:P pos=(0.85,1.05)@own_leisure_area Enemy:blue Time:206.00 switch=auto state=auto
[INFO] [1772871322.021167604]: [BT] ReviveIfDead SUCCESS C:AMR G:TE B:P pos=(0.85,1.05)@own_leisure_area Enemy:blue Time:206.00 revive=done
[INFO] [1772871322.021199953]: [BT] GetPresentTime SUCCESS C:AMR G:TE B:P pos=(0.85,1.05)@own_leisure_area Enemy:blue Time:206.00
[INFO] [1772871322.021240046]: [BT] GetPosInMap SUCCESS C:AMR G:TE B:P pos=(0.85,1.05)@own_leisure_area Enemy:blue Time:206.00
[INFO] [1772871322.021265494]: [BT] GetPolygonInWhich SUCCESS C:AMR G:TE B:P pos=(0.85,1.05)@own_leisure_area Enemy:blue Time:206.00 area=own_leisure_area
[INFO] [1772871322.021324748]: [BT] GetSentryCmd SUCCESS C:AMR G:TE B:P pos=(0.85,1.05)@own_leisure_area Enemy:blue Time:206.00 area=own_leisure_area desired=0 mode=3 acc_sec=70 degraded=0 change=0
[INFO] [1772871322.021448423]: [BT] SetPidPlannerParam SUCCESS C:AMR G:TE B:P pos=(0.85,1.05)@own_leisure_area Enemy:blue Time:206.00
[INFO] [1772871322.021489643]: [BT] GetChassisDecisions SUCCESS C:AMR G:TE B:P pos=(0.85,1.05)@own_leisure_area Enemy:blue Time:206.00
[INFO] [1772871322.042513339]: [BT] SendChassisCommand SUCCESS C:AMR G:TE B:P pos=(0.85,1.05)@own_leisure_area Enemy:blue Time:206.00
[INFO] [1772871322.042645404]: [BT] GetGimbalDecisions SUCCESS C:AMR G:TE B:P pos=(0.85,1.05)@own_leisure_area Enemy:blue Time:206.00
[INFO] [1772871322.042703629]: [BT] SendGimbalCommand SUCCESS C:AMR G:TE B:P pos=(0.85,1.05)@own_leisure_area Enemy:blue Time:206.00
[INFO] [1772871322.042774529]: [BT] GetShooterDecisions SUCCESS C:AMR G:TE B:P pos=(0.85,1.05)@own_leisure_area Enemy:blue Time:206.00
[INFO] [1772871322.042826671]: [BT] SendShooterCommand SUCCESS C:AMR G:TE B:P pos=(0.85,1.05)@own_leisure_area Enemy:blue Time:206.00
[INFO] [1772871322.524679689]: [BT] OutputRightSwitchState SUCCESS C:AMR G:TE B:P pos=(0.85,1.05)@own_leisure_area Enemy:blue Time:207.00 switch=auto state=auto
[INFO] [1772871322.524790836]: [BT] ReviveIfDead SUCCESS C:AMR G:TE B:P pos=(0.85,1.05)@own_leisure_area Enemy:blue Time:207.00 revive=done
[INFO] [1772871322.524840224]: [BT] GetPresentTime SUCCESS C:AMR G:TE B:P p[WARN] [1772871322.933423553]: action not connect
[WARN] [1772871323.438051556]: action not connect
os=(0.85,1.05)@own_leisure_area Enemy:blue Time:207.00
[INFO] [1772871322.524989142]: [BT] GetPosInMap SUCCESS C:AMR G:TE B:P pos=(0.85,1.05)@own_leisure_area Enemy:blue Time:207.00
[INFO] [1772871322.525040891]: [BT] GetPolygonInWhich SUCCESS C:AMR G:TE B:P pos=(0.85,1.05)@own_leisure_area Enemy:blue Time:207.00 area=own_leisure_area
[INFO] [1772871322.525088222]: [BT] GetSentryCmd SUCCESS C:AMR G:TE B:P pos=(0.85,1.05)@own_leisure_area Enemy:blue Time:207.00 area=own_leisure_area desired=0 mode=3 acc_sec=70 degraded=0 change=0
[INFO] [1772871322.525286308]: [BT] SetPidPlannerParam SUCCESS C:AMR G:TE B:P pos=(0.85,1.05)@own_leisure_area Enemy:blue Time:207.00
[INFO] [1772871322.525375857]: [BT] GetChassisDecisions SUCCESS C:AMR G:TE B:P pos=(0.85,1.05)@own_leisure_area Enemy:blue Time:207.00
[INFO] [1772871322.546389172]: [BT] SendChassisCommand SUCCESS C:AMR G:TE B:P pos=(0.85,1.05)@own_leisure_area Enemy:blue Time:207.00
[INFO] [1772871322.546510513]: [BT] GetGimbalDecisions SUCCESS C:AMR G:TE B:P pos=(0.85,1.05)@own_leisure_area Enemy:blue Time:207.00
[INFO] [1772871322.546564033]: [BT] SendGimbalCommand SUCCESS C:AMR G:TE B:P pos=(0.85,1.05)@own_leisure_area Enemy:blue Time:207.00
[INFO] [1772871322.546607038]: [BT] GetShooterDecisions SUCCESS C:AMR G:TE B:P pos=(0.85,1.05)@own_leisure_area Enemy:blue Time:207.00
[INFO] [1772871322.546727771]: [BT] SendShooterCommand SUCCESS C:AMR G:TE B:P pos=(0.85,1.05)@own_leisure_area Enemy:blue Time:207.00
[INFO] [1772871323.030991686]: [BT] OutputRightSwitchState SUCCESS C:AMR G:TE B:P pos=(0.85,1.05)@own_leisure_area Enemy:blue Time:209.00 switch=auto state=auto
[INFO] [1772871323.031069025]: [BT] ReviveIfDead SUCCESS C:AMR G:TE B:P pos=(0.85,1.05)@own_leisure_area Enemy:blue Time:209.00 revive=done
[INFO] [1772871323.031106162]: [BT] GetPresentTime SUCCESS C:AMR G:TE B:P pos=(0.85,1.05)@own_leisure_area Enemy:blue Time:209.00
[INFO] [1772871323.031151996]: [BT] GetPosInMap SUCCESS C:AMR G:TE B:P pos=(0.85,1.05)@own_leisure_area Enemy:blue Time:209.00
[INFO] [1772871323.031181671]: [BT] GetPolygonInWhich SUCCESS C:AMR G:TE B:P pos=(0.85,1.05)@own_leisure_area Enemy:blue Time:209.00 area=own_leisure_area
[INFO] [1772871323.031215623]: [BT] GetSentryCmd SUCCESS C:AMR G:TE B:P pos=(0.85,1.05)@own_leisure_area Enemy:blue Time:209.00 area=own_leisure_area desired=0 mode=3 acc_sec=71 degraded=0 change=0
[INFO] [1772871323.031362665]: [BT] SetPidPlannerParam SUCCESS C:AMR G:TE B:P pos=(0.85,1.05)@own_leisure_area Enemy:blue Time:209.00
[INFO] [1772871323.031410958]: [BT] GetChassisDecisions SUCCESS C:AMR G:TE B:P pos=(0.85,1.05)@own_leisure_area Enemy:blue Time:209.00
[INFO] [1772871323.052063658]: [BT] SendChassisCommand SUCCESS C:AMR G:TE B:P pos=(0.85,1.05)@own_leisure_area Enemy:blue Time:209.00
[INFO] [1772871323.052194987]: [BT] GetGimbalDecisions SUCCESS C:AMR G:TE B:P pos=(0.85,1.05)@own_leisure_area Enemy:blue Time:209.00
[INFO] [1772871323.052444364]: [BT] SendGimbalCommand SUCCESS C:AMR G:TE B:P pos=(0.85,1.05)@own_leisure_area Enemy:blue Time:209.00
[INFO] [1772871323.052510893]: [BT] GetShooterDecisions SUCCESS C:AMR G:TE B:P pos=(0.85,1.05)@own_leisure_area Enemy:blue Time:209.00
[INFO] [1772871323.052563849]: [BT] SendShooterCommand SUCCESS C:AMR G:TE B:P pos=(0.85,1.05)@own_leisure_area Enemy:blue Time:209.00
[INFO] [1772871323.535289961]: [BT] OutputRightSwitchState SUCCESS C:AMR G:TE B:P pos=(0.85,1.05)@own_leisure_area Enemy:blue Time:210.00 switch=auto state=auto
[INFO] [1772871323.535404964]: [BT] ReviveIfDead SUCCESS C:AMR G:TE B:P pos=(0.85,1.05)@own_leisure_area Enemy:blue Time:210.00 revive=done
[INFO] [1772871323.535455753]: [BT] GetPresentTime SUCCESS C:AMR G:TE B:P pos=(0.85,1.05)@own_leisure_area Enemy:blue Time:210.00
[INFO] [1772871323.535514855]: [BT] GetPosInMap SUCCESS C:AMR G:TE B:P pos=(0.85,1.05)@own_leisure_area Enemy:blue Time:210.00
[INFO] [1772871323.535553574]: [BT] GetPolygonInWhich SUCCESS C:AMR G:TE B:P pos=(0.85,1.05)@own_leisure_area Enemy:blue Time:210.00 area=own_leisure_area
[INFO] [1772871323.535613756]: [BT] GetSentryCmd SUCCESS C:AMR G:TE B:P pos=(0.85,1.05)@own_leisure_area Enemy:blue Time:210.00 area=own_leisure_area desired=0 mode=3 acc_sec=71 degraded=0 change=0
[INFO] [1772871323.535848457]: [BT] SetPidPlannerParam SUCCESS C:AMR G:TE B:P pos=(0.85,1.05)@own_leisure_area Enemy:blue Time:210.00
[INFO] [1772871323.535921692]: [BT] GetChassisDecisions SUCCESS C:AMR G:TE B:P pos=(0.85,1.05)@own_leisure_area Enemy:blue Time:210.00
[INFO] [1772871323.556925680]: [BT] SendChassisCommand SUCCESS C:AMR G:TE B:P pos=(0.85,1.05)@own_leisure_area Enemy:blue Time:210.00
[INFO] [1772871323.557044476]: [BT] GetGimbalDecisions SUCCESS C:AMR G:TE B:P pos=(0.85,1.05)@own_leisure_area Enemy:blue Time:210.00
[INFO] [1772871323.557095739]: [BT] SendGimbalCommand SUCCESS C:AMR G:TE B:P pos=(0.85,1.05)@own_leisure_area Enemy:blue Time:210.00
[INFO] [1772871323.557139181]: [BT] GetShooterDecisions SUCCESS C:AMR G:TE B:P pos=(0.85,1.05)@own_leisure_area Enemy:blue Time:210.00
[INFO] [1772871323.557216698]: [BT] SendShooterCommand SUCCESS C:AMR G:TE B:P pos=(0.85,1.05)@own_leisure_area Enemy:blue Time:210.00
[INFO] [1772871323.600746285]: Reviving...
[INFO] [1772871324.039375722]: [BT] OutputRightSwitchState SUCCESS C:AMR G:TE B:P pos=(0.85,1.05)@own_leisure_area Enemy:blue Time:211.00 switch=auto state=auto
[INFO] [1772871324.039479476]: [BT] ReviveIfDead FAILURE C:AMR G:TE B:P pos=(0.85,1.05)@own_leisure_area Enemy:blue Time:211.00 revive=dead
[INFO] [1772871324.109158526]: Reviving...
[INFO] [1772871324.549184378]: [BT] OutputRightSwitchState SUCCESS C:AMR G:TE B:P pos=(0.85,1.05)@own_leisure_area Enemy:blue Time:211.00 switch=auto state=auto
[INFO] [1772871324.549367731]: [BT] ReviveIfDead FAILURE C:AMR G:TE B:P pos=(0.85,1.05)@own_leisure_area Enemy:blue Time:211.00 revive=dead
[INFO] [1772871324.609197569]: Reviving...
[INFO] [1772871325.049157564]: [BT] OutputRightSwitchState SUCCESS C:AMR G:TE B:P pos=(0.85,1.05)@own_leisure_area Enemy:blue Time:211.00 switch=auto state=auto
[INFO] [1772871325.059442526]: [BT] ReviveIfDead FAILURE C:AMR G:TE B:P pos=(0.85,1.05)@own_leisure_area Enemy:blue Time:211.00 revive=dead
[INFO] [1772871325.109242457]: Reviving...
[INFO] [1772871325.549167028]: [BT] OutputRightSwitchState SUCCESS C:AMR G:TE B:P pos=(0.85,1.05)@own_leisure_area Enemy:blue Time:211.00 switch=auto state=auto
[INFO] [1772871325.569134751]: [BT] ReviveIfDead FAILURE C:AMR G:TE B:P pos=(0.85,1.05)@own_leisure_area Enemy:blue Time:211.00 revive=dead
[INFO] [1772871325.619320791]: Reviving...
[INFO] [1772871326.059449579]: [BT] OutputRightSwitchState SUCCESS C:AMR G:TE B:P pos=(0.85,1.05)@own_leisure_area Enemy:blue Time:211.00 switch=auto state=auto
[INFO] [1772871326.069152754]: [BT] ReviveIfDead FAILURE C:AMR G:TE B:P pos=(0.85,1.05)@own_leisure_area Enemy:blue Time:211.00 revive=dead
[INFO] [1772871326.119410831]: Reviving...
[INFO] [1772871326.259449480]: Calibrating...
[INFO] [1772871326.569184937]: [BT] OutputRightSwitchState SUCCESS C:AMR G:TE B:P pos=(0.85,1.05)@own_leisure_area Enemy:blue Time:211.00 switch=auto state=auto
[INFO] [1772871326.569285884]: [BT] ReviveIfDead FAILURE C:AMR G:TE B:P pos=(0.85,1.05)@own_leisure_area Enemy:blue Time:211.00 revive=calibrating
[INFO] [1772871326.769362706]: Calibrating...
[INFO] [1772871327.069199577]: [BT] GetPresentTime SUCCESS C:AMR G:TE B:P pos=(0.85,1.05)@own_leisure_area Enemy:blue Time:221.00
[INFO] [1772871327.069338704]: [BT] GetPosInMap SUCCESS C:AMR G:TE B:P pos=(0.85,1.05)@own_leisure_area Enemy:blue Time:221.00
[INFO] [1772871327.069380343]: [BT] GetPolygonInWhich SUCCESS C:AMR G:TE B:P pos=(0.85,1.05)@own_leisure_area Enemy:blue Time:221.00 area=own_leisure_area
[INFO] [1772871327.069420658]: [BT] GetSentryCmd SUCCESS C:AMR G:TE B:P pos=(0.85,1.05)@own_leisure_area Enemy:blue Time:221.00 area=own_leisure_area desired=0 mode=3 acc_sec=75 degraded=0 change=0
[INFO] [1772871327.069556491]: [BT] SetPidPlannerParam SUCCESS C:AMR G:TE B:P pos=(0.85,1.05)@own_leisure_area Enemy:blue Time:221.00
[INFO] [1772871327.069598409]: Present time:221 C:GHRA G:TE B:P staying_area_name: own_leisure_area
[INFO] [177[WARN] [1772871327.079790065]: action not connect
[WARN] [1772871327.080229109]: "yaw" passed to lookupTransform argument source_frame does not exist. 
[WARN] [1772871327.080279081]: "yaw" passed to lookupTransform argument target_frame does not exist. 
[WARN] [1772871327.583873270]: action not connect
[WARN] [1772871327.584287392]: "yaw" passed to lookupTransform argument source_frame does not exist. 
[WARN] [1772871327.584374254]: "yaw" passed to lookupTransform argument target_frame does not exist. 
[WARN] [1772871328.090481647]: action not connect
2871327.069628511]: [BT] GetChassisDecisions SUCCESS C:GHRA G:TE B:P pos=(0.85,1.05)@own_leisure_area Enemy:blue Time:221.00
[INFO] [1772871327.080036166]: [BT] SendChassisCommand SUCCESS C:GHRA G:TE B:P pos=(0.85,1.05)@own_leisure_area Enemy:blue Time:221.00
[INFO] [1772871327.080112590]: Present time:221 C:GHRA G:RSE B:P
[INFO] [1772871327.080145797]: [BT] GetGimbalDecisions SUCCESS C:GHRA G:RSE B:P pos=(0.85,1.05)@own_leisure_area Enemy:blue Time:221.00
[INFO] [1772871327.080343157]: [BT] SendGimbalCommand SUCCESS C:GHRA G:RSE B:P pos=(0.85,1.05)@own_leisure_area Enemy:blue Time:221.00
[INFO] [1772871327.080379522]: Present time:221 Chassis:GHRA Gimbal:RSE Booster:R
[INFO] [1772871327.080414626]: [BT] GetShooterDecisions SUCCESS C:GHRA G:RSE B:R pos=(0.85,1.05)@own_leisure_area Enemy:blue Time:221.00
[INFO] [1772871327.080479586]: [BT] SendShooterCommand SUCCESS C:GHRA G:RSE B:R pos=(0.85,1.05)@own_leisure_area Enemy:blue Time:221.00
[INFO] [1772871327.080834450]: [BT] OutputRightSwitchState SUCCESS C:GHRA G:RSE B:R pos=(0.85,1.05)@own_leisure_area Enemy:blue Time:221.00 switch=auto state=auto
[INFO] [1772871327.080900180]: [BT] ReviveIfDead SUCCESS C:GHRA G:RSE B:R pos=(0.85,1.05)@own_leisure_area Enemy:blue Time:221.00 revive=done
[INFO] [1772871327.573347093]: [BT] GetPresentTime SUCCESS C:GHRA G:RSE B:R pos=(0.85,1.05)@own_leisure_area Enemy:blue Time:222.00
[INFO] [1772871327.573441806]: [BT] GetPosInMap SUCCESS C:GHRA G:RSE B:R pos=(0.85,1.05)@own_leisure_area Enemy:blue Time:222.00
[INFO] [1772871327.573489414]: [BT] GetPolygonInWhich SUCCESS C:GHRA G:RSE B:R pos=(0.85,1.05)@own_leisure_area Enemy:blue Time:222.00 area=own_leisure_area
[INFO] [1772871327.573532789]: [BT] GetSentryCmd SUCCESS C:GHRA G:RSE B:R pos=(0.85,1.05)@own_leisure_area Enemy:blue Time:222.00 area=own_leisure_area desired=0 mode=3 acc_sec=75 degraded=0 change=0
[INFO] [1772871327.573673569]: [BT] SetPidPlannerParam SUCCESS C:GHRA G:RSE B:R pos=(0.85,1.05)@own_leisure_area Enemy:blue Time:222.00
[INFO] [1772871327.573717467]: [BT] GetChassisDecisions SUCCESS C:GHRA G:RSE B:R pos=(0.85,1.05)@own_leisure_area Enemy:blue Time:222.00
[INFO] [1772871327.584113801]: [BT] SendChassisCommand SUCCESS C:GHRA G:RSE B:R pos=(0.85,1.05)@own_leisure_area Enemy:blue Time:222.00
[INFO] [1772871327.584206025]: [BT] GetGimbalDecisions SUCCESS C:GHRA G:RSE B:R pos=(0.85,1.05)@own_leisure_area Enemy:blue Time:222.00
[INFO] [1772871327.584433898]: [BT] SendGimbalCommand SUCCESS C:GHRA G:RSE B:R pos=(0.85,1.05)@own_leisure_area Enemy:blue Time:222.00
[INFO] [1772871327.584476889]: [BT] GetShooterDecisions SUCCESS C:GHRA G:RSE B:R pos=(0.85,1.05)@own_leisure_area Enemy:blue Time:222.00
[INFO] [1772871327.584534233]: [BT] SendShooterCommand SUCCESS C:GHRA G:RSE B:R pos=(0.85,1.05)@own_leisure_area Enemy:blue Time:222.00
[INFO] [1772871327.584653473]: [BT] OutputRightSwitchState SUCCESS C:GHRA G:RSE B:R pos=(0.85,1.05)@own_leisure_area Enemy:blue Time:222.00 switch=auto state=auto
[INFO] [1772871327.584705535]: [BT] ReviveIfDead SUCCESS C:GHRA G:RSE B:R pos=(0.85,1.05)@own_leisure_area Enemy:blue Time:222.00 revive=done
[INFO] [1772871328.079895852]: [BT] GetPresentTime SUCCESS C:GHRA G:RSE B:R pos=(0.85,1.05)@own_leisure_area Enemy:blue Time:224.00
[INFO] [1772871328.080013736]: [BT] GetPosInMap SUCCESS C:GHRA G:RSE B:R pos=(0.85,1.05)@own_leisure_area Enemy:blue Time:224.00
[INFO] [1772871328.080059706]: [BT] GetPolygonInWhich SUCCESS C:GHRA G:RSE B:R pos=(0.85,1.05)@own_leisure_area Enemy:blue Time:224.00 area=own_leisure_area
[INFO] [1772871328.080102565]: [BT] GetSentryCmd SUCCESS C:GHRA G:RSE B:R pos=(0.85,1.05)@own_leisure_area Enemy:blue Time:224.00 area=own_leisure_area desired=0 mode=3 acc_sec=76 degraded=0 change=0
[INFO] [1772871328.080264915]: [BT] SetPidPlannerParam SUCCESS C:GHRA G:RSE B:R pos=(0.85,1.05)@own_leisure_area Enemy:blue Time:224.00
[INFO] [1772871328.080328057]: [BT] GetChassisDecisions SUCCESS C:GHRA G:RSE B:R pos=(0.85,1.05)@own_leisure_area Enemy:blue Time:224.00
[INFO] [1772871328.090709211]: [BT] SendChassisCommand SUCCESS C:GHRA G:R[WARN] [1772871328.090905361]: "yaw" passed to lookupTransform argument source_frame does not exist. 
[WARN] [1772871328.090962249]: "yaw" passed to lookupTransform argument target_frame does not exist. 
[WARN] [1772871328.598100381]: action not connect
[WARN] [1772871328.598560983]: "yaw" passed to lookupTransform argument source_frame does not exist. 
[WARN] [1772871328.598621713]: "yaw" passed to lookupTransform argument target_frame does not exist. 
[WARN] [1772871329.104477239]: action not connect
[WARN] [1772871329.104860942]: "yaw" passed to lookupTransform argument source_frame does not exist. 
[WARN] [1772871329.104920731]: "yaw" passed to lookupTransform argument target_frame does not exist. 
SE B:R pos=(0.85,1.05)@own_leisure_area Enemy:blue Time:224.00
[INFO] [1772871328.090820993]: [BT] GetGimbalDecisions SUCCESS C:GHRA G:RSE B:R pos=(0.85,1.05)@own_leisure_area Enemy:blue Time:224.00
[INFO] [1772871328.091014816]: [BT] SendGimbalCommand SUCCESS C:GHRA G:RSE B:R pos=(0.85,1.05)@own_leisure_area Enemy:blue Time:224.00
[INFO] [1772871328.091055083]: [BT] GetShooterDecisions SUCCESS C:GHRA G:RSE B:R pos=(0.85,1.05)@own_leisure_area Enemy:blue Time:224.00
[INFO] [1772871328.091100681]: [BT] SendShooterCommand SUCCESS C:GHRA G:RSE B:R pos=(0.85,1.05)@own_leisure_area Enemy:blue Time:224.00
[INFO] [1772871328.091533713]: [BT] OutputRightSwitchState SUCCESS C:GHRA G:RSE B:R pos=(0.85,1.05)@own_leisure_area Enemy:blue Time:224.00 switch=auto state=auto
[INFO] [1772871328.091614900]: [BT] ReviveIfDead SUCCESS C:GHRA G:RSE B:R pos=(0.85,1.05)@own_leisure_area Enemy:blue Time:224.00 revive=done
[INFO] [1772871328.587526587]: [BT] GetPresentTime SUCCESS C:GHRA G:RSE B:R pos=(0.00,0.00)@own_supply_area Enemy:blue Time:225.00
[INFO] [1772871328.587629537]: [BT] GetPosInMap SUCCESS C:GHRA G:RSE B:R pos=(0.00,0.00)@own_supply_area Enemy:blue Time:225.00
[INFO] [1772871328.587674906]: [BT] GetPolygonInWhich SUCCESS C:GHRA G:RSE B:R pos=(0.00,0.00)@own_supply_area Enemy:blue Time:225.00 area=own_supply_area
[INFO] [1772871328.587718310]: [BT] GetSentryCmd SUCCESS C:GHRA G:RSE B:R pos=(0.00,0.00)@own_supply_area Enemy:blue Time:225.00 area=own_supply_area desired=0 mode=3 acc_sec=76 degraded=0 change=0
[INFO] [1772871328.587888400]: [BT] SetPidPlannerParam SUCCESS C:GHRA G:RSE B:R pos=(0.00,0.00)@own_supply_area Enemy:blue Time:225.00
[INFO] [1772871328.587956719]: [BT] GetChassisDecisions SUCCESS C:GHRA G:RSE B:R pos=(0.00,0.00)@own_supply_area Enemy:blue Time:225.00
[INFO] [1772871328.598379800]: [BT] SendChassisCommand SUCCESS C:GHRA G:RSE B:R pos=(0.00,0.00)@own_supply_area Enemy:blue Time:225.00
[INFO] [1772871328.598462402]: [BT] GetGimbalDecisions SUCCESS C:GHRA G:RSE B:R pos=(0.00,0.00)@own_supply_area Enemy:blue Time:225.00
[INFO] [1772871328.598711860]: [BT] SendGimbalCommand SUCCESS C:GHRA G:RSE B:R pos=(0.00,0.00)@own_supply_area Enemy:blue Time:225.00
[INFO] [1772871328.598766027]: [BT] GetShooterDecisions SUCCESS C:GHRA G:RSE B:R pos=(0.00,0.00)@own_supply_area Enemy:blue Time:225.00
[INFO] [1772871328.598976361]: [BT] SendShooterCommand SUCCESS C:GHRA G:RSE B:R pos=(0.00,0.00)@own_supply_area Enemy:blue Time:225.00
[INFO] [1772871328.599415495]: [BT] OutputRightSwitchState SUCCESS C:GHRA G:RSE B:R pos=(0.00,0.00)@own_supply_area Enemy:blue Time:225.00 switch=auto state=auto
[INFO] [1772871328.599489227]: [BT] ReviveIfDead SUCCESS C:GHRA G:RSE B:R pos=(0.00,0.00)@own_supply_area Enemy:blue Time:225.00 revive=done
[INFO] [1772871329.093903792]: [BT] GetPresentTime SUCCESS C:GHRA G:RSE B:R pos=(0.00,0.00)@own_supply_area Enemy:blue Time:227.00
[INFO] [1772871329.094000819]: [BT] GetPosInMap SUCCESS C:GHRA G:RSE B:R pos=(0.00,0.00)@own_supply_area Enemy:blue Time:227.00
[INFO] [1772871329.094049440]: [BT] GetPolygonInWhich SUCCESS C:GHRA G:RSE B:R pos=(0.00,0.00)@own_supply_area Enemy:blue Time:227.00 area=own_supply_area
[INFO] [1772871329.094091680]: [BT] GetSentryCmd SUCCESS C:GHRA G:RSE B:R pos=(0.00,0.00)@own_supply_area Enemy:blue Time:227.00 area=own_supply_area desired=0 mode=3 acc_sec=77 degraded=0 change=0
[INFO] [1772871329.094263675]: [BT] SetPidPlannerParam SUCCESS C:GHRA G:RSE B:R pos=(0.00,0.00)@own_supply_area Enemy:blue Time:227.00
[INFO] [1772871329.094328932]: [BT] GetChassisDecisions SUCCESS C:GHRA G:RSE B:R pos=(0.00,0.00)@own_supply_area Enemy:blue Time:227.00
[INFO] [1772871329.104697624]: [BT] SendChassisCommand SUCCESS C:GHRA G:RSE B:R pos=(0.00,0.00)@own_supply_area Enemy:blue Time:227.00
[INFO] [1772871329.104780487]: [BT] GetGimbalDecisions SUCCESS C:GHRA G:RSE B:R pos=(0.00,0.00)@own_supply_area Enemy:blue Time:227.00
[INFO] [1772871329.104991122]: [BT] SendGimbalCommand SUCCESS C:GHRA G:RSE B:R pos=(0.00,0.00)@own_supply_area Enemy:blue Time:227.00
[INFO] [1772871329.105042057]: [BT] [WARN] [1772871329.611237977]: action not connect
[WARN] [1772871329.611622546]: "yaw" passed to lookupTransform argument source_frame does not exist. 
[WARN] [1772871329.611671146]: "yaw" passed to lookupTransform argument target_frame does not exist. 
[WARN] [1772871330.116208428]: action not connect
[WARN] [1772871330.116675583]: "yaw" passed to lookupTransform argument source_frame does not exist. 
[WARN] [1772871330.116738063]: "yaw" passed to lookupTransform argument target_frame does not exist. 
GetShooterDecisions SUCCESS C:GHRA G:RSE B:R pos=(0.00,0.00)@own_supply_area Enemy:blue Time:227.00
[INFO] [1772871329.105132275]: [BT] SendShooterCommand SUCCESS C:GHRA G:RSE B:R pos=(0.00,0.00)@own_supply_area Enemy:blue Time:227.00
[INFO] [1772871329.105277245]: [BT] OutputRightSwitchState SUCCESS C:GHRA G:RSE B:R pos=(0.00,0.00)@own_supply_area Enemy:blue Time:227.00 switch=auto state=auto
[INFO] [1772871329.105339707]: [BT] ReviveIfDead SUCCESS C:GHRA G:RSE B:R pos=(0.00,0.00)@own_supply_area Enemy:blue Time:227.00 revive=done
[INFO] [1772871329.600693733]: [BT] GetPresentTime SUCCESS C:GHRA G:RSE B:R pos=(0.00,0.00)@own_supply_area Enemy:blue Time:229.00
[INFO] [1772871329.600851343]: [BT] GetPosInMap SUCCESS C:GHRA G:RSE B:R pos=(0.47,0.58)@own_supply_area Enemy:blue Time:229.00
[INFO] [1772871329.600927124]: [BT] GetPolygonInWhich SUCCESS C:GHRA G:RSE B:R pos=(0.47,0.58)@own_leisure_area Enemy:blue Time:229.00 area=own_leisure_area
[INFO] [1772871329.600959493]: [BT] GetSentryCmd SUCCESS C:GHRA G:RSE B:R pos=(0.47,0.58)@own_leisure_area Enemy:blue Time:229.00 area=own_leisure_area desired=0 mode=3 acc_sec=77 degraded=0 change=0
[INFO] [1772871329.601063198]: [BT] SetPidPlannerParam SUCCESS C:GHRA G:RSE B:R pos=(0.47,0.58)@own_leisure_area Enemy:blue Time:229.00
[INFO] [1772871329.601094758]: [BT] GetChassisDecisions SUCCESS C:GHRA G:RSE B:R pos=(0.47,0.58)@own_leisure_area Enemy:blue Time:229.00
[INFO] [1772871329.611456167]: [BT] SendChassisCommand SUCCESS C:GHRA G:RSE B:R pos=(0.47,0.58)@own_leisure_area Enemy:blue Time:229.00
[INFO] [1772871329.611542290]: [BT] GetGimbalDecisions SUCCESS C:GHRA G:RSE B:R pos=(0.47,0.58)@own_leisure_area Enemy:blue Time:229.00
[INFO] [1772871329.611720691]: [BT] SendGimbalCommand SUCCESS C:GHRA G:RSE B:R pos=(0.47,0.58)@own_leisure_area Enemy:blue Time:229.00
[INFO] [1772871329.611758946]: [BT] GetShooterDecisions SUCCESS C:GHRA G:RSE B:R pos=(0.47,0.58)@own_leisure_area Enemy:blue Time:229.00
[INFO] [1772871329.611800504]: [BT] SendShooterCommand SUCCESS C:GHRA G:RSE B:R pos=(0.47,0.58)@own_leisure_area Enemy:blue Time:229.00
[INFO] [1772871329.612086249]: [BT] OutputRightSwitchState SUCCESS C:GHRA G:RSE B:R pos=(0.47,0.58)@own_leisure_area Enemy:blue Time:229.00 switch=auto state=auto
[INFO] [1772871329.612142870]: [BT] ReviveIfDead SUCCESS C:GHRA G:RSE B:R pos=(0.47,0.58)@own_leisure_area Enemy:blue Time:229.00 revive=done
[INFO] [1772871330.105605848]: [BT] GetPresentTime SUCCESS C:GHRA G:RSE B:R pos=(0.85,1.05)@own_leisure_area Enemy:blue Time:230.00
[INFO] [1772871330.105720091]: [BT] GetPosInMap SUCCESS C:GHRA G:RSE B:R pos=(0.85,1.05)@own_leisure_area Enemy:blue Time:230.00
[INFO] [1772871330.105768573]: [BT] GetPolygonInWhich SUCCESS C:GHRA G:RSE B:R pos=(0.85,1.05)@own_leisure_area Enemy:blue Time:230.00 area=own_leisure_area
[INFO] [1772871330.105815495]: [BT] GetSentryCmd SUCCESS C:GHRA G:RSE B:R pos=(0.85,1.05)@own_leisure_area Enemy:blue Time:230.00 area=own_leisure_area desired=0 mode=3 acc_sec=78 degraded=0 change=0
[INFO] [1772871330.105983095]: [BT] SetPidPlannerParam SUCCESS C:GHRA G:RSE B:R pos=(0.85,1.05)@own_leisure_area Enemy:blue Time:230.00
[INFO] [1772871330.106040662]: [BT] GetChassisDecisions SUCCESS C:GHRA G:RSE B:R pos=(0.85,1.05)@own_leisure_area Enemy:blue Time:230.00
[INFO] [1772871330.116468851]: [BT] SendChassisCommand SUCCESS C:GHRA G:RSE B:R pos=(0.85,1.05)@own_leisure_area Enemy:blue Time:230.00
[INFO] [1772871330.116584090]: [BT] GetGimbalDecisions SUCCESS C:GHRA G:RSE B:R pos=(0.85,1.05)@own_leisure_area Enemy:blue Time:230.00
[INFO] [1772871330.116796765]: [BT] SendGimbalCommand SUCCESS C:GHRA G:RSE B:R pos=(0.85,1.05)@own_leisure_area Enemy:blue Time:230.00
[INFO] [1772871330.116838554]: [BT] GetShooterDecisions SUCCESS C:GHRA G:RSE B:R pos=(0.85,1.05)@own_leisure_area Enemy:blue Time:230.00
[INFO] [1772871330.116883223]: [BT] SendShooterCommand SUCCESS C:GHRA G:RSE B:R pos=(0.85,1.05)@own_leisure_area Enemy:blue Time:230.00
[INFO] [1772871330.117274914]: [BT] OutputRightSwitchState SUCCESS C:GHRA G:RSE B:R pos=(0.85,1.05)@own_leisure_a[WARN] [1772871330.618398092]: action not connect
[WARN] [1772871331.120256123]: action not connect
rea Enemy:blue Time:230.00 switch=auto state=auto
[INFO] [1772871330.117397578]: [BT] ReviveIfDead SUCCESS C:GHRA G:RSE B:R pos=(0.85,1.05)@own_leisure_area Enemy:blue Time:230.00 revive=done
[INFO] [1772871330.257259617]: Present time:230 C:ABH G:RSE B:R staying_area_name: own_leisure_area
[INFO] [1772871330.267567455]: Present time:230 C:ABH G:AS B:R
[INFO] [1772871330.267643636]: Present time:230 Chassis:ABH Gimbal:AS Booster:S
[INFO] [1772871330.607747765]: [BT] GetPresentTime SUCCESS C:ABH G:AS B:S pos=(0.85,1.05)@own_leisure_area Enemy:blue Time:230.00
[INFO] [1772871330.607867013]: [BT] GetPosInMap SUCCESS C:ABH G:AS B:S pos=(0.85,1.05)@own_leisure_area Enemy:blue Time:230.00
[INFO] [1772871330.607918703]: [BT] GetPolygonInWhich SUCCESS C:ABH G:AS B:S pos=(0.85,1.05)@own_leisure_area Enemy:blue Time:230.00 area=own_leisure_area
[INFO] [1772871330.608040338]: [BT] GetSentryCmd SUCCESS C:ABH G:AS B:S pos=(0.85,1.05)@own_leisure_area Enemy:blue Time:230.00 area=own_leisure_area desired=0 mode=3 acc_sec=78 degraded=0 change=0
[INFO] [1772871330.608204191]: [BT] SetPidPlannerParam SUCCESS C:ABH G:AS B:S pos=(0.85,1.05)@own_leisure_area Enemy:blue Time:230.00
[INFO] [1772871330.608250992]: [BT] GetChassisDecisions SUCCESS C:ABH G:AS B:S pos=(0.85,1.05)@own_leisure_area Enemy:blue Time:230.00
[INFO] [1772871330.618665813]: [BT] SendChassisCommand SUCCESS C:ABH G:AS B:S pos=(0.85,1.05)@own_leisure_area Enemy:blue Time:230.00
[INFO] [1772871330.618743090]: [BT] GetGimbalDecisions SUCCESS C:ABH G:AS B:S pos=(0.85,1.05)@own_leisure_area Enemy:blue Time:230.00
[INFO] [1772871330.618782316]: [BT] SendGimbalCommand SUCCESS C:ABH G:AS B:S pos=(0.85,1.05)@own_leisure_area Enemy:blue Time:230.00
[INFO] [1772871330.618819828]: [BT] GetShooterDecisions SUCCESS C:ABH G:AS B:S pos=(0.85,1.05)@own_leisure_area Enemy:blue Time:230.00
[INFO] [1772871330.618868082]: [BT] SendShooterCommand SUCCESS C:ABH G:AS B:S pos=(0.85,1.05)@own_leisure_area Enemy:blue Time:230.00
[INFO] [1772871330.619114039]: [BT] OutputRightSwitchState SUCCESS C:ABH G:AS B:S pos=(0.85,1.05)@own_leisure_area Enemy:blue Time:230.00 switch=auto state=auto
[INFO] [1772871330.619181969]: [BT] ReviveIfDead SUCCESS C:ABH G:AS B:S pos=(0.85,1.05)@own_leisure_area Enemy:blue Time:230.00 revive=done
[INFO] [1772871331.109735509]: [BT] GetPresentTime SUCCESS C:ABH G:AS B:S pos=(0.85,1.05)@own_leisure_area Enemy:blue Time:230.00
[INFO] [1772871331.109830695]: [BT] GetPosInMap SUCCESS C:ABH G:AS B:S pos=(0.85,1.05)@own_leisure_area Enemy:blue Time:230.00
[INFO] [1772871331.109879025]: [BT] GetPolygonInWhich SUCCESS C:ABH G:AS B:S pos=(0.85,1.05)@own_leisure_area Enemy:blue Time:230.00 area=own_leisure_area
[INFO] [1772871331.109925801]: [BT] GetSentryCmd SUCCESS C:ABH G:AS B:S pos=(0.85,1.05)@own_leisure_area Enemy:blue Time:230.00 area=own_leisure_area desired=0 mode=3 acc_sec=79 degraded=0 change=0
[INFO] [1772871331.110104321]: [BT] SetPidPlannerParam SUCCESS C:ABH G:AS B:S pos=(0.85,1.05)@own_leisure_area Enemy:blue Time:230.00
[INFO] [1772871331.110153233]: [BT] GetChassisDecisions SUCCESS C:ABH G:AS B:S pos=(0.85,1.05)@own_leisure_area Enemy:blue Time:230.00
[INFO] [1772871331.120459993]: [BT] SendChassisCommand SUCCESS C:ABH G:AS B:S pos=(0.85,1.05)@own_leisure_area Enemy:blue Time:230.00
[INFO] [1772871331.120519858]: [BT] GetGimbalDecisions SUCCESS C:ABH G:AS B:S pos=(0.85,1.05)@own_leisure_area Enemy:blue Time:230.00
[INFO] [1772871331.120545457]: [BT] SendGimbalCommand SUCCESS C:ABH G:AS B:S pos=(0.85,1.05)@own_leisure_area Enemy:blue Time:230.00
[INFO] [1772871331.120566383]: [BT] GetShooterDecisions SUCCESS C:ABH G:AS B:S pos=(0.85,1.05)@own_leisure_area Enemy:blue Time:230.00
[INFO] [1772871331.120595422]: [BT] SendShooterCommand SUCCESS C:ABH G:AS B:S pos=(0.85,1.05)@own_leisure_area Enemy:blue Time:230.00
[INFO] [1772871331.120695107]: [BT] OutputRightSwitchState SUCCESS C:ABH G:AS B:S pos=(0.85,1.05)@own_leisure_area Enemy:blue Time:230.00 switch=auto state=auto
[INFO] [1772871331.120729984]: [BT] ReviveIfDead SUCCESS C:ABH G:AS B:S pos=(0.85,1.05)@own_leisure_a[WARN] [1772871331.620732583]: action not connect
[WARN] [1772871332.129988821]: action not connect
rea Enemy:blue Time:230.00 revive=done
[INFO] [1772871331.610183587]: [BT] GetPresentTime SUCCESS C:ABH G:AS B:S pos=(0.85,1.05)@own_leisure_area Enemy:blue Time:230.00
[INFO] [1772871331.610280550]: [BT] GetPosInMap SUCCESS C:ABH G:AS B:S pos=(0.85,1.05)@own_leisure_area Enemy:blue Time:230.00
[INFO] [1772871331.610341514]: [BT] GetPolygonInWhich SUCCESS C:ABH G:AS B:S pos=(0.85,1.05)@own_leisure_area Enemy:blue Time:230.00 area=own_leisure_area
[INFO] [1772871331.610384292]: [BT] GetSentryCmd SUCCESS C:ABH G:AS B:S pos=(0.85,1.05)@own_leisure_area Enemy:blue Time:230.00 area=own_leisure_area desired=0 mode=3 acc_sec=79 degraded=0 change=0
[INFO] [1772871331.610567385]: [BT] SetPidPlannerParam SUCCESS C:ABH G:AS B:S pos=(0.85,1.05)@own_leisure_area Enemy:blue Time:230.00
[INFO] [1772871331.610610656]: [BT] GetChassisDecisions SUCCESS C:ABH G:AS B:S pos=(0.85,1.05)@own_leisure_area Enemy:blue Time:230.00
[INFO] [1772871331.620960126]: [BT] SendChassisCommand SUCCESS C:ABH G:AS B:S pos=(0.85,1.05)@own_leisure_area Enemy:blue Time:230.00
[INFO] [1772871331.621029323]: [BT] GetGimbalDecisions SUCCESS C:ABH G:AS B:S pos=(0.85,1.05)@own_leisure_area Enemy:blue Time:230.00
[INFO] [1772871331.621063569]: [BT] SendGimbalCommand SUCCESS C:ABH G:AS B:S pos=(0.85,1.05)@own_leisure_area Enemy:blue Time:230.00
[INFO] [1772871331.621092588]: [BT] GetShooterDecisions SUCCESS C:ABH G:AS B:S pos=(0.85,1.05)@own_leisure_area Enemy:blue Time:230.00
[INFO] [1772871331.621145880]: [BT] SendShooterCommand SUCCESS C:ABH G:AS B:S pos=(0.85,1.05)@own_leisure_area Enemy:blue Time:230.00
[INFO] [1772871331.621261532]: [BT] OutputRightSwitchState SUCCESS C:ABH G:AS B:S pos=(0.85,1.05)@own_leisure_area Enemy:blue Time:230.00 switch=auto state=auto
[INFO] [1772871331.621323210]: [BT] ReviveIfDead SUCCESS C:ABH G:AS B:S pos=(0.85,1.05)@own_leisure_area Enemy:blue Time:230.00 revive=done
[INFO] [1772871332.119471312]: [BT] GetPresentTime SUCCESS C:ABH G:AS B:S pos=(0.85,1.05)@own_leisure_area Enemy:blue Time:230.00
[INFO] [1772871332.119569647]: [BT] GetPosInMap SUCCESS C:ABH G:AS B:S pos=(0.85,1.05)@own_leisure_area Enemy:blue Time:230.00
[INFO] [1772871332.119616091]: [BT] GetPolygonInWhich SUCCESS C:ABH G:AS B:S pos=(0.85,1.05)@own_leisure_area Enemy:blue Time:230.00 area=own_leisure_area
[INFO] [1772871332.119660023]: [BT] GetSentryCmd SUCCESS C:ABH G:AS B:S pos=(0.85,1.05)@own_leisure_area Enemy:blue Time:230.00 area=own_leisure_area desired=0 mode=3 acc_sec=80 degraded=0 change=0
[INFO] [1772871332.119830057]: [BT] SetPidPlannerParam SUCCESS C:ABH G:AS B:S pos=(0.85,1.05)@own_leisure_area Enemy:blue Time:230.00
[INFO] [1772871332.119873668]: [BT] GetChassisDecisions SUCCESS C:ABH G:AS B:S pos=(0.85,1.05)@own_leisure_area Enemy:blue Time:230.00
[INFO] [1772871332.130269563]: [BT] SendChassisCommand SUCCESS C:ABH G:AS B:S pos=(0.85,1.05)@own_leisure_area Enemy:blue Time:230.00
[INFO] [1772871332.130379907]: [BT] GetGimbalDecisions SUCCESS C:ABH G:AS B:S pos=(0.85,1.05)@own_leisure_area Enemy:blue Time:230.00
[INFO] [1772871332.130426107]: [BT] SendGimbalCommand SUCCESS C:ABH G:AS B:S pos=(0.85,1.05)@own_leisure_area Enemy:blue Time:230.00
[INFO] [1772871332.130465818]: [BT] GetShooterDecisions SUCCESS C:ABH G:AS B:S pos=(0.85,1.05)@own_leisure_area Enemy:blue Time:230.00
[INFO] [1772871332.130514002]: [BT] SendShooterCommand SUCCESS C:ABH G:AS B:S pos=(0.85,1.05)@own_leisure_area Enemy:blue Time:230.00
[INFO] [1772871332.130762528]: [BT] OutputRightSwitchState SUCCESS C:ABH G:AS B:S pos=(0.85,1.05)@own_leisure_area Enemy:blue Time:230.00 switch=auto state=auto
[INFO] [1772871332.130823265]: [BT] ReviveIfDead SUCCESS C:ABH G:AS B:S pos=(0.85,1.05)@own_leisure_area Enemy:blue Time:230.00 revive=done
[INFO] [1772871332.619954333]: [BT] GetPresentTime SUCCESS C:ABH G:AS B:S pos=(0.85,1.05)@own_leisure_area Enemy:blue Time:230.00
[INFO] [1772871332.620026227]: [BT] GetPosInMap SUCCESS C:ABH G:AS B:S pos=(0.85,1.05)@own_leisure_area Enemy:blue Time:230.00
[INFO] [1772871332.620060611]: [BT] GetPolygonInWhich SUCCESS C:ABH G:AS B:S pos=(0.85,1.05)@own_lei[WARN] [1772871332.630464584]: action not connect
[WARN] [1772871333.140783982]: action not connect
[WARN] [1772871333.601936101]: "yaw" passed to lookupTransform argument source_frame does not exist. 
[WARN] [1772871333.602010234]: "yaw" passed to lookupTransform argument target_frame does not exist. 
sure_area Enemy:blue Time:230.00 area=own_leisure_area
[INFO] [1772871332.620123506]: [BT] GetSentryCmd SUCCESS C:ABH G:AS B:S pos=(0.85,1.05)@own_leisure_area Enemy:blue Time:230.00 area=own_leisure_area desired=0 mode=3 acc_sec=80 degraded=0 change=0
[INFO] [1772871332.620237001]: [BT] SetPidPlannerParam SUCCESS C:ABH G:AS B:S pos=(0.85,1.05)@own_leisure_area Enemy:blue Time:230.00
[INFO] [1772871332.620312057]: [BT] GetChassisDecisions SUCCESS C:ABH G:AS B:S pos=(0.85,1.05)@own_leisure_area Enemy:blue Time:230.00
[INFO] [1772871332.630877747]: [BT] SendChassisCommand SUCCESS C:ABH G:AS B:S pos=(0.85,1.05)@own_leisure_area Enemy:blue Time:230.00
[INFO] [1772871332.630986937]: [BT] GetGimbalDecisions SUCCESS C:ABH G:AS B:S pos=(0.85,1.05)@own_leisure_area Enemy:blue Time:230.00
[INFO] [1772871332.631034412]: [BT] SendGimbalCommand SUCCESS C:ABH G:AS B:S pos=(0.85,1.05)@own_leisure_area Enemy:blue Time:230.00
[INFO] [1772871332.631075518]: [BT] GetShooterDecisions SUCCESS C:ABH G:AS B:S pos=(0.85,1.05)@own_leisure_area Enemy:blue Time:230.00
[INFO] [1772871332.631125617]: [BT] SendShooterCommand SUCCESS C:ABH G:AS B:S pos=(0.85,1.05)@own_leisure_area Enemy:blue Time:230.00
[INFO] [1772871332.631385200]: [BT] OutputRightSwitchState SUCCESS C:ABH G:AS B:S pos=(0.85,1.05)@own_leisure_area Enemy:blue Time:230.00 switch=auto state=auto
[INFO] [1772871332.631451141]: [BT] ReviveIfDead SUCCESS C:ABH G:AS B:S pos=(0.85,1.05)@own_leisure_area Enemy:blue Time:230.00 revive=done
[INFO] [1772871333.130251475]: [BT] GetPresentTime SUCCESS C:ABH G:AS B:S pos=(0.85,1.05)@own_leisure_area Enemy:blue Time:230.00
[INFO] [1772871333.130355176]: [BT] GetPosInMap SUCCESS C:ABH G:AS B:S pos=(0.85,1.05)@own_leisure_area Enemy:blue Time:230.00
[INFO] [1772871333.130398148]: [BT] GetPolygonInWhich SUCCESS C:ABH G:AS B:S pos=(0.85,1.05)@own_leisure_area Enemy:blue Time:230.00 area=own_leisure_area
[INFO] [1772871333.130437266]: [BT] GetSentryCmd SUCCESS C:ABH G:AS B:S pos=(0.85,1.05)@own_leisure_area Enemy:blue Time:230.00 area=own_leisure_area desired=0 mode=3 acc_sec=81 degraded=0 change=0
[INFO] [1772871333.130578572]: [BT] SetPidPlannerParam SUCCESS C:ABH G:AS B:S pos=(0.85,1.05)@own_leisure_area Enemy:blue Time:230.00
[INFO] [1772871333.130616615]: [BT] GetChassisDecisions SUCCESS C:ABH G:AS B:S pos=(0.85,1.05)@own_leisure_area Enemy:blue Time:230.00
[INFO] [1772871333.141042069]: [BT] SendChassisCommand SUCCESS C:ABH G:AS B:S pos=(0.85,1.05)@own_leisure_area Enemy:blue Time:230.00
[INFO] [1772871333.141127126]: [BT] GetGimbalDecisions SUCCESS C:ABH G:AS B:S pos=(0.85,1.05)@own_leisure_area Enemy:blue Time:230.00
[INFO] [1772871333.141173974]: [BT] SendGimbalCommand SUCCESS C:ABH G:AS B:S pos=(0.85,1.05)@own_leisure_area Enemy:blue Time:230.00
[INFO] [1772871333.141215283]: [BT] GetShooterDecisions SUCCESS C:ABH G:AS B:S pos=(0.85,1.05)@own_leisure_area Enemy:blue Time:230.00
[INFO] [1772871333.141265599]: [BT] SendShooterCommand SUCCESS C:ABH G:AS B:S pos=(0.85,1.05)@own_leisure_area Enemy:blue Time:230.00
[INFO] [1772871333.141429619]: [BT] OutputRightSwitchState SUCCESS C:ABH G:AS B:S pos=(0.85,1.05)@own_leisure_area Enemy:blue Time:230.00 switch=auto state=auto
[INFO] [1772871333.141491578]: [BT] ReviveIfDead SUCCESS C:ABH G:AS B:S pos=(0.85,1.05)@own_leisure_area Enemy:blue Time:230.00 revive=done
[INFO] [1772871333.591478115]: Present time:241 C:AMR G:AS B:S staying_area_name: own_leisure_area
[INFO] [1772871333.601802954]: Present time:241 C:AMR G:FSE B:S
[INFO] [1772871333.602089324]: Present time:241 Chassis:AMR Gimbal:FSE Booster:R
[INFO] [1772871333.634652832]: [BT] GetPresentTime SUCCESS C:AMR G:FSE B:R pos=(0.85,1.05)@own_leisure_area Enemy:blue Time:241.00
[INFO] [1772871333.634761269]: [BT] GetPosInMap SUCCESS C:AMR G:FSE B:R pos=(0.85,1.05)@own_leisure_area Enemy:blue Time:241.00
[INFO] [1772871333.634812897]: [BT] GetPolygonInWhich SUCCESS C:AMR G:FSE B:R pos=(0.85,1.05)@own_leisure_area Enemy:blue Time:241.00 area=own_leisure_area
[INFO] [1772871333.634859230]: [BT] GetSentryCmd SUCCESS C:AMR G:FSE B:R pos=(0.85,1.05)@own_l[WARN] [1772871333.645324214]: action not connect
[WARN] [1772871334.110015692]: "yaw" passed to lookupTransform argument source_frame does not exist. 
[WARN] [1772871334.110122053]: "yaw" passed to lookupTransform argument target_frame does not exist. 
[WARN] [1772871334.153486904]: action not connect
[WARN] [1772871334.615935952]: "yaw" passed to lookupTransform argument source_frame does not exist. 
[WARN] [1772871334.616035901]: "yaw" passed to lookupTransform argument target_frame does not exist. 
eisure_area Enemy:blue Time:241.00 area=own_leisure_area desired=0 mode=3 acc_sec=81 degraded=0 change=0
[INFO] [1772871333.635100484]: [BT] SetPidPlannerParam SUCCESS C:AMR G:FSE B:R pos=(0.85,1.05)@own_leisure_area Enemy:blue Time:241.00
[INFO] [1772871333.635155122]: [BT] GetChassisDecisions SUCCESS C:AMR G:FSE B:R pos=(0.85,1.05)@own_leisure_area Enemy:blue Time:241.00
[INFO] [1772871333.645619365]: [BT] SendChassisCommand SUCCESS C:AMR G:FSE B:R pos=(0.85,1.05)@own_leisure_area Enemy:blue Time:241.00
[INFO] [1772871333.645707383]: [BT] GetGimbalDecisions SUCCESS C:AMR G:FSE B:R pos=(0.85,1.05)@own_leisure_area Enemy:blue Time:241.00
[INFO] [1772871333.645856178]: [BT] SendGimbalCommand SUCCESS C:AMR G:FSE B:R pos=(0.85,1.05)@own_leisure_area Enemy:blue Time:241.00
[INFO] [1772871333.645909575]: [BT] GetShooterDecisions SUCCESS C:AMR G:FSE B:R pos=(0.85,1.05)@own_leisure_area Enemy:blue Time:241.00
[INFO] [1772871333.645967040]: [BT] SendShooterCommand SUCCESS C:AMR G:FSE B:R pos=(0.85,1.05)@own_leisure_area Enemy:blue Time:241.00
[INFO] [1772871333.646210857]: [BT] OutputRightSwitchState SUCCESS C:AMR G:FSE B:R pos=(0.85,1.05)@own_leisure_area Enemy:blue Time:241.00 switch=auto state=auto
[INFO] [1772871333.646309792]: [BT] ReviveIfDead SUCCESS C:AMR G:FSE B:R pos=(0.85,1.05)@own_leisure_area Enemy:blue Time:241.00 revive=done
[INFO] [1772871334.142853380]: [BT] GetPresentTime SUCCESS C:AMR G:FSE B:R pos=(0.85,1.05)@own_leisure_area Enemy:blue Time:242.00
[INFO] [1772871334.142958578]: [BT] GetPosInMap SUCCESS C:AMR G:FSE B:R pos=(0.85,1.05)@own_leisure_area Enemy:blue Time:242.00
[INFO] [1772871334.143044516]: [BT] GetPolygonInWhich SUCCESS C:AMR G:FSE B:R pos=(0.85,1.05)@own_leisure_area Enemy:blue Time:242.00 area=own_leisure_area
[INFO] [1772871334.143091039]: [BT] GetSentryCmd SUCCESS C:AMR G:FSE B:R pos=(0.85,1.05)@own_leisure_area Enemy:blue Time:242.00 area=own_leisure_area desired=0 mode=3 acc_sec=82 degraded=0 change=0
[INFO] [1772871334.143258900]: [BT] SetPidPlannerParam SUCCESS C:AMR G:FSE B:R pos=(0.85,1.05)@own_leisure_area Enemy:blue Time:242.00
[INFO] [1772871334.143322853]: [BT] GetChassisDecisions SUCCESS C:AMR G:FSE B:R pos=(0.85,1.05)@own_leisure_area Enemy:blue Time:242.00
[INFO] [1772871334.153697358]: [BT] SendChassisCommand SUCCESS C:AMR G:FSE B:R pos=(0.85,1.05)@own_leisure_area Enemy:blue Time:242.00
[INFO] [1772871334.153808230]: [BT] GetGimbalDecisions SUCCESS C:AMR G:FSE B:R pos=(0.85,1.05)@own_leisure_area Enemy:blue Time:242.00
[INFO] [1772871334.153947918]: [BT] SendGimbalCommand SUCCESS C:AMR G:FSE B:R pos=(0.85,1.05)@own_leisure_area Enemy:blue Time:242.00
[INFO] [1772871334.153992421]: [BT] GetShooterDecisions SUCCESS C:AMR G:FSE B:R pos=(0.85,1.05)@own_leisure_area Enemy:blue Time:242.00
[INFO] [1772871334.154054807]: [BT] SendShooterCommand SUCCESS C:AMR G:FSE B:R pos=(0.85,1.05)@own_leisure_area Enemy:blue Time:242.00
[INFO] [1772871334.154467500]: [BT] OutputRightSwitchState SUCCESS C:AMR G:FSE B:R pos=(0.85,1.05)@own_leisure_area Enemy:blue Time:242.00 switch=auto state=auto
[INFO] [1772871334.154539361]: [BT] ReviveIfDead SUCCESS C:AMR G:FSE B:R pos=(0.85,1.05)@own_leisure_area Enemy:blue Time:242.00 revive=done
[INFO] [1772871334.648689632]: [BT] GetPresentTime SUCCESS C:AMR G:FSE B:R pos=(0.85,1.05)@own_leisure_area Enemy:blue Time:244.00
[INFO] [1772871334.648779285]: [BT] GetPosInMap SUCCESS C:AMR G:FSE B:R pos=(0.85,1.05)@own_leisure_area Enemy:blue Time:244.00
[INFO] [1772871334.648820807]: [BT] GetPolygonInWhich SUCCESS C:AMR G:FSE B:R pos=(0.85,1.05)@own_leisure_area Enemy:blue Time:244.00 area=own_leisure_area
[INFO] [1772871334.648866804]: [BT] GetSentryCmd SUCCESS C:AMR G:FSE B:R pos=(0.85,1.05)@own_leisure_area Enemy:blue Time:244.00 area=own_leisure_area desired=0 mode=3 acc_sec=82 degraded=0 change=0
[INFO] [1772871334.648978591]: [BT] SetPidPlannerParam SUCCESS C:AMR G:FSE B:R pos=(0.85,1.05)@own_leisure_area Enemy:blue Time:244.00
[INFO] [1772871334.649014593]: [BT] GetChassisDecisions SUCCESS C:AMR G:FSE B:R pos=(0.85,1.05)@own_leisure_area Enemy:blue Time:2[WARN] [1772871334.659184405]: action not connect
[WARN] [1772871335.123089886]: "yaw" passed to lookupTransform argument source_frame does not exist. 
[WARN] [1772871335.123194822]: "yaw" passed to lookupTransform argument target_frame does not exist. 
[WARN] [1772871335.166537361]: action not connect
[WARN] [1772871335.633479741]: "yaw" passed to lookupTransform argument source_frame does not exist. 
[WARN] [1772871335.633593595]: "yaw" passed to lookupTransform argument target_frame does not exist. 
[WARN] [1772871335.676947446]: action not connect
44.00
[INFO] [1772871334.659369891]: [BT] SendChassisCommand SUCCESS C:AMR G:FSE B:R pos=(0.85,1.05)@own_leisure_area Enemy:blue Time:244.00
[INFO] [1772871334.659427025]: [BT] GetGimbalDecisions SUCCESS C:AMR G:FSE B:R pos=(0.85,1.05)@own_leisure_area Enemy:blue Time:244.00
[INFO] [1772871334.659522027]: [BT] SendGimbalCommand SUCCESS C:AMR G:FSE B:R pos=(0.85,1.05)@own_leisure_area Enemy:blue Time:244.00
[INFO] [1772871334.659550529]: [BT] GetShooterDecisions SUCCESS C:AMR G:FSE B:R pos=(0.85,1.05)@own_leisure_area Enemy:blue Time:244.00
[INFO] [1772871334.659598551]: [BT] SendShooterCommand SUCCESS C:AMR G:FSE B:R pos=(0.85,1.05)@own_leisure_area Enemy:blue Time:244.00
[INFO] [1772871334.659877768]: [BT] OutputRightSwitchState SUCCESS C:AMR G:FSE B:R pos=(0.85,1.05)@own_leisure_area Enemy:blue Time:244.00 switch=auto state=auto
[INFO] [1772871334.659921016]: [BT] ReviveIfDead SUCCESS C:AMR G:FSE B:R pos=(0.85,1.05)@own_leisure_area Enemy:blue Time:244.00 revive=done
[INFO] [1772871335.155925487]: [BT] GetPresentTime SUCCESS C:AMR G:FSE B:R pos=(0.85,1.05)@own_leisure_area Enemy:blue Time:245.00
[INFO] [1772871335.156036902]: [BT] GetPosInMap SUCCESS C:AMR G:FSE B:R pos=(0.85,1.05)@own_leisure_area Enemy:blue Time:245.00
[INFO] [1772871335.156088075]: [BT] GetPolygonInWhich SUCCESS C:AMR G:FSE B:R pos=(0.85,1.05)@own_leisure_area Enemy:blue Time:245.00 area=own_leisure_area
[INFO] [1772871335.156132432]: [BT] GetSentryCmd SUCCESS C:AMR G:FSE B:R pos=(0.85,1.05)@own_leisure_area Enemy:blue Time:245.00 area=own_leisure_area desired=0 mode=3 acc_sec=83 degraded=0 change=0
[INFO] [1772871335.156332705]: [BT] SetPidPlannerParam SUCCESS C:AMR G:FSE B:R pos=(0.85,1.05)@own_leisure_area Enemy:blue Time:245.00
[INFO] [1772871335.156393334]: [BT] GetChassisDecisions SUCCESS C:AMR G:FSE B:R pos=(0.85,1.05)@own_leisure_area Enemy:blue Time:245.00
[INFO] [1772871335.166764241]: [BT] SendChassisCommand SUCCESS C:AMR G:FSE B:R pos=(0.85,1.05)@own_leisure_area Enemy:blue Time:245.00
[INFO] [1772871335.166841818]: [BT] GetGimbalDecisions SUCCESS C:AMR G:FSE B:R pos=(0.85,1.05)@own_leisure_area Enemy:blue Time:245.00
[INFO] [1772871335.166971496]: [BT] SendGimbalCommand SUCCESS C:AMR G:FSE B:R pos=(0.85,1.05)@own_leisure_area Enemy:blue Time:245.00
[INFO] [1772871335.167013461]: [BT] GetShooterDecisions SUCCESS C:AMR G:FSE B:R pos=(0.85,1.05)@own_leisure_area Enemy:blue Time:245.00
[INFO] [1772871335.167061003]: [BT] SendShooterCommand SUCCESS C:AMR G:FSE B:R pos=(0.85,1.05)@own_leisure_area Enemy:blue Time:245.00
[INFO] [1772871335.167215430]: [BT] OutputRightSwitchState SUCCESS C:AMR G:FSE B:R pos=(0.85,1.05)@own_leisure_area Enemy:blue Time:245.00 switch=auto state=auto
[INFO] [1772871335.167321147]: [BT] ReviveIfDead SUCCESS C:AMR G:FSE B:R pos=(0.85,1.05)@own_leisure_area Enemy:blue Time:245.00 revive=done
[INFO] [1772871335.666372904]: [BT] GetPresentTime SUCCESS C:AMR G:FSE B:R pos=(0.85,1.05)@own_leisure_area Enemy:blue Time:247.00
[INFO] [1772871335.666467815]: [BT] GetPosInMap SUCCESS C:AMR G:FSE B:R pos=(0.85,1.05)@own_leisure_area Enemy:blue Time:247.00
[INFO] [1772871335.666510832]: [BT] GetPolygonInWhich SUCCESS C:AMR G:FSE B:R pos=(0.85,1.05)@own_leisure_area Enemy:blue Time:247.00 area=own_leisure_area
[INFO] [1772871335.666551981]: [BT] GetSentryCmd SUCCESS C:AMR G:FSE B:R pos=(0.85,1.05)@own_leisure_area Enemy:blue Time:247.00 area=own_leisure_area desired=0 mode=3 acc_sec=83 degraded=0 change=0
[INFO] [1772871335.666726847]: [BT] SetPidPlannerParam SUCCESS C:AMR G:FSE B:R pos=(0.85,1.05)@own_leisure_area Enemy:blue Time:247.00
[INFO] [1772871335.666791021]: [BT] GetChassisDecisions SUCCESS C:AMR G:FSE B:R pos=(0.85,1.05)@own_leisure_area Enemy:blue Time:247.00
[INFO] [1772871335.677368209]: [BT] SendChassisCommand SUCCESS C:AMR G:FSE B:R pos=(0.85,1.05)@own_leisure_area Enemy:blue Time:247.00
[INFO] [1772871335.677474269]: [BT] GetGimbalDecisions SUCCESS C:AMR G:FSE B:R pos=(0.85,1.05)@own_leisure_area Enemy:blue Time:247.00
[INFO] [1772871335.677608395]: [BT] SendGimbalCommand SUCCESS C:AMR G:FSE B:R pos=(0.85,1.05)@[WARN] [1772871336.135433997]: "yaw" passed to lookupTransform argument source_frame does not exist. 
[WARN] [1772871336.135542857]: "yaw" passed to lookupTransform argument target_frame does not exist. 
[WARN] [1772871336.178991099]: action not connect
[WARN] [1772871336.643236553]: "yaw" passed to lookupTransform argument source_frame does not exist. 
[WARN] [1772871336.643336214]: "yaw" passed to lookupTransform argument target_frame does not exist. 
[WARN] [1772871336.686222095]: action not connect
own_leisure_area Enemy:blue Time:247.00
[INFO] [1772871335.677691970]: [BT] GetShooterDecisions SUCCESS C:AMR G:FSE B:R pos=(0.85,1.05)@own_leisure_area Enemy:blue Time:247.00
[INFO] [1772871335.677739566]: [BT] SendShooterCommand SUCCESS C:AMR G:FSE B:R pos=(0.85,1.05)@own_leisure_area Enemy:blue Time:247.00
[INFO] [1772871335.678105976]: [BT] OutputRightSwitchState SUCCESS C:AMR G:FSE B:R pos=(0.85,1.05)@own_leisure_area Enemy:blue Time:247.00 switch=auto state=auto
[INFO] [1772871335.678171506]: [BT] ReviveIfDead SUCCESS C:AMR G:FSE B:R pos=(0.85,1.05)@own_leisure_area Enemy:blue Time:247.00 revive=done
[INFO] [1772871336.168386992]: [BT] GetPresentTime SUCCESS C:AMR G:FSE B:R pos=(0.85,1.05)@own_leisure_area Enemy:blue Time:248.00
[INFO] [1772871336.168507606]: [BT] GetPosInMap SUCCESS C:AMR G:FSE B:R pos=(0.85,1.05)@own_leisure_area Enemy:blue Time:248.00
[INFO] [1772871336.168557589]: [BT] GetPolygonInWhich SUCCESS C:AMR G:FSE B:R pos=(0.85,1.05)@own_leisure_area Enemy:blue Time:248.00 area=own_leisure_area
[INFO] [1772871336.168604637]: [BT] GetSentryCmd SUCCESS C:AMR G:FSE B:R pos=(0.85,1.05)@own_leisure_area Enemy:blue Time:248.00 area=own_leisure_area desired=0 mode=3 acc_sec=84 degraded=0 change=0
[INFO] [1772871336.168782117]: [BT] SetPidPlannerParam SUCCESS C:AMR G:FSE B:R pos=(0.85,1.05)@own_leisure_area Enemy:blue Time:248.00
[INFO] [1772871336.168842286]: [BT] GetChassisDecisions SUCCESS C:AMR G:FSE B:R pos=(0.85,1.05)@own_leisure_area Enemy:blue Time:248.00
[INFO] [1772871336.179306937]: [BT] SendChassisCommand SUCCESS C:AMR G:FSE B:R pos=(0.85,1.05)@own_leisure_area Enemy:blue Time:248.00
[INFO] [1772871336.179504034]: [BT] GetGimbalDecisions SUCCESS C:AMR G:FSE B:R pos=(0.85,1.05)@own_leisure_area Enemy:blue Time:248.00
[INFO] [1772871336.179640355]: [BT] SendGimbalCommand SUCCESS C:AMR G:FSE B:R pos=(0.85,1.05)@own_leisure_area Enemy:blue Time:248.00
[INFO] [1772871336.179684737]: [BT] GetShooterDecisions SUCCESS C:AMR G:FSE B:R pos=(0.85,1.05)@own_leisure_area Enemy:blue Time:248.00
[INFO] [1772871336.179731848]: [BT] SendShooterCommand SUCCESS C:AMR G:FSE B:R pos=(0.85,1.05)@own_leisure_area Enemy:blue Time:248.00
[INFO] [1772871336.180080637]: [BT] OutputRightSwitchState SUCCESS C:AMR G:FSE B:R pos=(0.85,1.05)@own_leisure_area Enemy:blue Time:248.00 switch=auto state=auto
[INFO] [1772871336.180146893]: [BT] ReviveIfDead SUCCESS C:AMR G:FSE B:R pos=(0.85,1.05)@own_leisure_area Enemy:blue Time:248.00 revive=done
[INFO] [1772871336.675810292]: [BT] GetPresentTime SUCCESS C:AMR G:FSE B:R pos=(0.85,1.05)@own_leisure_area Enemy:blue Time:250.00
[INFO] [1772871336.675874522]: [BT] GetPosInMap SUCCESS C:AMR G:FSE B:R pos=(0.85,1.05)@own_leisure_area Enemy:blue Time:250.00
[INFO] [1772871336.675903457]: [BT] GetPolygonInWhich SUCCESS C:AMR G:FSE B:R pos=(0.85,1.05)@own_leisure_area Enemy:blue Time:250.00 area=own_leisure_area
[INFO] [1772871336.675929785]: [BT] GetSentryCmd SUCCESS C:AMR G:FSE B:R pos=(0.85,1.05)@own_leisure_area Enemy:blue Time:250.00 area=own_leisure_area desired=0 mode=3 acc_sec=84 degraded=0 change=0
[INFO] [1772871336.676046118]: [BT] SetPidPlannerParam SUCCESS C:AMR G:FSE B:R pos=(0.85,1.05)@own_leisure_area Enemy:blue Time:250.00
[INFO] [1772871336.676090253]: [BT] GetChassisDecisions SUCCESS C:AMR G:FSE B:R pos=(0.85,1.05)@own_leisure_area Enemy:blue Time:250.00
[INFO] [1772871336.686404627]: [BT] SendChassisCommand SUCCESS C:AMR G:FSE B:R pos=(0.85,1.05)@own_leisure_area Enemy:blue Time:250.00
[INFO] [1772871336.686459372]: [BT] GetGimbalDecisions SUCCESS C:AMR G:FSE B:R pos=(0.85,1.05)@own_leisure_area Enemy:blue Time:250.00
[INFO] [1772871336.686550862]: [BT] SendGimbalCommand SUCCESS C:AMR G:FSE B:R pos=(0.85,1.05)@own_leisure_area Enemy:blue Time:250.00
[INFO] [1772871336.686573516]: [BT] GetShooterDecisions SUCCESS C:AMR G:FSE B:R pos=(0.85,1.05)@own_leisure_area Enemy:blue Time:250.00
[INFO] [1772871336.686601641]: [BT] SendShooterCommand SUCCESS C:AMR G:FSE B:R pos=(0.85,1.05)@own_leisure_area Enemy:blue Time:250.00
[INFO] [1772871336.686697895]: [BT] OutputRightSwitchState [WARN] [1772871337.148560497]: "yaw" passed to lookupTransform argument source_frame does not exist. 
[WARN] [1772871337.148658875]: "yaw" passed to lookupTransform argument target_frame does not exist. 
[WARN] [1772871337.192170914]: action not connect
[WARN] [1772871337.652422023]: "yaw" passed to lookupTransform argument source_frame does not exist. 
[WARN] [1772871337.652522627]: "yaw" passed to lookupTransform argument target_frame does not exist. 
[WARN] [1772871337.695727304]: action not connect
[WARN] [1772871338.162440797]: "yaw" passed to lookupTransform argument source_frame does not exist. 
[WARN] [1772871338.162549094]: "yaw" passed to lookupTransform argument target_frame does not exist. 
SUCCESS C:AMR G:FSE B:R pos=(0.85,1.05)@own_leisure_area Enemy:blue Time:250.00 switch=auto state=auto
[INFO] [1772871336.686751431]: [BT] ReviveIfDead SUCCESS C:AMR G:FSE B:R pos=(0.85,1.05)@own_leisure_area Enemy:blue Time:250.00 revive=done
[INFO] [1772871337.181588012]: [BT] GetPresentTime SUCCESS C:AMR G:FSE B:R pos=(0.85,1.05)@own_leisure_area Enemy:blue Time:251.00
[INFO] [1772871337.181681052]: [BT] GetPosInMap SUCCESS C:AMR G:FSE B:R pos=(0.85,1.05)@own_leisure_area Enemy:blue Time:251.00
[INFO] [1772871337.181743669]: [BT] GetPolygonInWhich SUCCESS C:AMR G:FSE B:R pos=(0.85,1.05)@own_leisure_area Enemy:blue Time:251.00 area=own_leisure_area
[INFO] [1772871337.181805796]: [BT] GetSentryCmd SUCCESS C:AMR G:FSE B:R pos=(0.85,1.05)@own_leisure_area Enemy:blue Time:251.00 area=own_leisure_area desired=0 mode=3 acc_sec=85 degraded=0 change=0
[INFO] [1772871337.181965419]: [BT] SetPidPlannerParam SUCCESS C:AMR G:FSE B:R pos=(0.85,1.05)@own_leisure_area Enemy:blue Time:251.00
[INFO] [1772871337.182021769]: [BT] GetChassisDecisions SUCCESS C:AMR G:FSE B:R pos=(0.85,1.05)@own_leisure_area Enemy:blue Time:251.00
[INFO] [1772871337.192452849]: [BT] SendChassisCommand SUCCESS C:AMR G:FSE B:R pos=(0.85,1.05)@own_leisure_area Enemy:blue Time:251.00
[INFO] [1772871337.192539459]: [BT] GetGimbalDecisions SUCCESS C:AMR G:FSE B:R pos=(0.85,1.05)@own_leisure_area Enemy:blue Time:251.00
[INFO] [1772871337.192675545]: [BT] SendGimbalCommand SUCCESS C:AMR G:FSE B:R pos=(0.85,1.05)@own_leisure_area Enemy:blue Time:251.00
[INFO] [1772871337.192726364]: [BT] GetShooterDecisions SUCCESS C:AMR G:FSE B:R pos=(0.85,1.05)@own_leisure_area Enemy:blue Time:251.00
[INFO] [1772871337.192775708]: [BT] SendShooterCommand SUCCESS C:AMR G:FSE B:R pos=(0.85,1.05)@own_leisure_area Enemy:blue Time:251.00
[INFO] [1772871337.193111133]: [BT] OutputRightSwitchState SUCCESS C:AMR G:FSE B:R pos=(0.85,1.05)@own_leisure_area Enemy:blue Time:251.00 switch=auto state=auto
[INFO] [1772871337.193173841]: [BT] ReviveIfDead SUCCESS C:AMR G:FSE B:R pos=(0.85,1.05)@own_leisure_area Enemy:blue Time:251.00 revive=done
[INFO] [1772871337.685190918]: [BT] GetPresentTime SUCCESS C:AMR G:FSE B:R pos=(0.85,1.05)@own_leisure_area Enemy:blue Time:253.00
[INFO] [1772871337.685287511]: [BT] GetPosInMap SUCCESS C:AMR G:FSE B:R pos=(0.85,1.05)@own_leisure_area Enemy:blue Time:253.00
[INFO] [1772871337.685335364]: [BT] GetPolygonInWhich SUCCESS C:AMR G:FSE B:R pos=(0.85,1.05)@own_leisure_area Enemy:blue Time:253.00 area=own_leisure_area
[INFO] [1772871337.685373356]: [BT] GetSentryCmd SUCCESS C:AMR G:FSE B:R pos=(0.85,1.05)@own_leisure_area Enemy:blue Time:253.00 area=own_leisure_area desired=0 mode=3 acc_sec=85 degraded=0 change=0
[INFO] [1772871337.685525298]: [BT] SetPidPlannerParam SUCCESS C:AMR G:FSE B:R pos=(0.85,1.05)@own_leisure_area Enemy:blue Time:253.00
[INFO] [1772871337.685576663]: [BT] GetChassisDecisions SUCCESS C:AMR G:FSE B:R pos=(0.85,1.05)@own_leisure_area Enemy:blue Time:253.00
[INFO] [1772871337.695971474]: [BT] SendChassisCommand SUCCESS C:AMR G:FSE B:R pos=(0.85,1.05)@own_leisure_area Enemy:blue Time:253.00
[INFO] [1772871337.696046520]: [BT] GetGimbalDecisions SUCCESS C:AMR G:FSE B:R pos=(0.85,1.05)@own_leisure_area Enemy:blue Time:253.00
[INFO] [1772871337.696168221]: [BT] SendGimbalCommand SUCCESS C:AMR G:FSE B:R pos=(0.85,1.05)@own_leisure_area Enemy:blue Time:253.00
[INFO] [1772871337.696209285]: [BT] GetShooterDecisions SUCCESS C:AMR G:FSE B:R pos=(0.85,1.05)@own_leisure_area Enemy:blue Time:253.00
[INFO] [1772871337.696255617]: [BT] SendShooterCommand SUCCESS C:AMR G:FSE B:R pos=(0.85,1.05)@own_leisure_area Enemy:blue Time:253.00
[INFO] [1772871337.696648518]: [BT] OutputRightSwitchState SUCCESS C:AMR G:FSE B:R pos=(0.85,1.05)@own_leisure_area Enemy:blue Time:253.00 switch=auto state=auto
[INFO] [1772871337.696711848]: [BT] ReviveIfDead SUCCESS C:AMR G:FSE B:R pos=(0.85,1.05)@own_leisure_area Enemy:blue Time:253.00 revive=done
[INFO] [1772871338.195284071]: [BT] GetPresentTime SUCCESS C:AMR G:FSE B:R pos=(0.85,1.05)@own_leisure_area Enemy:blue Time:25[WARN] [1772871338.205949909]: action not connect
[WARN] [1772871338.672280488]: "yaw" passed to lookupTransform argument source_frame does not exist. 
[WARN] [1772871338.672485082]: "yaw" passed to lookupTransform argument target_frame does not exist. 
[WARN] [1772871338.706380033]: action not connect
[WARN] [1772871339.182215884]: "yaw" passed to lookupTransform argument source_frame does not exist. 
[WARN] [1772871339.182288073]: "yaw" passed to lookupTransform argument target_frame does not exist. 
4.00
[INFO] [1772871338.195467928]: [BT] GetPosInMap SUCCESS C:AMR G:FSE B:R pos=(0.85,1.05)@own_leisure_area Enemy:blue Time:254.00
[INFO] [1772871338.195534514]: [BT] GetPolygonInWhich SUCCESS C:AMR G:FSE B:R pos=(0.85,1.05)@own_leisure_area Enemy:blue Time:254.00 area=own_leisure_area
[INFO] [1772871338.195580875]: [BT] GetSentryCmd SUCCESS C:AMR G:FSE B:R pos=(0.85,1.05)@own_leisure_area Enemy:blue Time:254.00 area=own_leisure_area desired=0 mode=3 acc_sec=86 degraded=0 change=0
[INFO] [1772871338.195758597]: [BT] SetPidPlannerParam SUCCESS C:AMR G:FSE B:R pos=(0.85,1.05)@own_leisure_area Enemy:blue Time:254.00
[INFO] [1772871338.195821038]: [BT] GetChassisDecisions SUCCESS C:AMR G:FSE B:R pos=(0.85,1.05)@own_leisure_area Enemy:blue Time:254.00
[INFO] [1772871338.206236607]: [BT] SendChassisCommand SUCCESS C:AMR G:FSE B:R pos=(0.85,1.05)@own_leisure_area Enemy:blue Time:254.00
[INFO] [1772871338.206326104]: [BT] GetGimbalDecisions SUCCESS C:AMR G:FSE B:R pos=(0.85,1.05)@own_leisure_area Enemy:blue Time:254.00
[INFO] [1772871338.206468029]: [BT] SendGimbalCommand SUCCESS C:AMR G:FSE B:R pos=(0.85,1.05)@own_leisure_area Enemy:blue Time:254.00
[INFO] [1772871338.206510497]: [BT] GetShooterDecisions SUCCESS C:AMR G:FSE B:R pos=(0.85,1.05)@own_leisure_area Enemy:blue Time:254.00
[INFO] [1772871338.206554419]: [BT] SendShooterCommand SUCCESS C:AMR G:FSE B:R pos=(0.85,1.05)@own_leisure_area Enemy:blue Time:254.00
[INFO] [1772871338.206695513]: [BT] OutputRightSwitchState SUCCESS C:AMR G:FSE B:R pos=(0.85,1.05)@own_leisure_area Enemy:blue Time:254.00 switch=auto state=auto
[INFO] [1772871338.206750453]: [BT] ReviveIfDead SUCCESS C:AMR G:FSE B:R pos=(0.85,1.05)@own_leisure_area Enemy:blue Time:254.00 revive=done
[INFO] [1772871338.695729101]: [BT] GetPresentTime SUCCESS C:AMR G:FSE B:R pos=(0.85,1.05)@own_leisure_area Enemy:blue Time:256.00
[INFO] [1772871338.695872684]: [BT] GetPosInMap SUCCESS C:AMR G:FSE B:R pos=(0.85,1.05)@own_leisure_area Enemy:blue Time:256.00
[INFO] [1772871338.695934271]: [BT] GetPolygonInWhich SUCCESS C:AMR G:FSE B:R pos=(0.85,1.05)@own_leisure_area Enemy:blue Time:256.00 area=own_leisure_area
[INFO] [1772871338.695983965]: [BT] GetSentryCmd SUCCESS C:AMR G:FSE B:R pos=(0.85,1.05)@own_leisure_area Enemy:blue Time:256.00 area=own_leisure_area desired=0 mode=3 acc_sec=86 degraded=0 change=0
[INFO] [1772871338.696168520]: [BT] SetPidPlannerParam SUCCESS C:AMR G:FSE B:R pos=(0.85,1.05)@own_leisure_area Enemy:blue Time:256.00
[INFO] [1772871338.696237969]: [BT] GetChassisDecisions SUCCESS C:AMR G:FSE B:R pos=(0.85,1.05)@own_leisure_area Enemy:blue Time:256.00
[INFO] [1772871338.706648933]: [BT] SendChassisCommand SUCCESS C:AMR G:FSE B:R pos=(0.85,1.05)@own_leisure_area Enemy:blue Time:256.00
[INFO] [1772871338.706743152]: [BT] GetGimbalDecisions SUCCESS C:AMR G:FSE B:R pos=(0.85,1.05)@own_leisure_area Enemy:blue Time:256.00
[INFO] [1772871338.706893078]: [BT] SendGimbalCommand SUCCESS C:AMR G:FSE B:R pos=(0.85,1.05)@own_leisure_area Enemy:blue Time:256.00
[INFO] [1772871338.706943467]: [BT] GetShooterDecisions SUCCESS C:AMR G:FSE B:R pos=(0.85,1.05)@own_leisure_area Enemy:blue Time:256.00
[INFO] [1772871338.707001622]: [BT] SendShooterCommand SUCCESS C:AMR G:FSE B:R pos=(0.85,1.05)@own_leisure_area Enemy:blue Time:256.00
[INFO] [1772871338.707266081]: [BT] OutputRightSwitchState SUCCESS C:AMR G:FSE B:R pos=(0.85,1.05)@own_leisure_area Enemy:blue Time:256.00 switch=auto state=auto
[INFO] [1772871338.707352632]: [BT] ReviveIfDead SUCCESS C:AMR G:FSE B:R pos=(0.85,1.05)@own_leisure_area Enemy:blue Time:256.00 revive=done
[INFO] [1772871339.203904475]: [BT] GetPresentTime SUCCESS C:AMR G:FSE B:R pos=(0.85,1.05)@own_leisure_area Enemy:blue Time:257.00
[INFO] [1772871339.204016269]: [BT] GetPosInMap SUCCESS C:AMR G:FSE B:R pos=(0.85,1.05)@own_leisure_area Enemy:blue Time:257.00
[INFO] [1772871339.204081238]: [BT] GetPolygonInWhich SUCCESS C:AMR G:FSE B:R pos=(0.85,1.05)@own_leisure_area Enemy:blue Time:257.00 area=own_leisure_area
[INFO] [1772871339.204148798]: [BT] GetSentryCmd SUCCESS C:AMR G:FSE B:R pos=(0.8[WARN] [1772871339.214601562]: action not connect
[WARN] [1772871339.690517878]: "yaw" passed to lookupTransform argument source_frame does not exist. 
[WARN] [1772871339.690646746]: "yaw" passed to lookupTransform argument target_frame does not exist. 
[WARN] [1772871339.723261374]: action not connect
[WARN] [1772871340.197520014]: "yaw" passed to lookupTransform argument source_frame does not exist. 
[WARN] [1772871340.197632985]: "yaw" passed to lookupTransform argument target_frame does not exist. 
5,1.05)@own_leisure_area Enemy:blue Time:257.00 area=own_leisure_area desired=0 mode=3 acc_sec=87 degraded=0 change=0
[INFO] [1772871339.204385137]: [BT] SetPidPlannerParam SUCCESS C:AMR G:FSE B:R pos=(0.85,1.05)@own_leisure_area Enemy:blue Time:257.00
[INFO] [1772871339.204447766]: [BT] GetChassisDecisions SUCCESS C:AMR G:FSE B:R pos=(0.85,1.05)@own_leisure_area Enemy:blue Time:257.00
[INFO] [1772871339.214858378]: [BT] SendChassisCommand SUCCESS C:AMR G:FSE B:R pos=(0.85,1.05)@own_leisure_area Enemy:blue Time:257.00
[INFO] [1772871339.214939753]: [BT] GetGimbalDecisions SUCCESS C:AMR G:FSE B:R pos=(0.85,1.05)@own_leisure_area Enemy:blue Time:257.00
[INFO] [1772871339.215074032]: [BT] SendGimbalCommand SUCCESS C:AMR G:FSE B:R pos=(0.85,1.05)@own_leisure_area Enemy:blue Time:257.00
[INFO] [1772871339.215117593]: [BT] GetShooterDecisions SUCCESS C:AMR G:FSE B:R pos=(0.85,1.05)@own_leisure_area Enemy:blue Time:257.00
[INFO] [1772871339.215163859]: [BT] SendShooterCommand SUCCESS C:AMR G:FSE B:R pos=(0.85,1.05)@own_leisure_area Enemy:blue Time:257.00
[INFO] [1772871339.215560251]: [BT] OutputRightSwitchState SUCCESS C:AMR G:FSE B:R pos=(0.85,1.05)@own_leisure_area Enemy:blue Time:257.00 switch=auto state=auto
[INFO] [1772871339.215631092]: [BT] ReviveIfDead SUCCESS C:AMR G:FSE B:R pos=(0.85,1.05)@own_leisure_area Enemy:blue Time:257.00 revive=done
[INFO] [1772871339.712638437]: [BT] GetPresentTime SUCCESS C:AMR G:FSE B:R pos=(0.85,1.05)@own_leisure_area Enemy:blue Time:259.00
[INFO] [1772871339.712734001]: [BT] GetPosInMap SUCCESS C:AMR G:FSE B:R pos=(0.85,1.05)@own_leisure_area Enemy:blue Time:259.00
[INFO] [1772871339.712796336]: [BT] GetPolygonInWhich SUCCESS C:AMR G:FSE B:R pos=(0.85,1.05)@own_leisure_area Enemy:blue Time:259.00 area=own_leisure_area
[INFO] [1772871339.712857881]: [BT] GetSentryCmd SUCCESS C:AMR G:FSE B:R pos=(0.85,1.05)@own_leisure_area Enemy:blue Time:259.00 area=own_leisure_area desired=0 mode=3 acc_sec=87 degraded=0 change=0
[INFO] [1772871339.713048202]: [BT] SetPidPlannerParam SUCCESS C:AMR G:FSE B:R pos=(0.85,1.05)@own_leisure_area Enemy:blue Time:259.00
[INFO] [1772871339.713120004]: [BT] GetChassisDecisions SUCCESS C:AMR G:FSE B:R pos=(0.85,1.05)@own_leisure_area Enemy:blue Time:259.00
[INFO] [1772871339.723503497]: [BT] SendChassisCommand SUCCESS C:AMR G:FSE B:R pos=(0.85,1.05)@own_leisure_area Enemy:blue Time:259.00
[INFO] [1772871339.723587491]: [BT] GetGimbalDecisions SUCCESS C:AMR G:FSE B:R pos=(0.85,1.05)@own_leisure_area Enemy:blue Time:259.00
[INFO] [1772871339.723728861]: [BT] SendGimbalCommand SUCCESS C:AMR G:FSE B:R pos=(0.85,1.05)@own_leisure_area Enemy:blue Time:259.00
[INFO] [1772871339.723775420]: [BT] GetShooterDecisions SUCCESS C:AMR G:FSE B:R pos=(0.85,1.05)@own_leisure_area Enemy:blue Time:259.00
[INFO] [1772871339.723831618]: [BT] SendShooterCommand SUCCESS C:AMR G:FSE B:R pos=(0.85,1.05)@own_leisure_area Enemy:blue Time:259.00
[INFO] [1772871339.723985411]: [BT] OutputRightSwitchState SUCCESS C:AMR G:FSE B:R pos=(0.85,1.05)@own_leisure_area Enemy:blue Time:259.00 switch=auto state=auto
[INFO] [1772871339.724039775]: [BT] ReviveIfDead SUCCESS C:AMR G:FSE B:R pos=(0.85,1.05)@own_leisure_area Enemy:blue Time:259.00 revive=done
[INFO] [1772871340.219645111]: [BT] GetPresentTime SUCCESS C:AMR G:FSE B:R pos=(0.85,1.05)@own_leisure_area Enemy:blue Time:260.00
[INFO] [1772871340.219716348]: [BT] GetPosInMap SUCCESS C:AMR G:FSE B:R pos=(0.85,1.05)@own_leisure_area Enemy:blue Time:260.00
[INFO] [1772871340.219747639]: [BT] GetPolygonInWhich SUCCESS C:AMR G:FSE B:R pos=(0.85,1.05)@own_leisure_area Enemy:blue Time:260.00 area=own_leisure_area
[INFO] [1772871340.219779320]: [BT] GetSentryCmd SUCCESS C:AMR G:FSE B:R pos=(0.85,1.05)@own_leisure_area Enemy:blue Time:260.00 area=own_leisure_area desired=0 mode=3 acc_sec=88 degraded=0 change=0
[INFO] [1772871340.219902045]: [BT] SetPidPlannerParam SUCCESS C:AMR G:FSE B:R pos=(0.85,1.05)@own_leisure_area Enemy:blue Time:260.00
[INFO] [1772871340.219955838]: [BT] GetChassisDecisions SUCCESS C:AMR G:FSE B:R pos=(0.85,1.05)@own_leisure_area Enem[WARN] [1772871340.230110538]: action not connect
[WARN] [1772871340.703128528]: "yaw" passed to lookupTransform argument source_frame does not exist. 
[WARN] [1772871340.703219333]: "yaw" passed to lookupTransform argument target_frame does not exist. 
[WARN] [1772871340.735227506]: action not connect
[WARN] [1772871341.210794514]: "yaw" passed to lookupTransform argument source_frame does not exist. 
[WARN] [1772871341.210923391]: "yaw" passed to lookupTransform argument target_frame does not exist. 
[WARN] [1772871341.243437322]: action not connect
y:blue Time:260.00
[INFO] [1772871340.230367378]: [BT] SendChassisCommand SUCCESS C:AMR G:FSE B:R pos=(0.85,1.05)@own_leisure_area Enemy:blue Time:260.00
[INFO] [1772871340.230469598]: [BT] GetGimbalDecisions SUCCESS C:AMR G:FSE B:R pos=(0.85,1.05)@own_leisure_area Enemy:blue Time:260.00
[INFO] [1772871340.230586002]: [BT] SendGimbalCommand SUCCESS C:AMR G:FSE B:R pos=(0.85,1.05)@own_leisure_area Enemy:blue Time:260.00
[INFO] [1772871340.230624157]: [BT] GetShooterDecisions SUCCESS C:AMR G:FSE B:R pos=(0.85,1.05)@own_leisure_area Enemy:blue Time:260.00
[INFO] [1772871340.230663085]: [BT] SendShooterCommand SUCCESS C:AMR G:FSE B:R pos=(0.85,1.05)@own_leisure_area Enemy:blue Time:260.00
[INFO] [1772871340.230970029]: [BT] OutputRightSwitchState SUCCESS C:AMR G:FSE B:R pos=(0.85,1.05)@own_leisure_area Enemy:blue Time:260.00 switch=auto state=auto
[INFO] [1772871340.231018641]: [BT] ReviveIfDead SUCCESS C:AMR G:FSE B:R pos=(0.85,1.05)@own_leisure_area Enemy:blue Time:260.00 revive=done
[INFO] [1772871340.724819989]: [BT] GetPresentTime SUCCESS C:AMR G:FSE B:R pos=(0.85,1.05)@own_leisure_area Enemy:blue Time:262.00
[INFO] [1772871340.724896532]: [BT] GetPosInMap SUCCESS C:AMR G:FSE B:R pos=(0.85,1.05)@own_leisure_area Enemy:blue Time:262.00
[INFO] [1772871340.724924585]: [BT] GetPolygonInWhich SUCCESS C:AMR G:FSE B:R pos=(0.85,1.05)@own_leisure_area Enemy:blue Time:262.00 area=own_leisure_area
[INFO] [1772871340.724954736]: [BT] GetSentryCmd SUCCESS C:AMR G:FSE B:R pos=(0.85,1.05)@own_leisure_area Enemy:blue Time:262.00 area=own_leisure_area desired=0 mode=3 acc_sec=88 degraded=0 change=0
[INFO] [1772871340.725070194]: [BT] SetPidPlannerParam SUCCESS C:AMR G:FSE B:R pos=(0.85,1.05)@own_leisure_area Enemy:blue Time:262.00
[INFO] [1772871340.725107017]: [BT] GetChassisDecisions SUCCESS C:AMR G:FSE B:R pos=(0.85,1.05)@own_leisure_area Enemy:blue Time:262.00
[INFO] [1772871340.735468253]: [BT] SendChassisCommand SUCCESS C:AMR G:FSE B:R pos=(0.85,1.05)@own_leisure_area Enemy:blue Time:262.00
[INFO] [1772871340.735551772]: [BT] GetGimbalDecisions SUCCESS C:AMR G:FSE B:R pos=(0.85,1.05)@own_leisure_area Enemy:blue Time:262.00
[INFO] [1772871340.735685738]: [BT] SendGimbalCommand SUCCESS C:AMR G:FSE B:R pos=(0.85,1.05)@own_leisure_area Enemy:blue Time:262.00
[INFO] [1772871340.735730177]: [BT] GetShooterDecisions SUCCESS C:AMR G:FSE B:R pos=(0.85,1.05)@own_leisure_area Enemy:blue Time:262.00
[INFO] [1772871340.735775402]: [BT] SendShooterCommand SUCCESS C:AMR G:FSE B:R pos=(0.85,1.05)@own_leisure_area Enemy:blue Time:262.00
[INFO] [1772871340.736130956]: [BT] OutputRightSwitchState SUCCESS C:AMR G:FSE B:R pos=(0.85,1.05)@own_leisure_area Enemy:blue Time:262.00 switch=auto state=auto
[INFO] [1772871340.736198255]: [BT] ReviveIfDead SUCCESS C:AMR G:FSE B:R pos=(0.85,1.05)@own_leisure_area Enemy:blue Time:262.00 revive=done
[INFO] [1772871341.232883547]: [BT] GetPresentTime SUCCESS C:AMR G:FSE B:R pos=(0.85,1.05)@own_leisure_area Enemy:blue Time:263.00
[INFO] [1772871341.232971846]: [BT] GetPosInMap SUCCESS C:AMR G:FSE B:R pos=(0.85,1.05)@own_leisure_area Enemy:blue Time:263.00
[INFO] [1772871341.233016896]: [BT] GetPolygonInWhich SUCCESS C:AMR G:FSE B:R pos=(0.85,1.05)@own_leisure_area Enemy:blue Time:263.00 area=own_leisure_area
[INFO] [1772871341.233061084]: [BT] GetSentryCmd SUCCESS C:AMR G:FSE B:R pos=(0.85,1.05)@own_leisure_area Enemy:blue Time:263.00 area=own_leisure_area desired=0 mode=3 acc_sec=89 degraded=0 change=0
[INFO] [1772871341.233234859]: [BT] SetPidPlannerParam SUCCESS C:AMR G:FSE B:R pos=(0.85,1.05)@own_leisure_area Enemy:blue Time:263.00
[INFO] [1772871341.233285888]: [BT] GetChassisDecisions SUCCESS C:AMR G:FSE B:R pos=(0.85,1.05)@own_leisure_area Enemy:blue Time:263.00
[INFO] [1772871341.243704266]: [BT] SendChassisCommand SUCCESS C:AMR G:FSE B:R pos=(0.85,1.05)@own_leisure_area Enemy:blue Time:263.00
[INFO] [1772871341.243783608]: [BT] GetGimbalDecisions SUCCESS C:AMR G:FSE B:R pos=(0.85,1.05)@own_leisure_area Enemy:blue Time:263.00
[INFO] [1772871341.243907183]: [BT] SendGimbalCommand SUCCESS C:AMR G:FSE B:R pos[WARN] [1772871341.717568601]: "yaw" passed to lookupTransform argument source_frame does not exist. 
[WARN] [1772871341.717669742]: "yaw" passed to lookupTransform argument target_frame does not exist. 
[WARN] [1772871341.749795819]: action not connect
[WARN] [1772871342.223216968]: "yaw" passed to lookupTransform argument source_frame does not exist. 
[WARN] [1772871342.223346935]: "yaw" passed to lookupTransform argument target_frame does not exist. 
[WARN] [1772871342.255895747]: action not connect
=(0.85,1.05)@own_leisure_area Enemy:blue Time:263.00
[INFO] [1772871341.243976696]: [BT] GetShooterDecisions SUCCESS C:AMR G:FSE B:R pos=(0.85,1.05)@own_leisure_area Enemy:blue Time:263.00
[INFO] [1772871341.244024196]: [BT] SendShooterCommand SUCCESS C:AMR G:FSE B:R pos=(0.85,1.05)@own_leisure_area Enemy:blue Time:263.00
[INFO] [1772871341.244155919]: [BT] OutputRightSwitchState SUCCESS C:AMR G:FSE B:R pos=(0.85,1.05)@own_leisure_area Enemy:blue Time:263.00 switch=auto state=auto
[INFO] [1772871341.244209086]: [BT] ReviveIfDead SUCCESS C:AMR G:FSE B:R pos=(0.85,1.05)@own_leisure_area Enemy:blue Time:263.00 revive=done
[INFO] [1772871341.610586388]: fan_search aim point timer triggered zone=own_leisure_area
[INFO] [1772871341.610653223]: fan_search aim point advanced zone=own_leisure_area
[INFO] [1772871341.739352199]: [BT] GetPresentTime SUCCESS C:AMR G:FSE B:R pos=(0.85,1.05)@own_leisure_area Enemy:blue Time:265.00
[INFO] [1772871341.739434445]: [BT] GetPosInMap SUCCESS C:AMR G:FSE B:R pos=(0.85,1.05)@own_leisure_area Enemy:blue Time:265.00
[INFO] [1772871341.739472710]: [BT] GetPolygonInWhich SUCCESS C:AMR G:FSE B:R pos=(0.85,1.05)@own_leisure_area Enemy:blue Time:265.00 area=own_leisure_area
[INFO] [1772871341.739509968]: [BT] GetSentryCmd SUCCESS C:AMR G:FSE B:R pos=(0.85,1.05)@own_leisure_area Enemy:blue Time:265.00 area=own_leisure_area desired=0 mode=3 acc_sec=89 degraded=0 change=0
[INFO] [1772871341.739634252]: [BT] SetPidPlannerParam SUCCESS C:AMR G:FSE B:R pos=(0.85,1.05)@own_leisure_area Enemy:blue Time:265.00
[INFO] [1772871341.739676888]: [BT] GetChassisDecisions SUCCESS C:AMR G:FSE B:R pos=(0.85,1.05)@own_leisure_area Enemy:blue Time:265.00
[INFO] [1772871341.749960307]: [BT] SendChassisCommand SUCCESS C:AMR G:FSE B:R pos=(0.85,1.05)@own_leisure_area Enemy:blue Time:265.00
[INFO] [1772871341.750009604]: [BT] GetGimbalDecisions SUCCESS C:AMR G:FSE B:R pos=(0.85,1.05)@own_leisure_area Enemy:blue Time:265.00
[INFO] [1772871341.750100185]: [BT] SendGimbalCommand SUCCESS C:AMR G:FSE B:R pos=(0.85,1.05)@own_leisure_area Enemy:blue Time:265.00
[INFO] [1772871341.750129795]: [BT] GetShooterDecisions SUCCESS C:AMR G:FSE B:R pos=(0.85,1.05)@own_leisure_area Enemy:blue Time:265.00
[INFO] [1772871341.750178742]: [BT] SendShooterCommand SUCCESS C:AMR G:FSE B:R pos=(0.85,1.05)@own_leisure_area Enemy:blue Time:265.00
[INFO] [1772871341.750394734]: [BT] OutputRightSwitchState SUCCESS C:AMR G:FSE B:R pos=(0.85,1.05)@own_leisure_area Enemy:blue Time:265.00 switch=auto state=auto
[INFO] [1772871341.750435794]: [BT] ReviveIfDead SUCCESS C:AMR G:FSE B:R pos=(0.85,1.05)@own_leisure_area Enemy:blue Time:265.00 revive=done
[INFO] [1772871342.245185224]: [BT] GetPresentTime SUCCESS C:AMR G:FSE B:R pos=(0.85,1.05)@own_leisure_area Enemy:blue Time:266.00
[INFO] [1772871342.245282458]: [BT] GetPosInMap SUCCESS C:AMR G:FSE B:R pos=(0.85,1.05)@own_leisure_area Enemy:blue Time:266.00
[INFO] [1772871342.245342616]: [BT] GetPolygonInWhich SUCCESS C:AMR G:FSE B:R pos=(0.85,1.05)@own_leisure_area Enemy:blue Time:266.00 area=own_leisure_area
[INFO] [1772871342.245390261]: [BT] GetSentryCmd SUCCESS C:AMR G:FSE B:R pos=(0.85,1.05)@own_leisure_area Enemy:blue Time:266.00 area=own_leisure_area desired=0 mode=3 acc_sec=90 degraded=0 change=0
[INFO] [1772871342.245659475]: [BT] SetPidPlannerParam SUCCESS C:AMR G:FSE B:R pos=(0.85,1.05)@own_leisure_area Enemy:blue Time:266.00
[INFO] [1772871342.245743140]: [BT] GetChassisDecisions SUCCESS C:AMR G:FSE B:R pos=(0.85,1.05)@own_leisure_area Enemy:blue Time:266.00
[INFO] [1772871342.256159659]: [BT] SendChassisCommand SUCCESS C:AMR G:FSE B:R pos=(0.85,1.05)@own_leisure_area Enemy:blue Time:266.00
[INFO] [1772871342.256229111]: [BT] GetGimbalDecisions SUCCESS C:AMR G:FSE B:R pos=(0.85,1.05)@own_leisure_area Enemy:blue Time:266.00
[INFO] [1772871342.256366373]: [BT] SendGimbalCommand SUCCESS C:AMR G:FSE B:R pos=(0.85,1.05)@own_leisure_area Enemy:blue Time:266.00
[INFO] [1772871342.256409808]: [BT] GetShooterDecisions SUCCESS C:AMR G:FSE B:R pos=(0.85,1.05)@own_leisure_area Enemy:blue Time:266.00
[INFO] [[WARN] [1772871342.729651393]: "yaw" passed to lookupTransform argument source_frame does not exist. 
[WARN] [1772871342.729742622]: "yaw" passed to lookupTransform argument target_frame does not exist. 
[WARN] [1772871342.762011732]: action not connect
[WARN] [1772871343.234266008]: "yaw" passed to lookupTransform argument source_frame does not exist. 
[WARN] [1772871343.234392928]: "yaw" passed to lookupTransform argument target_frame does not exist. 
[WARN] [1772871343.267069219]: action not connect
1772871342.256456079]: [BT] SendShooterCommand SUCCESS C:AMR G:FSE B:R pos=(0.85,1.05)@own_leisure_area Enemy:blue Time:266.00
[INFO] [1772871342.256849285]: [BT] OutputRightSwitchState SUCCESS C:AMR G:FSE B:R pos=(0.85,1.05)@own_leisure_area Enemy:blue Time:266.00 switch=auto state=auto
[INFO] [1772871342.256920921]: [BT] ReviveIfDead SUCCESS C:AMR G:FSE B:R pos=(0.85,1.05)@own_leisure_area Enemy:blue Time:266.00 revive=done
[INFO] [1772871342.751521094]: [BT] GetPresentTime SUCCESS C:AMR G:FSE B:R pos=(0.85,1.05)@own_leisure_area Enemy:blue Time:268.00
[INFO] [1772871342.751600594]: [BT] GetPosInMap SUCCESS C:AMR G:FSE B:R pos=(0.85,1.05)@own_leisure_area Enemy:blue Time:268.00
[INFO] [1772871342.751642477]: [BT] GetPolygonInWhich SUCCESS C:AMR G:FSE B:R pos=(0.85,1.05)@own_leisure_area Enemy:blue Time:268.00 area=own_leisure_area
[INFO] [1772871342.751688253]: [BT] GetSentryCmd SUCCESS C:AMR G:FSE B:R pos=(0.85,1.05)@own_leisure_area Enemy:blue Time:268.00 area=own_leisure_area desired=0 mode=3 acc_sec=90 degraded=0 change=0
[INFO] [1772871342.751846502]: [BT] SetPidPlannerParam SUCCESS C:AMR G:FSE B:R pos=(0.85,1.05)@own_leisure_area Enemy:blue Time:268.00
[INFO] [1772871342.751912161]: [BT] GetChassisDecisions SUCCESS C:AMR G:FSE B:R pos=(0.85,1.05)@own_leisure_area Enemy:blue Time:268.00
[INFO] [1772871342.762245919]: [BT] SendChassisCommand SUCCESS C:AMR G:FSE B:R pos=(0.85,1.05)@own_leisure_area Enemy:blue Time:268.00
[INFO] [1772871342.762335025]: [BT] GetGimbalDecisions SUCCESS C:AMR G:FSE B:R pos=(0.85,1.05)@own_leisure_area Enemy:blue Time:268.00
[INFO] [1772871342.762474128]: [BT] SendGimbalCommand SUCCESS C:AMR G:FSE B:R pos=(0.85,1.05)@own_leisure_area Enemy:blue Time:268.00
[INFO] [1772871342.762517791]: [BT] GetShooterDecisions SUCCESS C:AMR G:FSE B:R pos=(0.85,1.05)@own_leisure_area Enemy:blue Time:268.00
[INFO] [1772871342.762565682]: [BT] SendShooterCommand SUCCESS C:AMR G:FSE B:R pos=(0.85,1.05)@own_leisure_area Enemy:blue Time:268.00
[INFO] [1772871342.762797365]: [BT] OutputRightSwitchState SUCCESS C:AMR G:FSE B:R pos=(0.85,1.05)@own_leisure_area Enemy:blue Time:268.00 switch=auto state=auto
[INFO] [1772871342.762959515]: [BT] ReviveIfDead SUCCESS C:AMR G:FSE B:R pos=(0.85,1.05)@own_leisure_area Enemy:blue Time:268.00 revive=done
[INFO] [1772871343.256481211]: [BT] GetPresentTime SUCCESS C:AMR G:FSE B:R pos=(0.85,1.05)@own_leisure_area Enemy:blue Time:270.00
[INFO] [1772871343.256590716]: [BT] GetPosInMap SUCCESS C:AMR G:FSE B:R pos=(0.85,1.05)@own_leisure_area Enemy:blue Time:270.00
[INFO] [1772871343.256639764]: [BT] GetPolygonInWhich SUCCESS C:AMR G:FSE B:R pos=(0.85,1.05)@own_leisure_area Enemy:blue Time:270.00 area=own_leisure_area
[INFO] [1772871343.256687406]: [BT] GetSentryCmd SUCCESS C:AMR G:FSE B:R pos=(0.85,1.05)@own_leisure_area Enemy:blue Time:270.00 area=own_leisure_area desired=0 mode=3 acc_sec=91 degraded=0 change=0
[INFO] [1772871343.256875915]: [BT] SetPidPlannerParam SUCCESS C:AMR G:FSE B:R pos=(0.85,1.05)@own_leisure_area Enemy:blue Time:270.00
[INFO] [1772871343.256933574]: [BT] GetChassisDecisions SUCCESS C:AMR G:FSE B:R pos=(0.85,1.05)@own_leisure_area Enemy:blue Time:270.00
[INFO] [1772871343.267345192]: [BT] SendChassisCommand SUCCESS C:AMR G:FSE B:R pos=(0.85,1.05)@own_leisure_area Enemy:blue Time:270.00
[INFO] [1772871343.267504725]: [BT] GetGimbalDecisions SUCCESS C:AMR G:FSE B:R pos=(0.85,1.05)@own_leisure_area Enemy:blue Time:270.00
[INFO] [1772871343.267749817]: [BT] SendGimbalCommand SUCCESS C:AMR G:FSE B:R pos=(0.85,1.05)@own_leisure_area Enemy:blue Time:270.00
[INFO] [1772871343.267806813]: [BT] GetShooterDecisions SUCCESS C:AMR G:FSE B:R pos=(0.85,1.05)@own_leisure_area Enemy:blue Time:270.00
[INFO] [1772871343.267855047]: [BT] SendShooterCommand SUCCESS C:AMR G:FSE B:R pos=(0.85,1.05)@own_leisure_area Enemy:blue Time:270.00
[INFO] [1772871343.268036067]: [BT] OutputRightSwitchState SUCCESS C:AMR G:FSE B:R pos=(0.85,1.05)@own_leisure_area Enemy:blue Time:270.00 switch=auto state=auto
[INFO] [1772871343.268093129]: [BT] ReviveIfDead SUCCESS C:AMR G:FSE B:R pos=(0.8[WARN] [1772871343.602152397]: "yaw" passed to lookupTransform argument source_frame does not exist. 
[WARN] [1772871343.741992099]: "yaw" passed to lookupTransform argument target_frame does not exist. 
[WARN] [1772871343.774339369]: action not connect
[WARN] [1772871344.108698342]: "yaw" passed to lookupTransform argument source_frame does not exist. 
[WARN] [1772871344.249548660]: "yaw" passed to lookupTransform argument target_frame does not exist. 
[WARN] [1772871344.282291025]: action not connect
[WARN] [1772871344.616742836]: "yaw" passed to lookupTransform argument source_frame does not exist. 
[WARN] [1772871344.755848992]: "yaw" passed to lookupTransform argument target_frame does not exist. 
5,1.05)@own_leisure_area Enemy:blue Time:270.00 revive=done
[INFO] [1772871343.602064881]: Present time:271 C:AMR G:RSE B:R
[INFO] [1772871343.763815939]: [BT] GetPresentTime SUCCESS C:AMR G:RSE B:R pos=(0.85,1.05)@own_leisure_area Enemy:blue Time:271.00
[INFO] [1772871343.763902004]: [BT] GetPosInMap SUCCESS C:AMR G:RSE B:R pos=(0.85,1.05)@own_leisure_area Enemy:blue Time:271.00
[INFO] [1772871343.763947913]: [BT] GetPolygonInWhich SUCCESS C:AMR G:RSE B:R pos=(0.85,1.05)@own_leisure_area Enemy:blue Time:271.00 area=own_leisure_area
[INFO] [1772871343.763992859]: [BT] GetSentryCmd SUCCESS C:AMR G:RSE B:R pos=(0.85,1.05)@own_leisure_area Enemy:blue Time:271.00 area=own_leisure_area desired=0 mode=3 acc_sec=91 degraded=0 change=0
[INFO] [1772871343.764151021]: [BT] SetPidPlannerParam SUCCESS C:AMR G:RSE B:R pos=(0.85,1.05)@own_leisure_area Enemy:blue Time:271.00
[INFO] [1772871343.764207694]: [BT] GetChassisDecisions SUCCESS C:AMR G:RSE B:R pos=(0.85,1.05)@own_leisure_area Enemy:blue Time:271.00
[INFO] [1772871343.774586014]: [BT] SendChassisCommand SUCCESS C:AMR G:RSE B:R pos=(0.85,1.05)@own_leisure_area Enemy:blue Time:271.00
[INFO] [1772871343.774668732]: [BT] GetGimbalDecisions SUCCESS C:AMR G:RSE B:R pos=(0.85,1.05)@own_leisure_area Enemy:blue Time:271.00
[INFO] [1772871343.774791312]: [BT] SendGimbalCommand SUCCESS C:AMR G:RSE B:R pos=(0.85,1.05)@own_leisure_area Enemy:blue Time:271.00
[INFO] [1772871343.774835425]: [BT] GetShooterDecisions SUCCESS C:AMR G:RSE B:R pos=(0.85,1.05)@own_leisure_area Enemy:blue Time:271.00
[INFO] [1772871343.774885245]: [BT] SendShooterCommand SUCCESS C:AMR G:RSE B:R pos=(0.85,1.05)@own_leisure_area Enemy:blue Time:271.00
[INFO] [1772871343.775274138]: [BT] OutputRightSwitchState SUCCESS C:AMR G:RSE B:R pos=(0.85,1.05)@own_leisure_area Enemy:blue Time:271.00 switch=auto state=auto
[INFO] [1772871343.775357347]: [BT] ReviveIfDead SUCCESS C:AMR G:RSE B:R pos=(0.85,1.05)@own_leisure_area Enemy:blue Time:271.00 revive=done
[INFO] [1772871344.271724182]: [BT] GetPresentTime SUCCESS C:AMR G:RSE B:R pos=(0.85,1.05)@own_leisure_area Enemy:blue Time:273.00
[INFO] [1772871344.271824880]: [BT] GetPosInMap SUCCESS C:AMR G:RSE B:R pos=(0.85,1.05)@own_leisure_area Enemy:blue Time:273.00
[INFO] [1772871344.271878372]: [BT] GetPolygonInWhich SUCCESS C:AMR G:RSE B:R pos=(0.85,1.05)@own_leisure_area Enemy:blue Time:273.00 area=own_leisure_area
[INFO] [1772871344.271925160]: [BT] GetSentryCmd SUCCESS C:AMR G:RSE B:R pos=(0.85,1.05)@own_leisure_area Enemy:blue Time:273.00 area=own_leisure_area desired=0 mode=3 acc_sec=92 degraded=0 change=0
[INFO] [1772871344.272096635]: [BT] SetPidPlannerParam SUCCESS C:AMR G:RSE B:R pos=(0.85,1.05)@own_leisure_area Enemy:blue Time:273.00
[INFO] [1772871344.272150088]: [BT] GetChassisDecisions SUCCESS C:AMR G:RSE B:R pos=(0.85,1.05)@own_leisure_area Enemy:blue Time:273.00
[INFO] [1772871344.282623214]: [BT] SendChassisCommand SUCCESS C:AMR G:RSE B:R pos=(0.85,1.05)@own_leisure_area Enemy:blue Time:273.00
[INFO] [1772871344.282739225]: [BT] GetGimbalDecisions SUCCESS C:AMR G:RSE B:R pos=(0.85,1.05)@own_leisure_area Enemy:blue Time:273.00
[INFO] [1772871344.282871283]: [BT] SendGimbalCommand SUCCESS C:AMR G:RSE B:R pos=(0.85,1.05)@own_leisure_area Enemy:blue Time:273.00
[INFO] [1772871344.282918459]: [BT] GetShooterDecisions SUCCESS C:AMR G:RSE B:R pos=(0.85,1.05)@own_leisure_area Enemy:blue Time:273.00
[INFO] [1772871344.282989304]: [BT] SendShooterCommand SUCCESS C:AMR G:RSE B:R pos=(0.85,1.05)@own_leisure_area Enemy:blue Time:273.00
[INFO] [1772871344.283152227]: [BT] OutputRightSwitchState SUCCESS C:AMR G:RSE B:R pos=(0.85,1.05)@own_leisure_area Enemy:blue Time:273.00 switch=auto state=auto
[INFO] [1772871344.283222678]: [BT] ReviveIfDead SUCCESS C:AMR G:RSE B:R pos=(0.85,1.05)@own_leisure_area Enemy:blue Time:273.00 revive=done
[INFO] [1772871344.778129104]: [BT] GetPresentTime SUCCESS C:AMR G:RSE B:R pos=(0.85,1.05)@own_leisure_area Enemy:blue Time:274.00
[INFO] [1772871344.778237430]: [BT] GetPosInMap SUCCESS C:AMR G:RSE B:R pos=(0.85,1.05)@own_leisure_area Enemy:blue[WARN] [1772871344.788782973]: action not connect
[WARN] [1772871345.123847163]: "yaw" passed to lookupTransform argument source_frame does not exist. 
[WARN] [1772871345.264571907]: "yaw" passed to lookupTransform argument target_frame does not exist. 
[WARN] [1772871345.296955004]: action not connect
[WARN] [1772871345.630287462]: "yaw" passed to lookupTransform argument source_frame does not exist. 
[WARN] [1772871345.769763734]: "yaw" passed to lookupTransform argument target_frame does not exist. 
 Time:274.00
[INFO] [1772871344.778390910]: [BT] GetPolygonInWhich SUCCESS C:AMR G:RSE B:R pos=(0.85,1.05)@own_leisure_area Enemy:blue Time:274.00 area=own_leisure_area
[INFO] [1772871344.778442126]: [BT] GetSentryCmd SUCCESS C:AMR G:RSE B:R pos=(0.85,1.05)@own_leisure_area Enemy:blue Time:274.00 area=own_leisure_area desired=0 mode=3 acc_sec=93 degraded=0 change=0
[INFO] [1772871344.778601421]: [BT] SetPidPlannerParam SUCCESS C:AMR G:RSE B:R pos=(0.85,1.05)@own_leisure_area Enemy:blue Time:274.00
[INFO] [1772871344.778660988]: [BT] GetChassisDecisions SUCCESS C:AMR G:RSE B:R pos=(0.85,1.05)@own_leisure_area Enemy:blue Time:274.00
[INFO] [1772871344.789029048]: [BT] SendChassisCommand SUCCESS C:AMR G:RSE B:R pos=(0.85,1.05)@own_leisure_area Enemy:blue Time:274.00
[INFO] [1772871344.789125084]: [BT] GetGimbalDecisions SUCCESS C:AMR G:RSE B:R pos=(0.85,1.05)@own_leisure_area Enemy:blue Time:274.00
[INFO] [1772871344.789264777]: [BT] SendGimbalCommand SUCCESS C:AMR G:RSE B:R pos=(0.85,1.05)@own_leisure_area Enemy:blue Time:274.00
[INFO] [1772871344.789320811]: [BT] GetShooterDecisions SUCCESS C:AMR G:RSE B:R pos=(0.85,1.05)@own_leisure_area Enemy:blue Time:274.00
[INFO] [1772871344.789370328]: [BT] SendShooterCommand SUCCESS C:AMR G:RSE B:R pos=(0.85,1.05)@own_leisure_area Enemy:blue Time:274.00
[INFO] [1772871344.789752968]: [BT] OutputRightSwitchState SUCCESS C:AMR G:RSE B:R pos=(0.85,1.05)@own_leisure_area Enemy:blue Time:274.00 switch=auto state=auto
[INFO] [1772871344.789840279]: [BT] ReviveIfDead SUCCESS C:AMR G:RSE B:R pos=(0.85,1.05)@own_leisure_area Enemy:blue Time:274.00 revive=done
[INFO] [1772871345.286402347]: [BT] GetPresentTime SUCCESS C:AMR G:RSE B:R pos=(0.85,1.05)@own_leisure_area Enemy:blue Time:276.00
[INFO] [1772871345.286501497]: [BT] GetPosInMap SUCCESS C:AMR G:RSE B:R pos=(0.85,1.05)@own_leisure_area Enemy:blue Time:276.00
[INFO] [1772871345.286547640]: [BT] GetPolygonInWhich SUCCESS C:AMR G:RSE B:R pos=(0.85,1.05)@own_leisure_area Enemy:blue Time:276.00 area=own_leisure_area
[INFO] [1772871345.286593704]: [BT] GetSentryCmd SUCCESS C:AMR G:RSE B:R pos=(0.85,1.05)@own_leisure_area Enemy:blue Time:276.00 area=own_leisure_area desired=0 mode=3 acc_sec=93 degraded=0 change=0
[INFO] [1772871345.286751228]: [BT] SetPidPlannerParam SUCCESS C:AMR G:RSE B:R pos=(0.85,1.05)@own_leisure_area Enemy:blue Time:276.00
[INFO] [1772871345.286804238]: [BT] GetChassisDecisions SUCCESS C:AMR G:RSE B:R pos=(0.85,1.05)@own_leisure_area Enemy:blue Time:276.00
[INFO] [1772871345.297224121]: [BT] SendChassisCommand SUCCESS C:AMR G:RSE B:R pos=(0.85,1.05)@own_leisure_area Enemy:blue Time:276.00
[INFO] [1772871345.297316627]: [BT] GetGimbalDecisions SUCCESS C:AMR G:RSE B:R pos=(0.85,1.05)@own_leisure_area Enemy:blue Time:276.00
[INFO] [1772871345.297435131]: [BT] SendGimbalCommand SUCCESS C:AMR G:RSE B:R pos=(0.85,1.05)@own_leisure_area Enemy:blue Time:276.00
[INFO] [1772871345.297476429]: [BT] GetShooterDecisions SUCCESS C:AMR G:RSE B:R pos=(0.85,1.05)@own_leisure_area Enemy:blue Time:276.00
[INFO] [1772871345.297524984]: [BT] SendShooterCommand SUCCESS C:AMR G:RSE B:R pos=(0.85,1.05)@own_leisure_area Enemy:blue Time:276.00
[INFO] [1772871345.297854493]: [BT] OutputRightSwitchState SUCCESS C:AMR G:RSE B:R pos=(0.85,1.05)@own_leisure_area Enemy:blue Time:276.00 switch=auto state=auto
[INFO] [1772871345.297913968]: [BT] ReviveIfDead SUCCESS C:AMR G:RSE B:R pos=(0.85,1.05)@own_leisure_area Enemy:blue Time:276.00 revive=done
[INFO] [1772871345.791462354]: [BT] GetPresentTime SUCCESS C:AMR G:RSE B:R pos=(0.85,1.05)@own_leisure_area Enemy:blue Time:277.00
[INFO] [1772871345.791558463]: [BT] GetPosInMap SUCCESS C:AMR G:RSE B:R pos=(0.85,1.05)@own_leisure_area Enemy:blue Time:277.00
[INFO] [1772871345.791607938]: [BT] GetPolygonInWhich SUCCESS C:AMR G:RSE B:R pos=(0.85,1.05)@own_leisure_area Enemy:blue Time:277.00 area=own_leisure_area
[INFO] [1772871345.791668650]: [BT] GetSentryCmd SUCCESS C:AMR G:RSE B:R pos=(0.85,1.05)@own_leisure_area Enemy:blue Time:277.00 area=own_leisure_area desired=0 mode=3 acc_sec=94 degraded=0 change=0
[I[WARN] [1772871345.802121457]: action not connect
[WARN] [1772871346.136304094]: "yaw" passed to lookupTransform argument source_frame does not exist. 
[WARN] [1772871346.277720618]: "yaw" passed to lookupTransform argument target_frame does not exist. 
[WARN] [1772871346.310829422]: action not connect
[WARN] [1772871346.645512044]: "yaw" passed to lookupTransform argument source_frame does not exist. 
[WARN] [1772871346.786172152]: "yaw" passed to lookupTransform argument target_frame does not exist. 
[WARN] [1772871346.818552224]: action not connect
NFO] [1772871345.791835149]: [BT] SetPidPlannerParam SUCCESS C:AMR G:RSE B:R pos=(0.85,1.05)@own_leisure_area Enemy:blue Time:277.00
[INFO] [1772871345.791946714]: [BT] GetChassisDecisions SUCCESS C:AMR G:RSE B:R pos=(0.85,1.05)@own_leisure_area Enemy:blue Time:277.00
[INFO] [1772871345.802496271]: [BT] SendChassisCommand SUCCESS C:AMR G:RSE B:R pos=(0.85,1.05)@own_leisure_area Enemy:blue Time:277.00
[INFO] [1772871345.802597736]: [BT] GetGimbalDecisions SUCCESS C:AMR G:RSE B:R pos=(0.85,1.05)@own_leisure_area Enemy:blue Time:277.00
[INFO] [1772871345.802731431]: [BT] SendGimbalCommand SUCCESS C:AMR G:RSE B:R pos=(0.85,1.05)@own_leisure_area Enemy:blue Time:277.00
[INFO] [1772871345.802781099]: [BT] GetShooterDecisions SUCCESS C:AMR G:RSE B:R pos=(0.85,1.05)@own_leisure_area Enemy:blue Time:277.00
[INFO] [1772871345.802832424]: [BT] SendShooterCommand SUCCESS C:AMR G:RSE B:R pos=(0.85,1.05)@own_leisure_area Enemy:blue Time:277.00
[INFO] [1772871345.802983189]: [BT] OutputRightSwitchState SUCCESS C:AMR G:RSE B:R pos=(0.85,1.05)@own_leisure_area Enemy:blue Time:277.00 switch=auto state=auto
[INFO] [1772871345.803045923]: [BT] ReviveIfDead SUCCESS C:AMR G:RSE B:R pos=(0.85,1.05)@own_leisure_area Enemy:blue Time:277.00 revive=done
[INFO] [1772871346.300085900]: [BT] GetPresentTime SUCCESS C:AMR G:RSE B:R pos=(0.85,1.05)@own_leisure_area Enemy:blue Time:279.00
[INFO] [1772871346.300272887]: [BT] GetPosInMap SUCCESS C:AMR G:RSE B:R pos=(0.85,1.05)@own_leisure_area Enemy:blue Time:279.00
[INFO] [1772871346.300370949]: [BT] GetPolygonInWhich SUCCESS C:AMR G:RSE B:R pos=(0.85,1.05)@own_leisure_area Enemy:blue Time:279.00 area=own_leisure_area
[INFO] [1772871346.300421875]: [BT] GetSentryCmd SUCCESS C:AMR G:RSE B:R pos=(0.85,1.05)@own_leisure_area Enemy:blue Time:279.00 area=own_leisure_area desired=0 mode=3 acc_sec=94 degraded=0 change=0
[INFO] [1772871346.300618089]: [BT] SetPidPlannerParam SUCCESS C:AMR G:RSE B:R pos=(0.85,1.05)@own_leisure_area Enemy:blue Time:279.00
[INFO] [1772871346.300683113]: [BT] GetChassisDecisions SUCCESS C:AMR G:RSE B:R pos=(0.85,1.05)@own_leisure_area Enemy:blue Time:279.00
[INFO] [1772871346.311014785]: [BT] SendChassisCommand SUCCESS C:AMR G:RSE B:R pos=(0.85,1.05)@own_leisure_area Enemy:blue Time:279.00
[INFO] [1772871346.311075282]: [BT] GetGimbalDecisions SUCCESS C:AMR G:RSE B:R pos=(0.85,1.05)@own_leisure_area Enemy:blue Time:279.00
[INFO] [1772871346.311209832]: [BT] SendGimbalCommand SUCCESS C:AMR G:RSE B:R pos=(0.85,1.05)@own_leisure_area Enemy:blue Time:279.00
[INFO] [1772871346.311253669]: [BT] GetShooterDecisions SUCCESS C:AMR G:RSE B:R pos=(0.85,1.05)@own_leisure_area Enemy:blue Time:279.00
[INFO] [1772871346.311311822]: [BT] SendShooterCommand SUCCESS C:AMR G:RSE B:R pos=(0.85,1.05)@own_leisure_area Enemy:blue Time:279.00
[INFO] [1772871346.311651904]: [BT] OutputRightSwitchState SUCCESS C:AMR G:RSE B:R pos=(0.85,1.05)@own_leisure_area Enemy:blue Time:279.00 switch=auto state=auto
[INFO] [1772871346.311706733]: [BT] ReviveIfDead SUCCESS C:AMR G:RSE B:R pos=(0.85,1.05)@own_leisure_area Enemy:blue Time:279.00 revive=done
[INFO] [1772871346.808057799]: [BT] GetPresentTime SUCCESS C:AMR G:RSE B:R pos=(0.85,1.05)@own_leisure_area Enemy:blue Time:280.00
[INFO] [1772871346.808155017]: [BT] GetPosInMap SUCCESS C:AMR G:RSE B:R pos=(0.85,1.05)@own_leisure_area Enemy:blue Time:280.00
[INFO] [1772871346.808196411]: [BT] GetPolygonInWhich SUCCESS C:AMR G:RSE B:R pos=(0.85,1.05)@own_leisure_area Enemy:blue Time:280.00 area=own_leisure_area
[INFO] [1772871346.808236499]: [BT] GetSentryCmd SUCCESS C:AMR G:RSE B:R pos=(0.85,1.05)@own_leisure_area Enemy:blue Time:280.00 area=own_leisure_area desired=0 mode=3 acc_sec=95 degraded=0 change=0
[INFO] [1772871346.808380166]: [BT] SetPidPlannerParam SUCCESS C:AMR G:RSE B:R pos=(0.85,1.05)@own_leisure_area Enemy:blue Time:280.00
[INFO] [1772871346.808428799]: [BT] GetChassisDecisions SUCCESS C:AMR G:RSE B:R pos=(0.85,1.05)@own_leisure_area Enemy:blue Time:280.00
[INFO] [1772871346.818840040]: [BT] SendChassisCommand SUCCESS C:AMR G:RSE B:R pos=(0.85,1.05)@own_le[WARN] [1772871347.145889958]: "yaw" passed to lookupTransform argument source_frame does not exist. 
[WARN] [1772871347.296598378]: "yaw" passed to lookupTransform argument target_frame does not exist. 
[WARN] [1772871347.329499035]: action not connect
[WARN] [1772871347.651346128]: "yaw" passed to lookupTransform argument source_frame does not exist. 
[WARN] [1772871347.800422114]: "yaw" passed to lookupTransform argument target_frame does not exist. 
[WARN] [1772871347.832855578]: action not connect
isure_area Enemy:blue Time:280.00
[INFO] [1772871346.818967958]: [BT] GetGimbalDecisions SUCCESS C:AMR G:RSE B:R pos=(0.85,1.05)@own_leisure_area Enemy:blue Time:280.00
[INFO] [1772871346.819093699]: [BT] SendGimbalCommand SUCCESS C:AMR G:RSE B:R pos=(0.85,1.05)@own_leisure_area Enemy:blue Time:280.00
[INFO] [1772871346.819139429]: [BT] GetShooterDecisions SUCCESS C:AMR G:RSE B:R pos=(0.85,1.05)@own_leisure_area Enemy:blue Time:280.00
[INFO] [1772871346.819193434]: [BT] SendShooterCommand SUCCESS C:AMR G:RSE B:R pos=(0.85,1.05)@own_leisure_area Enemy:blue Time:280.00
[INFO] [1772871346.819605022]: [BT] OutputRightSwitchState SUCCESS C:AMR G:RSE B:R pos=(0.85,1.05)@own_leisure_area Enemy:blue Time:280.00 switch=auto state=auto
[INFO] [1772871346.819677438]: [BT] ReviveIfDead SUCCESS C:AMR G:RSE B:R pos=(0.85,1.05)@own_leisure_area Enemy:blue Time:280.00 revive=done
[INFO] [1772871347.318895931]: [BT] GetPresentTime SUCCESS C:AMR G:RSE B:R pos=(0.85,1.05)@own_leisure_area Enemy:blue Time:282.00
[INFO] [1772871347.319024629]: [BT] GetPosInMap SUCCESS C:AMR G:RSE B:R pos=(0.85,1.05)@own_leisure_area Enemy:blue Time:282.00
[INFO] [1772871347.319076509]: [BT] GetPolygonInWhich SUCCESS C:AMR G:RSE B:R pos=(0.85,1.05)@own_leisure_area Enemy:blue Time:282.00 area=own_leisure_area
[INFO] [1772871347.319128903]: [BT] GetSentryCmd SUCCESS C:AMR G:RSE B:R pos=(0.85,1.05)@own_leisure_area Enemy:blue Time:282.00 area=own_leisure_area desired=0 mode=3 acc_sec=95 degraded=0 change=0
[INFO] [1772871347.319306645]: [BT] SetPidPlannerParam SUCCESS C:AMR G:RSE B:R pos=(0.85,1.05)@own_leisure_area Enemy:blue Time:282.00
[INFO] [1772871347.319362452]: [BT] GetChassisDecisions SUCCESS C:AMR G:RSE B:R pos=(0.85,1.05)@own_leisure_area Enemy:blue Time:282.00
[INFO] [1772871347.329706602]: [BT] SendChassisCommand SUCCESS C:AMR G:RSE B:R pos=(0.85,1.05)@own_leisure_area Enemy:blue Time:282.00
[INFO] [1772871347.329787827]: [BT] GetGimbalDecisions SUCCESS C:AMR G:RSE B:R pos=(0.85,1.05)@own_leisure_area Enemy:blue Time:282.00
[INFO] [1772871347.329902158]: [BT] SendGimbalCommand SUCCESS C:AMR G:RSE B:R pos=(0.85,1.05)@own_leisure_area Enemy:blue Time:282.00
[INFO] [1772871347.329941582]: [BT] GetShooterDecisions SUCCESS C:AMR G:RSE B:R pos=(0.85,1.05)@own_leisure_area Enemy:blue Time:282.00
[INFO] [1772871347.329989756]: [BT] SendShooterCommand SUCCESS C:AMR G:RSE B:R pos=(0.85,1.05)@own_leisure_area Enemy:blue Time:282.00
[INFO] [1772871347.330351837]: [BT] OutputRightSwitchState SUCCESS C:AMR G:RSE B:R pos=(0.85,1.05)@own_leisure_area Enemy:blue Time:282.00 switch=auto state=auto
[INFO] [1772871347.330424829]: [BT] ReviveIfDead SUCCESS C:AMR G:RSE B:R pos=(0.85,1.05)@own_leisure_area Enemy:blue Time:282.00 revive=done
[INFO] [1772871347.822113326]: [BT] GetPresentTime SUCCESS C:AMR G:RSE B:R pos=(0.85,1.05)@own_leisure_area Enemy:blue Time:283.00
[INFO] [1772871347.822204658]: [BT] GetPosInMap SUCCESS C:AMR G:RSE B:R pos=(0.85,1.05)@own_leisure_area Enemy:blue Time:283.00
[INFO] [1772871347.822249641]: [BT] GetPolygonInWhich SUCCESS C:AMR G:RSE B:R pos=(0.85,1.05)@own_leisure_area Enemy:blue Time:283.00 area=own_leisure_area
[INFO] [1772871347.822307721]: [BT] GetSentryCmd SUCCESS C:AMR G:RSE B:R pos=(0.85,1.05)@own_leisure_area Enemy:blue Time:283.00 area=own_leisure_area desired=0 mode=3 acc_sec=96 degraded=0 change=0
[INFO] [1772871347.822610913]: [BT] SetPidPlannerParam SUCCESS C:AMR G:RSE B:R pos=(0.85,1.05)@own_leisure_area Enemy:blue Time:283.00
[INFO] [1772871347.822693337]: [BT] GetChassisDecisions SUCCESS C:AMR G:RSE B:R pos=(0.85,1.05)@own_leisure_area Enemy:blue Time:283.00
[INFO] [1772871347.833067027]: [BT] SendChassisCommand SUCCESS C:AMR G:RSE B:R pos=(0.85,1.05)@own_leisure_area Enemy:blue Time:283.00
[INFO] [1772871347.833138963]: [BT] GetGimbalDecisions SUCCESS C:AMR G:RSE B:R pos=(0.85,1.05)@own_leisure_area Enemy:blue Time:283.00
[INFO] [1772871347.833254622]: [BT] SendGimbalCommand SUCCESS C:AMR G:RSE B:R pos=(0.85,1.05)@own_leisure_area Enemy:blue Time:283.00
[INFO] [1772871347.833337042]: [BT] GetShooterDecisions SUCCESS C:A[WARN] [1772871348.155357650]: "yaw" passed to lookupTransform argument source_frame does not exist. 
[WARN] [1772871348.306459269]: "yaw" passed to lookupTransform argument target_frame does not exist. 
[WARN] [1772871348.339016913]: action not connect
[WARN] [1772871348.663396675]: "yaw" passed to lookupTransform argument source_frame does not exist. 
[WARN] [1772871348.813459468]: "yaw" passed to lookupTransform argument target_frame does not exist. 
[WARN] [1772871348.846142166]: action not connect
MR G:RSE B:R pos=(0.85,1.05)@own_leisure_area Enemy:blue Time:283.00
[INFO] [1772871347.833459161]: [BT] SendShooterCommand SUCCESS C:AMR G:RSE B:R pos=(0.85,1.05)@own_leisure_area Enemy:blue Time:283.00
[INFO] [1772871347.833726511]: [BT] OutputRightSwitchState SUCCESS C:AMR G:RSE B:R pos=(0.85,1.05)@own_leisure_area Enemy:blue Time:283.00 switch=auto state=auto
[INFO] [1772871347.833766249]: [BT] ReviveIfDead SUCCESS C:AMR G:RSE B:R pos=(0.85,1.05)@own_leisure_area Enemy:blue Time:283.00 revive=done
[INFO] [1772871348.328378188]: [BT] GetPresentTime SUCCESS C:AMR G:RSE B:R pos=(0.85,1.05)@own_leisure_area Enemy:blue Time:285.00
[INFO] [1772871348.328507507]: [BT] GetPosInMap SUCCESS C:AMR G:RSE B:R pos=(0.85,1.05)@own_leisure_area Enemy:blue Time:285.00
[INFO] [1772871348.328617919]: [BT] GetPolygonInWhich SUCCESS C:AMR G:RSE B:R pos=(0.85,1.05)@own_leisure_area Enemy:blue Time:285.00 area=own_leisure_area
[INFO] [1772871348.328677256]: [BT] GetSentryCmd SUCCESS C:AMR G:RSE B:R pos=(0.85,1.05)@own_leisure_area Enemy:blue Time:285.00 area=own_leisure_area desired=0 mode=3 acc_sec=96 degraded=0 change=0
[INFO] [1772871348.328824076]: [BT] SetPidPlannerParam SUCCESS C:AMR G:RSE B:R pos=(0.85,1.05)@own_leisure_area Enemy:blue Time:285.00
[INFO] [1772871348.328881218]: [BT] GetChassisDecisions SUCCESS C:AMR G:RSE B:R pos=(0.85,1.05)@own_leisure_area Enemy:blue Time:285.00
[INFO] [1772871348.339244835]: [BT] SendChassisCommand SUCCESS C:AMR G:RSE B:R pos=(0.85,1.05)@own_leisure_area Enemy:blue Time:285.00
[INFO] [1772871348.339336512]: [BT] GetGimbalDecisions SUCCESS C:AMR G:RSE B:R pos=(0.85,1.05)@own_leisure_area Enemy:blue Time:285.00
[INFO] [1772871348.339585504]: [BT] SendGimbalCommand SUCCESS C:AMR G:RSE B:R pos=(0.85,1.05)@own_leisure_area Enemy:blue Time:285.00
[INFO] [1772871348.339627512]: [BT] GetShooterDecisions SUCCESS C:AMR G:RSE B:R pos=(0.85,1.05)@own_leisure_area Enemy:blue Time:285.00
[INFO] [1772871348.339677138]: [BT] SendShooterCommand SUCCESS C:AMR G:RSE B:R pos=(0.85,1.05)@own_leisure_area Enemy:blue Time:285.00
[INFO] [1772871348.340001511]: [BT] OutputRightSwitchState SUCCESS C:AMR G:RSE B:R pos=(0.85,1.05)@own_leisure_area Enemy:blue Time:285.00 switch=auto state=auto
[INFO] [1772871348.340080140]: [BT] ReviveIfDead SUCCESS C:AMR G:RSE B:R pos=(0.85,1.05)@own_leisure_area Enemy:blue Time:285.00 revive=done
[INFO] [1772871348.835531116]: [BT] GetPresentTime SUCCESS C:AMR G:RSE B:R pos=(0.85,1.05)@own_leisure_area Enemy:blue Time:286.00
[INFO] [1772871348.835650157]: [BT] GetPosInMap SUCCESS C:AMR G:RSE B:R pos=(0.85,1.05)@own_leisure_area Enemy:blue Time:286.00
[INFO] [1772871348.835702812]: [BT] GetPolygonInWhich SUCCESS C:AMR G:RSE B:R pos=(0.85,1.05)@own_leisure_area Enemy:blue Time:286.00 area=own_leisure_area
[INFO] [1772871348.835750112]: [BT] GetSentryCmd SUCCESS C:AMR G:RSE B:R pos=(0.85,1.05)@own_leisure_area Enemy:blue Time:286.00 area=own_leisure_area desired=0 mode=3 acc_sec=97 degraded=0 change=0
[INFO] [1772871348.835913108]: [BT] SetPidPlannerParam SUCCESS C:AMR G:RSE B:R pos=(0.85,1.05)@own_leisure_area Enemy:blue Time:286.00
[INFO] [1772871348.835991189]: [BT] GetChassisDecisions SUCCESS C:AMR G:RSE B:R pos=(0.85,1.05)@own_leisure_area Enemy:blue Time:286.00
[INFO] [1772871348.846425036]: [BT] SendChassisCommand SUCCESS C:AMR G:RSE B:R pos=(0.85,1.05)@own_leisure_area Enemy:blue Time:286.00
[INFO] [1772871348.846504596]: [BT] GetGimbalDecisions SUCCESS C:AMR G:RSE B:R pos=(0.85,1.05)@own_leisure_area Enemy:blue Time:286.00
[INFO] [1772871348.846625164]: [BT] SendGimbalCommand SUCCESS C:AMR G:RSE B:R pos=(0.85,1.05)@own_leisure_area Enemy:blue Time:286.00
[INFO] [1772871348.846663247]: [BT] GetShooterDecisions SUCCESS C:AMR G:RSE B:R pos=(0.85,1.05)@own_leisure_area Enemy:blue Time:286.00
[INFO] [1772871348.846708300]: [BT] SendShooterCommand SUCCESS C:AMR G:RSE B:R pos=(0.85,1.05)@own_leisure_area Enemy:blue Time:286.00
[INFO] [1772871348.846847902]: [BT] OutputRightSwitchState SUCCESS C:AMR G:RSE B:R pos=(0.85,1.05)@own_leisure_area Enemy:blue Time:286.00 switch=auto state=auto
[INF[WARN] [1772871349.166243982]: "yaw" passed to lookupTransform argument source_frame does not exist. 
[WARN] [1772871349.315098012]: "yaw" passed to lookupTransform argument target_frame does not exist. 
[WARN] [1772871349.347859169]: action not connect
[WARN] [1772871349.669766625]: "yaw" passed to lookupTransform argument source_frame does not exist. 
[WARN] [1772871349.819627327]: "yaw" passed to lookupTransform argument target_frame does not exist. 
[WARN] [1772871349.852023768]: action not connect
[WARN] [1772871350.174314133]: "yaw" passed to lookupTransform argument source_frame does not exist. 
[WARN] [1772871350.324003669]: "yaw" passed to lookupTransform argument target_frame does not exist. 
O] [1772871348.846902151]: [BT] ReviveIfDead SUCCESS C:AMR G:RSE B:R pos=(0.85,1.05)@own_leisure_area Enemy:blue Time:286.00 revive=done
[INFO] [1772871349.337117965]: [BT] GetPresentTime SUCCESS C:AMR G:RSE B:R pos=(0.85,1.05)@own_leisure_area Enemy:blue Time:288.00
[INFO] [1772871349.337265188]: [BT] GetPosInMap SUCCESS C:AMR G:RSE B:R pos=(0.85,1.05)@own_leisure_area Enemy:blue Time:288.00
[INFO] [1772871349.337342977]: [BT] GetPolygonInWhich SUCCESS C:AMR G:RSE B:R pos=(0.85,1.05)@own_leisure_area Enemy:blue Time:288.00 area=own_leisure_area
[INFO] [1772871349.337403692]: [BT] GetSentryCmd SUCCESS C:AMR G:RSE B:R pos=(0.85,1.05)@own_leisure_area Enemy:blue Time:288.00 area=own_leisure_area desired=0 mode=3 acc_sec=97 degraded=0 change=0
[INFO] [1772871349.337639354]: [BT] SetPidPlannerParam SUCCESS C:AMR G:RSE B:R pos=(0.85,1.05)@own_leisure_area Enemy:blue Time:288.00
[INFO] [1772871349.337715005]: [BT] GetChassisDecisions SUCCESS C:AMR G:RSE B:R pos=(0.85,1.05)@own_leisure_area Enemy:blue Time:288.00
[INFO] [1772871349.348217335]: [BT] SendChassisCommand SUCCESS C:AMR G:RSE B:R pos=(0.85,1.05)@own_leisure_area Enemy:blue Time:288.00
[INFO] [1772871349.348308926]: [BT] GetGimbalDecisions SUCCESS C:AMR G:RSE B:R pos=(0.85,1.05)@own_leisure_area Enemy:blue Time:288.00
[INFO] [1772871349.348421372]: [BT] SendGimbalCommand SUCCESS C:AMR G:RSE B:R pos=(0.85,1.05)@own_leisure_area Enemy:blue Time:288.00
[INFO] [1772871349.348464353]: [BT] GetShooterDecisions SUCCESS C:AMR G:RSE B:R pos=(0.85,1.05)@own_leisure_area Enemy:blue Time:288.00
[INFO] [1772871349.348507417]: [BT] SendShooterCommand SUCCESS C:AMR G:RSE B:R pos=(0.85,1.05)@own_leisure_area Enemy:blue Time:288.00
[INFO] [1772871349.348637363]: [BT] OutputRightSwitchState SUCCESS C:AMR G:RSE B:R pos=(0.85,1.05)@own_leisure_area Enemy:blue Time:288.00 switch=auto state=auto
[INFO] [1772871349.348689939]: [BT] ReviveIfDead SUCCESS C:AMR G:RSE B:R pos=(0.85,1.05)@own_leisure_area Enemy:blue Time:288.00 revive=done
[INFO] [1772871349.627008683]: fan_search aim point timer triggered zone=own_leisure_area
[INFO] [1772871349.627068724]: fan_search aim point advanced zone=own_leisure_area
[INFO] [1772871349.841437248]: [BT] GetPresentTime SUCCESS C:AMR G:RSE B:R pos=(0.85,1.05)@own_leisure_area Enemy:blue Time:289.00
[INFO] [1772871349.841532396]: [BT] GetPosInMap SUCCESS C:AMR G:RSE B:R pos=(0.85,1.05)@own_leisure_area Enemy:blue Time:289.00
[INFO] [1772871349.841623959]: [BT] GetPolygonInWhich SUCCESS C:AMR G:RSE B:R pos=(0.85,1.05)@own_leisure_area Enemy:blue Time:289.00 area=own_leisure_area
[INFO] [1772871349.841669449]: [BT] GetSentryCmd SUCCESS C:AMR G:RSE B:R pos=(0.85,1.05)@own_leisure_area Enemy:blue Time:289.00 area=own_leisure_area desired=0 mode=3 acc_sec=98 degraded=0 change=0
[INFO] [1772871349.841829206]: [BT] SetPidPlannerParam SUCCESS C:AMR G:RSE B:R pos=(0.85,1.05)@own_leisure_area Enemy:blue Time:289.00
[INFO] [1772871349.841882846]: [BT] GetChassisDecisions SUCCESS C:AMR G:RSE B:R pos=(0.85,1.05)@own_leisure_area Enemy:blue Time:289.00
[INFO] [1772871349.852253109]: [BT] SendChassisCommand SUCCESS C:AMR G:RSE B:R pos=(0.85,1.05)@own_leisure_area Enemy:blue Time:289.00
[INFO] [1772871349.852528045]: [BT] GetGimbalDecisions SUCCESS C:AMR G:RSE B:R pos=(0.85,1.05)@own_leisure_area Enemy:blue Time:289.00
[INFO] [1772871349.852685945]: [BT] SendGimbalCommand SUCCESS C:AMR G:RSE B:R pos=(0.85,1.05)@own_leisure_area Enemy:blue Time:289.00
[INFO] [1772871349.852724628]: [BT] GetShooterDecisions SUCCESS C:AMR G:RSE B:R pos=(0.85,1.05)@own_leisure_area Enemy:blue Time:289.00
[INFO] [1772871349.852763046]: [BT] SendShooterCommand SUCCESS C:AMR G:RSE B:R pos=(0.85,1.05)@own_leisure_area Enemy:blue Time:289.00
[INFO] [1772871349.853149391]: [BT] OutputRightSwitchState SUCCESS C:AMR G:RSE B:R pos=(0.85,1.05)@own_leisure_area Enemy:blue Time:289.00 switch=auto state=auto
[INFO] [1772871349.853209016]: [BT] ReviveIfDead SUCCESS C:AMR G:RSE B:R pos=(0.85,1.05)@own_leisure_area Enemy:blue Time:289.00 revive=done
[INFO] [1772871350.345834048]: [BT] GetPresentTime SUCCESS C[WARN] [1772871350.356625418]: action not connect
[WARN] [1772871350.679216538]: "yaw" passed to lookupTransform argument source_frame does not exist. 
[WARN] [1772871350.830283892]: "yaw" passed to lookupTransform argument target_frame does not exist. 
[WARN] [1772871350.863174968]: action not connect
[WARN] [1772871351.186937921]: "yaw" passed to lookupTransform argument source_frame does not exist. 
[WARN] [1772871351.337705439]: "yaw" passed to lookupTransform argument target_frame does not exist. 
:AMR G:RSE B:R pos=(0.85,1.05)@own_leisure_area Enemy:blue Time:291.00
[INFO] [1772871350.346045759]: [BT] GetPosInMap SUCCESS C:AMR G:RSE B:R pos=(0.85,1.05)@own_leisure_area Enemy:blue Time:291.00
[INFO] [1772871350.346105116]: [BT] GetPolygonInWhich SUCCESS C:AMR G:RSE B:R pos=(0.85,1.05)@own_leisure_area Enemy:blue Time:291.00 area=own_leisure_area
[INFO] [1772871350.346180582]: [BT] GetSentryCmd SUCCESS C:AMR G:RSE B:R pos=(0.85,1.05)@own_leisure_area Enemy:blue Time:291.00 area=own_leisure_area desired=0 mode=3 acc_sec=98 degraded=0 change=0
[INFO] [1772871350.346392444]: [BT] SetPidPlannerParam SUCCESS C:AMR G:RSE B:R pos=(0.85,1.05)@own_leisure_area Enemy:blue Time:291.00
[INFO] [1772871350.346452950]: [BT] GetChassisDecisions SUCCESS C:AMR G:RSE B:R pos=(0.85,1.05)@own_leisure_area Enemy:blue Time:291.00
[INFO] [1772871350.356881171]: [BT] SendChassisCommand SUCCESS C:AMR G:RSE B:R pos=(0.85,1.05)@own_leisure_area Enemy:blue Time:291.00
[INFO] [1772871350.356996265]: [BT] GetGimbalDecisions SUCCESS C:AMR G:RSE B:R pos=(0.85,1.05)@own_leisure_area Enemy:blue Time:291.00
[INFO] [1772871350.357110328]: [BT] SendGimbalCommand SUCCESS C:AMR G:RSE B:R pos=(0.85,1.05)@own_leisure_area Enemy:blue Time:291.00
[INFO] [1772871350.357151069]: [BT] GetShooterDecisions SUCCESS C:AMR G:RSE B:R pos=(0.85,1.05)@own_leisure_area Enemy:blue Time:291.00
[INFO] [1772871350.357202978]: [BT] SendShooterCommand SUCCESS C:AMR G:RSE B:R pos=(0.85,1.05)@own_leisure_area Enemy:blue Time:291.00
[INFO] [1772871350.357601308]: [BT] OutputRightSwitchState SUCCESS C:AMR G:RSE B:R pos=(0.85,1.05)@own_leisure_area Enemy:blue Time:291.00 switch=auto state=auto
[INFO] [1772871350.357670974]: [BT] ReviveIfDead SUCCESS C:AMR G:RSE B:R pos=(0.85,1.05)@own_leisure_area Enemy:blue Time:291.00 revive=done
[INFO] [1772871350.852443264]: [BT] GetPresentTime SUCCESS C:AMR G:RSE B:R pos=(0.85,1.05)@own_leisure_area Enemy:blue Time:292.00
[INFO] [1772871350.852571961]: [BT] GetPosInMap SUCCESS C:AMR G:RSE B:R pos=(0.85,1.05)@own_leisure_area Enemy:blue Time:292.00
[INFO] [1772871350.852631406]: [BT] GetPolygonInWhich SUCCESS C:AMR G:RSE B:R pos=(0.85,1.05)@own_leisure_area Enemy:blue Time:292.00 area=own_leisure_area
[INFO] [1772871350.852684293]: [BT] GetSentryCmd SUCCESS C:AMR G:RSE B:R pos=(0.85,1.05)@own_leisure_area Enemy:blue Time:292.00 area=own_leisure_area desired=0 mode=3 acc_sec=99 degraded=0 change=0
[INFO] [1772871350.852946662]: [BT] SetPidPlannerParam SUCCESS C:AMR G:RSE B:R pos=(0.85,1.05)@own_leisure_area Enemy:blue Time:292.00
[INFO] [1772871350.853014898]: [BT] GetChassisDecisions SUCCESS C:AMR G:RSE B:R pos=(0.85,1.05)@own_leisure_area Enemy:blue Time:292.00
[INFO] [1772871350.863493966]: [BT] SendChassisCommand SUCCESS C:AMR G:RSE B:R pos=(0.85,1.05)@own_leisure_area Enemy:blue Time:292.00
[INFO] [1772871350.863579076]: [BT] GetGimbalDecisions SUCCESS C:AMR G:RSE B:R pos=(0.85,1.05)@own_leisure_area Enemy:blue Time:292.00
[INFO] [1772871350.863709802]: [BT] SendGimbalCommand SUCCESS C:AMR G:RSE B:R pos=(0.85,1.05)@own_leisure_area Enemy:blue Time:292.00
[INFO] [1772871350.863756420]: [BT] GetShooterDecisions SUCCESS C:AMR G:RSE B:R pos=(0.85,1.05)@own_leisure_area Enemy:blue Time:292.00
[INFO] [1772871350.863806678]: [BT] SendShooterCommand SUCCESS C:AMR G:RSE B:R pos=(0.85,1.05)@own_leisure_area Enemy:blue Time:292.00
[INFO] [1772871350.863949315]: [BT] OutputRightSwitchState SUCCESS C:AMR G:RSE B:R pos=(0.85,1.05)@own_leisure_area Enemy:blue Time:292.00 switch=auto state=auto
[INFO] [1772871350.864010842]: [BT] ReviveIfDead SUCCESS C:AMR G:RSE B:R pos=(0.85,1.05)@own_leisure_area Enemy:blue Time:292.00 revive=done
[INFO] [1772871351.359888507]: [BT] GetPresentTime SUCCESS C:AMR G:RSE B:R pos=(0.85,1.05)@own_leisure_area Enemy:blue Time:294.00
[INFO] [1772871351.360004099]: [BT] GetPosInMap SUCCESS C:AMR G:RSE B:R pos=(0.85,1.05)@own_leisure_area Enemy:blue Time:294.00
[INFO] [1772871351.360059446]: [BT] GetPolygonInWhich SUCCESS C:AMR G:RSE B:R pos=(0.85,1.05)@own_leisure_area Enemy:blue Time:294.00 area=own_leisure_area
[INFO] [1772871[WARN] [1772871351.370607328]: action not connect
[WARN] [1772871351.692635044]: "yaw" passed to lookupTransform argument source_frame does not exist. 
[WARN] [1772871351.842944207]: "yaw" passed to lookupTransform argument target_frame does not exist. 
[WARN] [1772871351.875159805]: action not connect
[WARN] [1772871352.197547634]: "yaw" passed to lookupTransform argument source_frame does not exist. 
[WARN] [1772871352.348040837]: "yaw" passed to lookupTransform argument target_frame does not exist. 
351.360111077]: [BT] GetSentryCmd SUCCESS C:AMR G:RSE B:R pos=(0.85,1.05)@own_leisure_area Enemy:blue Time:294.00 area=own_leisure_area desired=0 mode=3 acc_sec=99 degraded=0 change=0
[INFO] [1772871351.360385496]: [BT] SetPidPlannerParam SUCCESS C:AMR G:RSE B:R pos=(0.85,1.05)@own_leisure_area Enemy:blue Time:294.00
[INFO] [1772871351.360457798]: [BT] GetChassisDecisions SUCCESS C:AMR G:RSE B:R pos=(0.85,1.05)@own_leisure_area Enemy:blue Time:294.00
[INFO] [1772871351.370896550]: [BT] SendChassisCommand SUCCESS C:AMR G:RSE B:R pos=(0.85,1.05)@own_leisure_area Enemy:blue Time:294.00
[INFO] [1772871351.370983946]: [BT] GetGimbalDecisions SUCCESS C:AMR G:RSE B:R pos=(0.85,1.05)@own_leisure_area Enemy:blue Time:294.00
[INFO] [1772871351.371111400]: [BT] SendGimbalCommand SUCCESS C:AMR G:RSE B:R pos=(0.85,1.05)@own_leisure_area Enemy:blue Time:294.00
[INFO] [1772871351.371152909]: [BT] GetShooterDecisions SUCCESS C:AMR G:RSE B:R pos=(0.85,1.05)@own_leisure_area Enemy:blue Time:294.00
[INFO] [1772871351.371202700]: [BT] SendShooterCommand SUCCESS C:AMR G:RSE B:R pos=(0.85,1.05)@own_leisure_area Enemy:blue Time:294.00
[INFO] [1772871351.371576189]: [BT] OutputRightSwitchState SUCCESS C:AMR G:RSE B:R pos=(0.85,1.05)@own_leisure_area Enemy:blue Time:294.00 switch=auto state=auto
[INFO] [1772871351.371655826]: [BT] ReviveIfDead SUCCESS C:AMR G:RSE B:R pos=(0.85,1.05)@own_leisure_area Enemy:blue Time:294.00 revive=done
[INFO] [1772871351.864617387]: [BT] GetPresentTime SUCCESS C:AMR G:RSE B:R pos=(0.85,1.05)@own_leisure_area Enemy:blue Time:295.00
[INFO] [1772871351.864707915]: [BT] GetPosInMap SUCCESS C:AMR G:RSE B:R pos=(0.85,1.05)@own_leisure_area Enemy:blue Time:295.00
[INFO] [1772871351.864751012]: [BT] GetPolygonInWhich SUCCESS C:AMR G:RSE B:R pos=(0.85,1.05)@own_leisure_area Enemy:blue Time:295.00 area=own_leisure_area
[INFO] [1772871351.864816070]: [BT] GetSentryCmd SUCCESS C:AMR G:RSE B:R pos=(0.85,1.05)@own_leisure_area Enemy:blue Time:295.00 area=own_leisure_area desired=0 mode=3 acc_sec=100 degraded=0 change=0
[INFO] [1772871351.864976487]: [BT] SetPidPlannerParam SUCCESS C:AMR G:RSE B:R pos=(0.85,1.05)@own_leisure_area Enemy:blue Time:295.00
[INFO] [1772871351.865028427]: [BT] GetChassisDecisions SUCCESS C:AMR G:RSE B:R pos=(0.85,1.05)@own_leisure_area Enemy:blue Time:295.00
[INFO] [1772871351.875392897]: [BT] SendChassisCommand SUCCESS C:AMR G:RSE B:R pos=(0.85,1.05)@own_leisure_area Enemy:blue Time:295.00
[INFO] [1772871351.875468875]: [BT] GetGimbalDecisions SUCCESS C:AMR G:RSE B:R pos=(0.85,1.05)@own_leisure_area Enemy:blue Time:295.00
[INFO] [1772871351.875588246]: [BT] SendGimbalCommand SUCCESS C:AMR G:RSE B:R pos=(0.85,1.05)@own_leisure_area Enemy:blue Time:295.00
[INFO] [1772871351.875630719]: [BT] GetShooterDecisions SUCCESS C:AMR G:RSE B:R pos=(0.85,1.05)@own_leisure_area Enemy:blue Time:295.00
[INFO] [1772871351.875678743]: [BT] SendShooterCommand SUCCESS C:AMR G:RSE B:R pos=(0.85,1.05)@own_leisure_area Enemy:blue Time:295.00
[INFO] [1772871351.876064286]: [BT] OutputRightSwitchState SUCCESS C:AMR G:RSE B:R pos=(0.85,1.05)@own_leisure_area Enemy:blue Time:295.00 switch=auto state=auto
[INFO] [1772871351.876145163]: [BT] ReviveIfDead SUCCESS C:AMR G:RSE B:R pos=(0.85,1.05)@own_leisure_area Enemy:blue Time:295.00 revive=done
[INFO] [1772871352.370120438]: [BT] GetPresentTime SUCCESS C:AMR G:RSE B:R pos=(0.85,1.05)@own_leisure_area Enemy:blue Time:297.00
[INFO] [1772871352.370231969]: [BT] GetPosInMap SUCCESS C:AMR G:RSE B:R pos=(0.85,1.05)@own_leisure_area Enemy:blue Time:297.00
[INFO] [1772871352.370285353]: [BT] GetPolygonInWhich SUCCESS C:AMR G:RSE B:R pos=(0.85,1.05)@own_leisure_area Enemy:blue Time:297.00 area=own_leisure_area
[INFO] [1772871352.370349780]: [BT] GetSentryCmd SUCCESS C:AMR G:RSE B:R pos=(0.85,1.05)@own_leisure_area Enemy:blue Time:297.00 area=own_leisure_area desired=0 mode=3 acc_sec=100 degraded=0 change=0
[INFO] [1772871352.370523920]: [BT] SetPidPlannerParam SUCCESS C:AMR G:RSE B:R pos=(0.85,1.05)@own_leisure_area Enemy:blue Time:297.00
[INFO] [1772871352.370589443]: [BT] GetChassisDec[WARN] [1772871352.380793051]: action not connect
[WARN] [1772871352.703487057]: "yaw" passed to lookupTransform argument source_frame does not exist. 
[WARN] [1772871352.853245751]: "yaw" passed to lookupTransform argument target_frame does not exist. 
[WARN] [1772871352.885546864]: action not connect
[WARN] [1772871353.204773343]: "yaw" passed to lookupTransform argument source_frame does not exist. 
[WARN] [1772871353.354865507]: "yaw" passed to lookupTransform argument target_frame does not exist. 
[WARN] [1772871353.387611999]: action not connect
isions SUCCESS C:AMR G:RSE B:R pos=(0.85,1.05)@own_leisure_area Enemy:blue Time:297.00
[INFO] [1772871352.381017041]: [BT] SendChassisCommand SUCCESS C:AMR G:RSE B:R pos=(0.85,1.05)@own_leisure_area Enemy:blue Time:297.00
[INFO] [1772871352.381113453]: [BT] GetGimbalDecisions SUCCESS C:AMR G:RSE B:R pos=(0.85,1.05)@own_leisure_area Enemy:blue Time:297.00
[INFO] [1772871352.381232547]: [BT] SendGimbalCommand SUCCESS C:AMR G:RSE B:R pos=(0.85,1.05)@own_leisure_area Enemy:blue Time:297.00
[INFO] [1772871352.381274466]: [BT] GetShooterDecisions SUCCESS C:AMR G:RSE B:R pos=(0.85,1.05)@own_leisure_area Enemy:blue Time:297.00
[INFO] [1772871352.381332278]: [BT] SendShooterCommand SUCCESS C:AMR G:RSE B:R pos=(0.85,1.05)@own_leisure_area Enemy:blue Time:297.00
[INFO] [1772871352.381472923]: [BT] OutputRightSwitchState SUCCESS C:AMR G:RSE B:R pos=(0.85,1.05)@own_leisure_area Enemy:blue Time:297.00 switch=auto state=auto
[INFO] [1772871352.381525485]: [BT] ReviveIfDead SUCCESS C:AMR G:RSE B:R pos=(0.85,1.05)@own_leisure_area Enemy:blue Time:297.00 revive=done
[INFO] [1772871352.875032264]: [BT] GetPresentTime SUCCESS C:AMR G:RSE B:R pos=(0.85,1.05)@own_leisure_area Enemy:blue Time:298.00
[INFO] [1772871352.875115645]: [BT] GetPosInMap SUCCESS C:AMR G:RSE B:R pos=(0.85,1.05)@own_leisure_area Enemy:blue Time:298.00
[INFO] [1772871352.875150915]: [BT] GetPolygonInWhich SUCCESS C:AMR G:RSE B:R pos=(0.85,1.05)@own_leisure_area Enemy:blue Time:298.00 area=own_leisure_area
[INFO] [1772871352.875184056]: [BT] GetSentryCmd SUCCESS C:AMR G:RSE B:R pos=(0.85,1.05)@own_leisure_area Enemy:blue Time:298.00 area=own_leisure_area desired=0 mode=3 acc_sec=101 degraded=0 change=0
[INFO] [1772871352.875337944]: [BT] SetPidPlannerParam SUCCESS C:AMR G:RSE B:R pos=(0.85,1.05)@own_leisure_area Enemy:blue Time:298.00
[INFO] [1772871352.875390800]: [BT] GetChassisDecisions SUCCESS C:AMR G:RSE B:R pos=(0.85,1.05)@own_leisure_area Enemy:blue Time:298.00
[INFO] [1772871352.885863866]: [BT] SendChassisCommand SUCCESS C:AMR G:RSE B:R pos=(0.85,1.05)@own_leisure_area Enemy:blue Time:298.00
[INFO] [1772871352.885931762]: [BT] GetGimbalDecisions SUCCESS C:AMR G:RSE B:R pos=(0.85,1.05)@own_leisure_area Enemy:blue Time:298.00
[INFO] [1772871352.886067024]: [BT] SendGimbalCommand SUCCESS C:AMR G:RSE B:R pos=(0.85,1.05)@own_leisure_area Enemy:blue Time:298.00
[INFO] [1772871352.886111874]: [BT] GetShooterDecisions SUCCESS C:AMR G:RSE B:R pos=(0.85,1.05)@own_leisure_area Enemy:blue Time:298.00
[INFO] [1772871352.886158931]: [BT] SendShooterCommand SUCCESS C:AMR G:RSE B:R pos=(0.85,1.05)@own_leisure_area Enemy:blue Time:298.00
[INFO] [1772871352.886287180]: [BT] OutputRightSwitchState SUCCESS C:AMR G:RSE B:R pos=(0.85,1.05)@own_leisure_area Enemy:blue Time:298.00 switch=auto state=auto
[INFO] [1772871352.886369543]: [BT] ReviveIfDead SUCCESS C:AMR G:RSE B:R pos=(0.85,1.05)@own_leisure_area Enemy:blue Time:298.00 revive=done
[INFO] [1772871353.376968390]: [BT] GetPresentTime SUCCESS C:AMR G:RSE B:R pos=(0.85,1.05)@own_leisure_area Enemy:blue Time:300.00
[INFO] [1772871353.377071990]: [BT] GetPosInMap SUCCESS C:AMR G:RSE B:R pos=(0.85,1.05)@own_leisure_area Enemy:blue Time:300.00
[INFO] [1772871353.377121478]: [BT] GetPolygonInWhich SUCCESS C:AMR G:RSE B:R pos=(0.85,1.05)@own_leisure_area Enemy:blue Time:300.00 area=own_leisure_area
[INFO] [1772871353.377166547]: [BT] GetSentryCmd SUCCESS C:AMR G:RSE B:R pos=(0.85,1.05)@own_leisure_area Enemy:blue Time:300.00 area=own_leisure_area desired=0 mode=3 acc_sec=101 degraded=0 change=0
[INFO] [1772871353.377363028]: [BT] SetPidPlannerParam SUCCESS C:AMR G:RSE B:R pos=(0.85,1.05)@own_leisure_area Enemy:blue Time:300.00
[INFO] [1772871353.377426725]: [BT] GetChassisDecisions SUCCESS C:AMR G:RSE B:R pos=(0.85,1.05)@own_leisure_area Enemy:blue Time:300.00
[INFO] [1772871353.387967277]: [BT] SendChassisCommand SUCCESS C:AMR G:RSE B:R pos=(0.85,1.05)@own_leisure_area Enemy:blue Time:300.00
[INFO] [1772871353.388077597]: [BT] GetGimbalDecisions SUCCESS C:AMR G:RSE B:R pos=(0.85,1.05)@own_leisure_area Enemy:blue Time:300.00
[INFO] [177[WARN] [1772871353.714249981]: "yaw" passed to lookupTransform argument source_frame does not exist. 
[WARN] [1772871353.863903031]: "yaw" passed to lookupTransform argument target_frame does not exist. 
[WARN] [1772871354.223944761]: "yaw" passed to lookupTransform argument source_frame does not exist. 
[WARN] [1772871354.363915691]: "yaw" passed to lookupTransform argument target_frame does not exist. 
2871353.388207902]: [BT] SendGimbalCommand SUCCESS C:AMR G:RSE B:R pos=(0.85,1.05)@own_leisure_area Enemy:blue Time:300.00
[INFO] [1772871353.388331952]: [BT] GetShooterDecisions SUCCESS C:AMR G:RSE B:R pos=(0.85,1.05)@own_leisure_area Enemy:blue Time:300.00
[INFO] [1772871353.388391860]: [BT] SendShooterCommand SUCCESS C:AMR G:RSE B:R pos=(0.85,1.05)@own_leisure_area Enemy:blue Time:300.00
[INFO] [1772871353.388548265]: [BT] OutputRightSwitchState SUCCESS C:AMR G:RSE B:R pos=(0.85,1.05)@own_leisure_area Enemy:blue Time:300.00 switch=auto state=auto
[INFO] [1772871353.388612278]: [BT] ReviveIfDead SUCCESS C:AMR G:RSE B:R pos=(0.85,1.05)@own_leisure_area Enemy:blue Time:300.00 revive=done
[INFO] [1772871353.591560491]: Present time:300 C:CSG G:RSE B:R staying_area_name: own_leisure_area
[INFO] [1772871353.591676459]: Present time:300 C:CSG G:YSR B:R
[INFO] [1772871353.883702193]: [BT] GetPresentTime SUCCESS C:CSG G:YSR B:R pos=(0.85,1.05)@own_leisure_area Enemy:blue Time:300.00
[INFO] [1772871353.883901709]: [BT] GetPosInMap SUCCESS C:CSG G:YSR B:R pos=(0.85,1.05)@own_leisure_area Enemy:blue Time:300.00
[INFO] [1772871353.883963362]: [BT] GetPolygonInWhich SUCCESS C:CSG G:YSR B:R pos=(0.85,1.05)@own_leisure_area Enemy:blue Time:300.00 area=own_leisure_area
[INFO] [1772871353.884016918]: [BT] GetSentryCmd SUCCESS C:CSG G:YSR B:R pos=(0.85,1.05)@own_leisure_area Enemy:blue Time:300.00 area=own_leisure_area desired=0 mode=3 acc_sec=102 degraded=0 change=0
[INFO] [1772871353.884211397]: [BT] SetPidPlannerParam SUCCESS C:CSG G:YSR B:R pos=(0.85,1.05)@own_leisure_area Enemy:blue Time:300.00
[INFO] [1772871353.884272424]: [BT] GetChassisDecisions SUCCESS C:CSG G:YSR B:R pos=(0.85,1.05)@own_leisure_area Enemy:blue Time:300.00
[INFO] [1772871353.893881170]: [BT] OutputRightSwitchState SUCCESS C:CSG G:YSR B:R pos=(0.85,1.05)@own_leisure_area Enemy:blue Time:300.00 switch=auto state=auto
[INFO] [1772871353.893997526]: [BT] ReviveIfDead SUCCESS C:CSG G:YSR B:R pos=(0.85,1.05)@own_leisure_area Enemy:blue Time:300.00 revive=done
[INFO] [1772871353.894340008]: [BT] SendChassisCommand SUCCESS C:CSG G:YSR B:R pos=(0.85,1.05)@own_leisure_area Enemy:blue Time:300.00
[INFO] [1772871353.894407205]: [BT] GetGimbalDecisions SUCCESS C:CSG G:YSR B:R pos=(0.85,1.05)@own_leisure_area Enemy:blue Time:300.00
[INFO] [1772871353.894540317]: [BT] SendGimbalCommand SUCCESS C:CSG G:YSR B:R pos=(0.85,1.05)@own_leisure_area Enemy:blue Time:300.00
[INFO] [1772871353.894592339]: [BT] GetShooterDecisions SUCCESS C:CSG G:YSR B:R pos=(0.85,1.05)@own_leisure_area Enemy:blue Time:300.00
[INFO] [1772871353.894641914]: [BT] SendShooterCommand SUCCESS C:CSG G:YSR B:R pos=(0.85,1.05)@own_leisure_area Enemy:blue Time:300.00
[INFO] [1772871354.393846292]: [BT] GetPresentTime SUCCESS C:CSG G:YSR B:R pos=(0.85,1.05)@own_leisure_area Enemy:blue Time:300.00
[INFO] [1772871354.393972658]: [BT] GetPosInMap SUCCESS C:CSG G:YSR B:R pos=(0.85,1.05)@own_leisure_area Enemy:blue Time:300.00
[INFO] [1772871354.394031039]: [BT] GetPolygonInWhich SUCCESS C:CSG G:YSR B:R pos=(0.85,1.05)@own_leisure_area Enemy:blue Time:300.00 area=own_leisure_area
[INFO] [1772871354.394116361]: [BT] GetSentryCmd SUCCESS C:CSG G:YSR B:R pos=(0.85,1.05)@own_leisure_area Enemy:blue Time:300.00 area=own_leisure_area desired=0 mode=3 acc_sec=102 degraded=0 change=0
[INFO] [1772871354.394335047]: [BT] SetPidPlannerParam SUCCESS C:CSG G:YSR B:R pos=(0.85,1.05)@own_leisure_area Enemy:blue Time:300.00
[INFO] [1772871354.394398592]: [BT] GetChassisDecisions SUCCESS C:CSG G:YSR B:R pos=(0.85,1.05)@own_leisure_area Enemy:blue Time:300.00
[INFO] [1772871354.394491453]: [BT] SendChassisCommand SUCCESS C:CSG G:YSR B:R pos=(0.85,1.05)@own_leisure_area Enemy:blue Time:300.00
[INFO] [1772871354.394533324]: [BT] GetGimbalDecisions SUCCESS C:CSG G:YSR B:R pos=(0.85,1.05)@own_leisure_area Enemy:blue Time:300.00
[INFO] [1772871354.394650808]: [BT] SendGimbalCommand SUCCESS C:CSG G:YSR B:R pos=(0.85,1.05)@own_leisure_area Enemy:blue Time:300.00
[INFO] [1772871354.394689652]: [BT] GetShooterDecisions SUCCESS C:CSG G:YSR B:R p[WARN] [1772871354.734111061]: "yaw" passed to lookupTransform argument source_frame does not exist. 
[WARN] [1772871354.874107427]: "yaw" passed to lookupTransform argument target_frame does not exist. 
[WARN] [1772871355.234170828]: "yaw" passed to lookupTransform argument source_frame does not exist. 
[WARN] [1772871355.374075178]: "yaw" passed to lookupTransform argument target_frame does not exist. 
os=(0.85,1.05)@own_leisure_area Enemy:blue Time:300.00
[INFO] [1772871354.394830435]: [BT] SendShooterCommand SUCCESS C:CSG G:YSR B:R pos=(0.85,1.05)@own_leisure_area Enemy:blue Time:300.00
[INFO] [1772871354.403672403]: [BT] OutputRightSwitchState SUCCESS C:CSG G:YSR B:R pos=(0.85,1.05)@own_leisure_area Enemy:blue Time:300.00 switch=auto state=auto
[INFO] [1772871354.403827655]: [BT] ReviveIfDead SUCCESS C:CSG G:YSR B:R pos=(0.85,1.05)@own_leisure_area Enemy:blue Time:300.00 revive=done
[INFO] [1772871354.893852889]: [BT] GetPresentTime SUCCESS C:CSG G:YSR B:R pos=(0.85,1.05)@own_leisure_area Enemy:blue Time:300.00
[INFO] [1772871354.893988008]: [BT] GetPosInMap SUCCESS C:CSG G:YSR B:R pos=(0.85,1.05)@own_leisure_area Enemy:blue Time:300.00
[INFO] [1772871354.894048044]: [BT] GetPolygonInWhich SUCCESS C:CSG G:YSR B:R pos=(0.85,1.05)@own_leisure_area Enemy:blue Time:300.00 area=own_leisure_area
[INFO] [1772871354.894099818]: [BT] GetSentryCmd SUCCESS C:CSG G:YSR B:R pos=(0.85,1.05)@own_leisure_area Enemy:blue Time:300.00 area=own_leisure_area desired=0 mode=3 acc_sec=103 degraded=0 change=0
[INFO] [1772871354.903838325]: [BT] SetPidPlannerParam SUCCESS C:CSG G:YSR B:R pos=(0.85,1.05)@own_leisure_area Enemy:blue Time:300.00
[INFO] [1772871354.903931243]: [BT] GetChassisDecisions SUCCESS C:CSG G:YSR B:R pos=(0.85,1.05)@own_leisure_area Enemy:blue Time:300.00
[INFO] [1772871354.903993665]: [BT] SendChassisCommand SUCCESS C:CSG G:YSR B:R pos=(0.85,1.05)@own_leisure_area Enemy:blue Time:300.00
[INFO] [1772871354.904028221]: [BT] GetGimbalDecisions SUCCESS C:CSG G:YSR B:R pos=(0.85,1.05)@own_leisure_area Enemy:blue Time:300.00
[INFO] [1772871354.904174087]: [BT] SendGimbalCommand SUCCESS C:CSG G:YSR B:R pos=(0.85,1.05)@own_leisure_area Enemy:blue Time:300.00
[INFO] [1772871354.904215662]: [BT] GetShooterDecisions SUCCESS C:CSG G:YSR B:R pos=(0.85,1.05)@own_leisure_area Enemy:blue Time:300.00
[INFO] [1772871354.904263803]: [BT] SendShooterCommand SUCCESS C:CSG G:YSR B:R pos=(0.85,1.05)@own_leisure_area Enemy:blue Time:300.00
[INFO] [1772871354.913805111]: [BT] OutputRightSwitchState SUCCESS C:CSG G:YSR B:R pos=(0.85,1.05)@own_leisure_area Enemy:blue Time:300.00 switch=auto state=auto
[INFO] [1772871354.913909384]: [BT] ReviveIfDead SUCCESS C:CSG G:YSR B:R pos=(0.85,1.05)@own_leisure_area Enemy:blue Time:300.00 revive=done
[INFO] [1772871355.403635352]: [BT] GetPresentTime SUCCESS C:CSG G:YSR B:R pos=(0.85,1.05)@own_leisure_area Enemy:blue Time:300.00
[INFO] [1772871355.403730600]: [BT] GetPosInMap SUCCESS C:CSG G:YSR B:R pos=(0.85,1.05)@own_leisure_area Enemy:blue Time:300.00
[INFO] [1772871355.403790809]: [BT] GetPolygonInWhich SUCCESS C:CSG G:YSR B:R pos=(0.85,1.05)@own_leisure_area Enemy:blue Time:300.00 area=own_leisure_area
[INFO] [1772871355.403836931]: [BT] GetSentryCmd SUCCESS C:CSG G:YSR B:R pos=(0.85,1.05)@own_leisure_area Enemy:blue Time:300.00 area=own_leisure_area desired=0 mode=3 acc_sec=103 degraded=0 change=0
[INFO] [1772871355.403973888]: [BT] SetPidPlannerParam SUCCESS C:CSG G:YSR B:R pos=(0.85,1.05)@own_leisure_area Enemy:blue Time:300.00
[INFO] [1772871355.404023110]: [BT] GetChassisDecisions SUCCESS C:CSG G:YSR B:R pos=(0.85,1.05)@own_leisure_area Enemy:blue Time:300.00
[INFO] [1772871355.404078251]: [BT] SendChassisCommand SUCCESS C:CSG G:YSR B:R pos=(0.85,1.05)@own_leisure_area Enemy:blue Time:300.00
[INFO] [1772871355.404106684]: [BT] GetGimbalDecisions SUCCESS C:CSG G:YSR B:R pos=(0.85,1.05)@own_leisure_area Enemy:blue Time:300.00
[INFO] [1772871355.404189530]: [BT] SendGimbalCommand SUCCESS C:CSG G:YSR B:R pos=(0.85,1.05)@own_leisure_area Enemy:blue Time:300.00
[INFO] [1772871355.404217155]: [BT] GetShooterDecisions SUCCESS C:CSG G:YSR B:R pos=(0.85,1.05)@own_leisure_area Enemy:blue Time:300.00
[INFO] [1772871355.413899974]: [BT] OutputRightSwitchState SUCCESS C:CSG G:YSR B:R pos=(0.85,1.05)@own_leisure_area Enemy:blue Time:300.00 switch=auto state=auto
[INFO] [1772871355.414025392]: [BT] ReviveIfDead SUCCESS C:CSG G:YSR B:R pos=(0.85,1.05)@own_leisure_area Enemy:blue Time:300.00 revive=done
[INFO] [17[WARN] [1772871355.744014386]: "yaw" passed to lookupTransform argument source_frame does not exist. 
[WARN] [1772871355.874105106]: "yaw" passed to lookupTransform argument target_frame does not exist. 
[WARN] [1772871356.254058565]: "yaw" passed to lookupTransform argument source_frame does not exist. 
[WARN] [1772871356.374167670]: "yaw" passed to lookupTransform argument target_frame does not exist. 
[WARN] [1772871356.763755140]: "yaw" passed to lookupTransform argument source_frame does not exist. 
[WARN] [1772871356.883841768]: "yaw" passed to lookupTransform argument target_frame does not exist. 
72871355.414499015]: [BT] SendShooterCommand SUCCESS C:CSG G:YSR B:R pos=(0.85,1.05)@own_leisure_area Enemy:blue Time:300.00
[INFO] [1772871355.913778085]: [BT] GetPresentTime SUCCESS C:CSG G:YSR B:R pos=(0.85,1.05)@own_leisure_area Enemy:blue Time:300.00
[INFO] [1772871355.913875191]: [BT] GetPosInMap SUCCESS C:CSG G:YSR B:R pos=(0.85,1.05)@own_leisure_area Enemy:blue Time:300.00
[INFO] [1772871355.913919570]: [BT] GetPolygonInWhich SUCCESS C:CSG G:YSR B:R pos=(0.85,1.05)@own_leisure_area Enemy:blue Time:300.00 area=own_leisure_area
[INFO] [1772871355.913974335]: [BT] GetSentryCmd SUCCESS C:CSG G:YSR B:R pos=(0.85,1.05)@own_leisure_area Enemy:blue Time:300.00 area=own_leisure_area desired=0 mode=3 acc_sec=104 degraded=0 change=0
[INFO] [1772871355.914124519]: [BT] SetPidPlannerParam SUCCESS C:CSG G:YSR B:R pos=(0.85,1.05)@own_leisure_area Enemy:blue Time:300.00
[INFO] [1772871355.914173429]: [BT] GetChassisDecisions SUCCESS C:CSG G:YSR B:R pos=(0.85,1.05)@own_leisure_area Enemy:blue Time:300.00
[INFO] [1772871355.914238107]: [BT] SendChassisCommand SUCCESS C:CSG G:YSR B:R pos=(0.85,1.05)@own_leisure_area Enemy:blue Time:300.00
[INFO] [1772871355.914273601]: [BT] GetGimbalDecisions SUCCESS C:CSG G:YSR B:R pos=(0.85,1.05)@own_leisure_area Enemy:blue Time:300.00
[INFO] [1772871355.914388145]: [BT] SendGimbalCommand SUCCESS C:CSG G:YSR B:R pos=(0.85,1.05)@own_leisure_area Enemy:blue Time:300.00
[INFO] [1772871355.914428543]: [BT] GetShooterDecisions SUCCESS C:CSG G:YSR B:R pos=(0.85,1.05)@own_leisure_area Enemy:blue Time:300.00
[INFO] [1772871355.923629085]: [BT] OutputRightSwitchState SUCCESS C:CSG G:YSR B:R pos=(0.85,1.05)@own_leisure_area Enemy:blue Time:300.00 switch=auto state=auto
[INFO] [1772871355.923756162]: [BT] ReviveIfDead SUCCESS C:CSG G:YSR B:R pos=(0.85,1.05)@own_leisure_area Enemy:blue Time:300.00 revive=done
[INFO] [1772871355.924200147]: [BT] SendShooterCommand SUCCESS C:CSG G:YSR B:R pos=(0.85,1.05)@own_leisure_area Enemy:blue Time:300.00
[INFO] [1772871356.413904803]: [BT] GetPresentTime SUCCESS C:CSG G:YSR B:R pos=(0.85,1.05)@own_leisure_area Enemy:blue Time:300.00
[INFO] [1772871356.414044376]: [BT] GetPosInMap SUCCESS C:CSG G:YSR B:R pos=(0.85,1.05)@own_leisure_area Enemy:blue Time:300.00
[INFO] [1772871356.414100916]: [BT] GetPolygonInWhich SUCCESS C:CSG G:YSR B:R pos=(0.85,1.05)@own_leisure_area Enemy:blue Time:300.00 area=own_leisure_area
[INFO] [1772871356.414153581]: [BT] GetSentryCmd SUCCESS C:CSG G:YSR B:R pos=(0.85,1.05)@own_leisure_area Enemy:blue Time:300.00 area=own_leisure_area desired=0 mode=3 acc_sec=104 degraded=0 change=0
[INFO] [1772871356.414387568]: [BT] SetPidPlannerParam SUCCESS C:CSG G:YSR B:R pos=(0.85,1.05)@own_leisure_area Enemy:blue Time:300.00
[INFO] [1772871356.414455111]: [BT] GetChassisDecisions SUCCESS C:CSG G:YSR B:R pos=(0.85,1.05)@own_leisure_area Enemy:blue Time:300.00
[INFO] [1772871356.414525364]: [BT] SendChassisCommand SUCCESS C:CSG G:YSR B:R pos=(0.85,1.05)@own_leisure_area Enemy:blue Time:300.00
[INFO] [1772871356.414588014]: [BT] GetGimbalDecisions SUCCESS C:CSG G:YSR B:R pos=(0.85,1.05)@own_leisure_area Enemy:blue Time:300.00
[INFO] [1772871356.414708027]: [BT] SendGimbalCommand SUCCESS C:CSG G:YSR B:R pos=(0.85,1.05)@own_leisure_area Enemy:blue Time:300.00
[INFO] [1772871356.414753511]: [BT] GetShooterDecisions SUCCESS C:CSG G:YSR B:R pos=(0.85,1.05)@own_leisure_area Enemy:blue Time:300.00
[INFO] [1772871356.433788914]: [BT] OutputRightSwitchState SUCCESS C:CSG G:YSR B:R pos=(0.85,1.05)@own_leisure_area Enemy:blue Time:300.00 switch=auto state=auto
[INFO] [1772871356.433891857]: [BT] ReviveIfDead SUCCESS C:CSG G:YSR B:R pos=(0.85,1.05)@own_leisure_area Enemy:blue Time:300.00 revive=done
[INFO] [1772871356.434358136]: [BT] SendShooterCommand SUCCESS C:CSG G:YSR B:R pos=(0.85,1.05)@own_leisure_area Enemy:blue Time:300.00
[INFO] [1772871356.923648576]: [BT] GetPresentTime SUCCESS C:CSG G:YSR B:R pos=(0.85,1.05)@own_leisure_area Enemy:blue Time:300.00
[INFO] [1772871356.923766062]: [BT] GetPosInMap SUCCESS C:CSG G:YSR B:R pos=(0.85,1.05)@own_leisure_area Enemy:b[WARN] [1772871357.263913999]: "yaw" passed to lookupTransform argument source_frame does not exist. 
[WARN] [1772871357.383921966]: "yaw" passed to lookupTransform argument target_frame does not exist. 
[WARN] [1772871357.763913070]: "yaw" passed to lookupTransform argument source_frame does not exist. 
[WARN] [1772871357.883961905]: "yaw" passed to lookupTransform argument target_frame does not exist. 
lue Time:300.00
[INFO] [1772871356.923893107]: [BT] GetPolygonInWhich SUCCESS C:CSG G:YSR B:R pos=(0.85,1.05)@own_leisure_area Enemy:blue Time:300.00 area=own_leisure_area
[INFO] [1772871356.923931956]: [BT] GetSentryCmd SUCCESS C:CSG G:YSR B:R pos=(0.85,1.05)@own_leisure_area Enemy:blue Time:300.00 area=own_leisure_area desired=0 mode=3 acc_sec=105 degraded=0 change=0
[INFO] [1772871356.924076566]: [BT] SetPidPlannerParam SUCCESS C:CSG G:YSR B:R pos=(0.85,1.05)@own_leisure_area Enemy:blue Time:300.00
[INFO] [1772871356.924118738]: [BT] GetChassisDecisions SUCCESS C:CSG G:YSR B:R pos=(0.85,1.05)@own_leisure_area Enemy:blue Time:300.00
[INFO] [1772871356.924170341]: [BT] SendChassisCommand SUCCESS C:CSG G:YSR B:R pos=(0.85,1.05)@own_leisure_area Enemy:blue Time:300.00
[INFO] [1772871356.924199965]: [BT] GetGimbalDecisions SUCCESS C:CSG G:YSR B:R pos=(0.85,1.05)@own_leisure_area Enemy:blue Time:300.00
[INFO] [1772871356.924301225]: [BT] SendGimbalCommand SUCCESS C:CSG G:YSR B:R pos=(0.85,1.05)@own_leisure_area Enemy:blue Time:300.00
[INFO] [1772871356.924333929]: [BT] GetShooterDecisions SUCCESS C:CSG G:YSR B:R pos=(0.85,1.05)@own_leisure_area Enemy:blue Time:300.00
[INFO] [1772871356.933823028]: [BT] OutputRightSwitchState SUCCESS C:CSG G:YSR B:R pos=(0.85,1.05)@own_leisure_area Enemy:blue Time:300.00 switch=auto state=auto
[INFO] [1772871356.933914255]: [BT] ReviveIfDead SUCCESS C:CSG G:YSR B:R pos=(0.85,1.05)@own_leisure_area Enemy:blue Time:300.00 revive=done
[INFO] [1772871356.943995960]: [BT] SendShooterCommand SUCCESS C:CSG G:YSR B:R pos=(0.85,1.05)@own_leisure_area Enemy:blue Time:300.00
[INFO] [1772871357.423642328]: [BT] GetPresentTime SUCCESS C:CSG G:YSR B:R pos=(0.85,1.05)@own_leisure_area Enemy:blue Time:300.00
[INFO] [1772871357.433816393]: [BT] OutputRightSwitchState SUCCESS C:CSG G:YSR B:R pos=(0.85,1.05)@own_leisure_area Enemy:blue Time:300.00 switch=auto state=auto
[INFO] [1772871357.433943731]: [BT] GetPosInMap SUCCESS C:CSG G:YSR B:R pos=(0.85,1.05)@own_leisure_area Enemy:blue Time:300.00
[INFO] [1772871357.434010591]: [BT] GetPolygonInWhich SUCCESS C:CSG G:YSR B:R pos=(0.85,1.05)@own_leisure_area Enemy:blue Time:300.00 area=own_leisure_area
[INFO] [1772871357.434055096]: [BT] GetSentryCmd SUCCESS C:CSG G:YSR B:R pos=(0.85,1.05)@own_leisure_area Enemy:blue Time:300.00 area=own_leisure_area desired=0 mode=3 acc_sec=105 degraded=0 change=0
[INFO] [1772871357.434217670]: [BT] SetPidPlannerParam SUCCESS C:CSG G:YSR B:R pos=(0.85,1.05)@own_leisure_area Enemy:blue Time:300.00
[INFO] [1772871357.434263694]: [BT] GetChassisDecisions SUCCESS C:CSG G:YSR B:R pos=(0.85,1.05)@own_leisure_area Enemy:blue Time:300.00
[INFO] [1772871357.434327129]: [BT] SendChassisCommand SUCCESS C:CSG G:YSR B:R pos=(0.85,1.05)@own_leisure_area Enemy:blue Time:300.00
[INFO] [1772871357.434364790]: [BT] GetGimbalDecisions SUCCESS C:CSG G:YSR B:R pos=(0.85,1.05)@own_leisure_area Enemy:blue Time:300.00
[INFO] [1772871357.434504389]: [BT] SendGimbalCommand SUCCESS C:CSG G:YSR B:R pos=(0.85,1.05)@own_leisure_area Enemy:blue Time:300.00
[INFO] [1772871357.434545643]: [BT] GetShooterDecisions SUCCESS C:CSG G:YSR B:R pos=(0.85,1.05)@own_leisure_area Enemy:blue Time:300.00
[INFO] [1772871357.443706733]: [BT] ReviveIfDead SUCCESS C:CSG G:YSR B:R pos=(0.85,1.05)@own_leisure_area Enemy:blue Time:300.00 revive=done
[INFO] [1772871357.444194580]: [BT] SendShooterCommand SUCCESS C:CSG G:YSR B:R pos=(0.85,1.05)@own_leisure_area Enemy:blue Time:300.00
[INFO] [1772871357.923653586]: [BT] GetPresentTime SUCCESS C:CSG G:YSR B:R pos=(0.85,1.05)@own_leisure_area Enemy:blue Time:300.00
[INFO] [1772871357.943598866]: [BT] OutputRightSwitchState SUCCESS C:CSG G:YSR B:R pos=(0.85,1.05)@own_leisure_area Enemy:blue Time:300.00 switch=auto state=auto
[INFO] [1772871357.943716319]: [BT] ReviveIfDead SUCCESS C:CSG G:YSR B:R pos=(0.85,1.05)@own_leisure_area Enemy:blue Time:300.00 revive=done
[INFO] [1772871357.943783830]: [BT] GetPosInMap SUCCESS C:CSG G:YSR B:R pos=(0.85,1.05)@own_leisure_area Enemy:blue Time:300.00
[INFO] [1772871357.943827762]: [BT] GetPolygonInW[WARN] [1772871358.263925949]: "yaw" passed to lookupTransform argument source_frame does not exist. 
[WARN] [1772871358.394184866]: "yaw" passed to lookupTransform argument target_frame does not exist. 
[WARN] [1772871358.774073757]: "yaw" passed to lookupTransform argument source_frame does not exist. 
[WARN] [1772871358.894232678]: "yaw" passed to lookupTransform argument target_frame does not exist. 
hich SUCCESS C:CSG G:YSR B:R pos=(0.85,1.05)@own_leisure_area Enemy:blue Time:300.00 area=own_leisure_area
[INFO] [1772871357.943964388]: [BT] GetSentryCmd SUCCESS C:CSG G:YSR B:R pos=(0.85,1.05)@own_leisure_area Enemy:blue Time:300.00 area=own_leisure_area desired=0 mode=3 acc_sec=106 degraded=0 change=0
[INFO] [1772871357.944151768]: [BT] SetPidPlannerParam SUCCESS C:CSG G:YSR B:R pos=(0.85,1.05)@own_leisure_area Enemy:blue Time:300.00
[INFO] [1772871357.944202651]: [BT] GetChassisDecisions SUCCESS C:CSG G:YSR B:R pos=(0.85,1.05)@own_leisure_area Enemy:blue Time:300.00
[INFO] [1772871357.944273260]: [BT] SendChassisCommand SUCCESS C:CSG G:YSR B:R pos=(0.85,1.05)@own_leisure_area Enemy:blue Time:300.00
[INFO] [1772871357.944319438]: [BT] GetGimbalDecisions SUCCESS C:CSG G:YSR B:R pos=(0.85,1.05)@own_leisure_area Enemy:blue Time:300.00
[INFO] [1772871357.944432943]: [BT] SendGimbalCommand SUCCESS C:CSG G:YSR B:R pos=(0.85,1.05)@own_leisure_area Enemy:blue Time:300.00
[INFO] [1772871357.944472667]: [BT] GetShooterDecisions SUCCESS C:CSG G:YSR B:R pos=(0.85,1.05)@own_leisure_area Enemy:blue Time:300.00
[INFO] [1772871357.944515577]: [BT] SendShooterCommand SUCCESS C:CSG G:YSR B:R pos=(0.85,1.05)@own_leisure_area Enemy:blue Time:300.00
[INFO] [1772871358.433790369]: [BT] GetPresentTime SUCCESS C:CSG G:YSR B:R pos=(0.85,1.05)@own_leisure_area Enemy:blue Time:300.00
[INFO] [1772871358.453777513]: [BT] OutputRightSwitchState SUCCESS C:CSG G:YSR B:R pos=(0.85,1.05)@own_leisure_area Enemy:blue Time:300.00 switch=auto state=auto
[INFO] [1772871358.453859018]: [BT] ReviveIfDead SUCCESS C:CSG G:YSR B:R pos=(0.85,1.05)@own_leisure_area Enemy:blue Time:300.00 revive=done
[INFO] [1772871358.453938571]: [BT] GetPosInMap SUCCESS C:CSG G:YSR B:R pos=(0.85,1.05)@own_leisure_area Enemy:blue Time:300.00
[INFO] [1772871358.453980056]: [BT] GetPolygonInWhich SUCCESS C:CSG G:YSR B:R pos=(0.85,1.05)@own_leisure_area Enemy:blue Time:300.00 area=own_leisure_area
[INFO] [1772871358.454015981]: [BT] GetSentryCmd SUCCESS C:CSG G:YSR B:R pos=(0.85,1.05)@own_leisure_area Enemy:blue Time:300.00 area=own_leisure_area desired=0 mode=3 acc_sec=106 degraded=0 change=0
[INFO] [1772871358.454169875]: [BT] SetPidPlannerParam SUCCESS C:CSG G:YSR B:R pos=(0.85,1.05)@own_leisure_area Enemy:blue Time:300.00
[INFO] [1772871358.454208494]: [BT] GetChassisDecisions SUCCESS C:CSG G:YSR B:R pos=(0.85,1.05)@own_leisure_area Enemy:blue Time:300.00
[INFO] [1772871358.454260039]: [BT] SendChassisCommand SUCCESS C:CSG G:YSR B:R pos=(0.85,1.05)@own_leisure_area Enemy:blue Time:300.00
[INFO] [1772871358.454311317]: [BT] GetGimbalDecisions SUCCESS C:CSG G:YSR B:R pos=(0.85,1.05)@own_leisure_area Enemy:blue Time:300.00
[INFO] [1772871358.454409150]: [BT] SendGimbalCommand SUCCESS C:CSG G:YSR B:R pos=(0.85,1.05)@own_leisure_area Enemy:blue Time:300.00
[INFO] [1772871358.454440363]: [BT] GetShooterDecisions SUCCESS C:CSG G:YSR B:R pos=(0.85,1.05)@own_leisure_area Enemy:blue Time:300.00
[INFO] [1772871358.454487222]: [BT] SendShooterCommand SUCCESS C:CSG G:YSR B:R pos=(0.85,1.05)@own_leisure_area Enemy:blue Time:300.00
[INFO] [1772871358.943674977]: [BT] GetPresentTime SUCCESS C:CSG G:YSR B:R pos=(0.85,1.05)@own_leisure_area Enemy:blue Time:300.00
[INFO] [1772871358.953843405]: [BT] OutputRightSwitchState SUCCESS C:CSG G:YSR B:R pos=(0.85,1.05)@own_leisure_area Enemy:blue Time:300.00 switch=auto state=auto
[INFO] [1772871358.953957181]: [BT] ReviveIfDead SUCCESS C:CSG G:YSR B:R pos=(0.85,1.05)@own_leisure_area Enemy:blue Time:300.00 revive=done
[INFO] [1772871358.954038694]: [BT] GetPosInMap SUCCESS C:CSG G:YSR B:R pos=(0.85,1.05)@own_leisure_area Enemy:blue Time:300.00
[INFO] [1772871358.954087271]: [BT] GetPolygonInWhich SUCCESS C:CSG G:YSR B:R pos=(0.85,1.05)@own_leisure_area Enemy:blue Time:300.00 area=own_leisure_area
[INFO] [1772871358.954135395]: [BT] GetSentryCmd SUCCESS C:CSG G:YSR B:R pos=(0.85,1.05)@own_leisure_area Enemy:blue Time:300.00 area=own_leisure_area desired=0 mode=3 acc_sec=107 degraded=0 change=0
[INFO] [1772871358.954334432]: [BT] SetPidPlannerParam SUCCES[WARN] [1772871359.274219091]: "yaw" passed to lookupTransform argument source_frame does not exist. 
[WARN] [1772871359.403958915]: "yaw" passed to lookupTransform argument target_frame does not exist. 
[WARN] [1772871359.783880438]: "yaw" passed to lookupTransform argument source_frame does not exist. 
[WARN] [1772871359.914108682]: "yaw" passed to lookupTransform argument target_frame does not exist. 
S C:CSG G:YSR B:R pos=(0.85,1.05)@own_leisure_area Enemy:blue Time:300.00
[INFO] [1772871358.954453357]: [BT] GetChassisDecisions SUCCESS C:CSG G:YSR B:R pos=(0.85,1.05)@own_leisure_area Enemy:blue Time:300.00
[INFO] [1772871358.954522984]: [BT] SendChassisCommand SUCCESS C:CSG G:YSR B:R pos=(0.85,1.05)@own_leisure_area Enemy:blue Time:300.00
[INFO] [1772871358.954580679]: [BT] GetGimbalDecisions SUCCESS C:CSG G:YSR B:R pos=(0.85,1.05)@own_leisure_area Enemy:blue Time:300.00
[INFO] [1772871358.954698512]: [BT] SendGimbalCommand SUCCESS C:CSG G:YSR B:R pos=(0.85,1.05)@own_leisure_area Enemy:blue Time:300.00
[INFO] [1772871358.954759334]: [BT] GetShooterDecisions SUCCESS C:CSG G:YSR B:R pos=(0.85,1.05)@own_leisure_area Enemy:blue Time:300.00
[INFO] [1772871358.954811670]: [BT] SendShooterCommand SUCCESS C:CSG G:YSR B:R pos=(0.85,1.05)@own_leisure_area Enemy:blue Time:300.00
[INFO] [1772871359.453932019]: [BT] OutputRightSwitchState SUCCESS C:CSG G:YSR B:R pos=(0.85,1.05)@own_leisure_area Enemy:blue Time:300.00 switch=auto state=auto
[INFO] [1772871359.454030623]: [BT] ReviveIfDead SUCCESS C:CSG G:YSR B:R pos=(0.85,1.05)@own_leisure_area Enemy:blue Time:300.00 revive=done
[INFO] [1772871359.454075143]: [BT] GetPresentTime SUCCESS C:CSG G:YSR B:R pos=(0.85,1.05)@own_leisure_area Enemy:blue Time:300.00
[INFO] [1772871359.454129468]: [BT] GetPosInMap SUCCESS C:CSG G:YSR B:R pos=(0.85,1.05)@own_leisure_area Enemy:blue Time:300.00
[INFO] [1772871359.454171608]: [BT] GetPolygonInWhich SUCCESS C:CSG G:YSR B:R pos=(0.85,1.05)@own_leisure_area Enemy:blue Time:300.00 area=own_leisure_area
[INFO] [1772871359.454214005]: [BT] GetSentryCmd SUCCESS C:CSG G:YSR B:R pos=(0.85,1.05)@own_leisure_area Enemy:blue Time:300.00 area=own_leisure_area desired=0 mode=3 acc_sec=107 degraded=0 change=0
[INFO] [1772871359.454373194]: [BT] SetPidPlannerParam SUCCESS C:CSG G:YSR B:R pos=(0.85,1.05)@own_leisure_area Enemy:blue Time:300.00
[INFO] [1772871359.463822828]: [BT] GetChassisDecisions SUCCESS C:CSG G:YSR B:R pos=(0.85,1.05)@own_leisure_area Enemy:blue Time:300.00
[INFO] [1772871359.463952685]: [BT] SendChassisCommand SUCCESS C:CSG G:YSR B:R pos=(0.85,1.05)@own_leisure_area Enemy:blue Time:300.00
[INFO] [1772871359.464026616]: [BT] GetGimbalDecisions SUCCESS C:CSG G:YSR B:R pos=(0.85,1.05)@own_leisure_area Enemy:blue Time:300.00
[INFO] [1772871359.464144336]: [BT] SendGimbalCommand SUCCESS C:CSG G:YSR B:R pos=(0.85,1.05)@own_leisure_area Enemy:blue Time:300.00
[INFO] [1772871359.464185104]: [BT] GetShooterDecisions SUCCESS C:CSG G:YSR B:R pos=(0.85,1.05)@own_leisure_area Enemy:blue Time:300.00
[INFO] [1772871359.464243488]: [BT] SendShooterCommand SUCCESS C:CSG G:YSR B:R pos=(0.85,1.05)@own_leisure_area Enemy:blue Time:300.00
[INFO] [1772871359.963573214]: [BT] OutputRightSwitchState SUCCESS C:CSG G:YSR B:R pos=(0.85,1.05)@own_leisure_area Enemy:blue Time:300.00 switch=auto state=auto
[INFO] [1772871359.963667012]: [BT] ReviveIfDead SUCCESS C:CSG G:YSR B:R pos=(0.85,1.05)@own_leisure_area Enemy:blue Time:300.00 revive=done
[INFO] [1772871359.963707346]: [BT] GetPresentTime SUCCESS C:CSG G:YSR B:R pos=(0.85,1.05)@own_leisure_area Enemy:blue Time:300.00
[INFO] [1772871359.963784005]: [BT] GetPosInMap SUCCESS C:CSG G:YSR B:R pos=(0.85,1.05)@own_leisure_area Enemy:blue Time:300.00
[INFO] [1772871359.963821545]: [BT] GetPolygonInWhich SUCCESS C:CSG G:YSR B:R pos=(0.85,1.05)@own_leisure_area Enemy:blue Time:300.00 area=own_leisure_area
[INFO] [1772871359.963857202]: [BT] GetSentryCmd SUCCESS C:CSG G:YSR B:R pos=(0.85,1.05)@own_leisure_area Enemy:blue Time:300.00 area=own_leisure_area desired=0 mode=3 acc_sec=108 degraded=0 change=0
[INFO] [1772871359.964020938]: [BT] SetPidPlannerParam SUCCESS C:CSG G:YSR B:R pos=(0.85,1.05)@own_leisure_area Enemy:blue Time:300.00
[INFO] [1772871359.964063748]: [BT] GetChassisDecisions SUCCESS C:CSG G:YSR B:R pos=(0.85,1.05)@own_leisure_area Enemy:blue Time:300.00
[INFO] [1772871359.964115794]: [BT] SendChassisCommand SUCCESS C:CSG G:YSR B:R pos=(0.85,1.05)@own_leisure_area Enemy:blue Time:300.00
[INFO] [1772871359.9641[WARN] [1772871360.283930625]: "yaw" passed to lookupTransform argument source_frame does not exist. 
[WARN] [1772871360.414125241]: "yaw" passed to lookupTransform argument target_frame does not exist. 
[WARN] [1772871360.794132726]: "yaw" passed to lookupTransform argument source_frame does not exist. 
[WARN] [1772871360.914162926]: "yaw" passed to lookupTransform argument target_frame does not exist. 
45433]: [BT] GetGimbalDecisions SUCCESS C:CSG G:YSR B:R pos=(0.85,1.05)@own_leisure_area Enemy:blue Time:300.00
[INFO] [1772871359.964288724]: [BT] SendGimbalCommand SUCCESS C:CSG G:YSR B:R pos=(0.85,1.05)@own_leisure_area Enemy:blue Time:300.00
[INFO] [1772871359.964341125]: [BT] GetShooterDecisions SUCCESS C:CSG G:YSR B:R pos=(0.85,1.05)@own_leisure_area Enemy:blue Time:300.00
[INFO] [1772871359.964390488]: [BT] SendShooterCommand SUCCESS C:CSG G:YSR B:R pos=(0.85,1.05)@own_leisure_area Enemy:blue Time:300.00
[INFO] [1772871360.463602240]: [BT] OutputRightSwitchState SUCCESS C:CSG G:YSR B:R pos=(0.85,1.05)@own_leisure_area Enemy:blue Time:300.00 switch=auto state=auto
[INFO] [1772871360.463706297]: [BT] ReviveIfDead SUCCESS C:CSG G:YSR B:R pos=(0.85,1.05)@own_leisure_area Enemy:blue Time:300.00 revive=done
[INFO] [1772871360.463756873]: [BT] GetPresentTime SUCCESS C:CSG G:YSR B:R pos=(0.85,1.05)@own_leisure_area Enemy:blue Time:300.00
[INFO] [1772871360.463834258]: [BT] GetPosInMap SUCCESS C:CSG G:YSR B:R pos=(0.85,1.05)@own_leisure_area Enemy:blue Time:300.00
[INFO] [1772871360.463883004]: [BT] GetPolygonInWhich SUCCESS C:CSG G:YSR B:R pos=(0.85,1.05)@own_leisure_area Enemy:blue Time:300.00 area=own_leisure_area
[INFO] [1772871360.463929904]: [BT] GetSentryCmd SUCCESS C:CSG G:YSR B:R pos=(0.85,1.05)@own_leisure_area Enemy:blue Time:300.00 area=own_leisure_area desired=0 mode=3 acc_sec=108 degraded=0 change=0
[INFO] [1772871360.464131797]: [BT] SetPidPlannerParam SUCCESS C:CSG G:YSR B:R pos=(0.85,1.05)@own_leisure_area Enemy:blue Time:300.00
[INFO] [1772871360.464189838]: [BT] GetChassisDecisions SUCCESS C:CSG G:YSR B:R pos=(0.85,1.05)@own_leisure_area Enemy:blue Time:300.00
[INFO] [1772871360.464251328]: [BT] SendChassisCommand SUCCESS C:CSG G:YSR B:R pos=(0.85,1.05)@own_leisure_area Enemy:blue Time:300.00
[INFO] [1772871360.464289577]: [BT] GetGimbalDecisions SUCCESS C:CSG G:YSR B:R pos=(0.85,1.05)@own_leisure_area Enemy:blue Time:300.00
[INFO] [1772871360.464410071]: [BT] SendGimbalCommand SUCCESS C:CSG G:YSR B:R pos=(0.85,1.05)@own_leisure_area Enemy:blue Time:300.00
[INFO] [1772871360.464450331]: [BT] GetShooterDecisions SUCCESS C:CSG G:YSR B:R pos=(0.85,1.05)@own_leisure_area Enemy:blue Time:300.00
[INFO] [1772871360.464494275]: [BT] SendShooterCommand SUCCESS C:CSG G:YSR B:R pos=(0.85,1.05)@own_leisure_area Enemy:blue Time:300.00
[INFO] [1772871360.963604068]: [BT] OutputRightSwitchState SUCCESS C:CSG G:YSR B:R pos=(0.85,1.05)@own_leisure_area Enemy:blue Time:300.00 switch=auto state=auto
[INFO] [1772871360.963713692]: [BT] ReviveIfDead SUCCESS C:CSG G:YSR B:R pos=(0.85,1.05)@own_leisure_area Enemy:blue Time:300.00 revive=done
[INFO] [1772871360.963757813]: [BT] GetPresentTime SUCCESS C:CSG G:YSR B:R pos=(0.85,1.05)@own_leisure_area Enemy:blue Time:300.00
[INFO] [1772871360.963835590]: [BT] GetPosInMap SUCCESS C:CSG G:YSR B:R pos=(0.85,1.05)@own_leisure_area Enemy:blue Time:300.00
[INFO] [1772871360.973856367]: [BT] GetPolygonInWhich SUCCESS C:CSG G:YSR B:R pos=(0.85,1.05)@own_leisure_area Enemy:blue Time:300.00 area=own_leisure_area
[INFO] [1772871360.973939289]: [BT] GetSentryCmd SUCCESS C:CSG G:YSR B:R pos=(0.85,1.05)@own_leisure_area Enemy:blue Time:300.00 area=own_leisure_area desired=0 mode=3 acc_sec=109 degraded=0 change=0
[INFO] [1772871360.974122662]: [BT] SetPidPlannerParam SUCCESS C:CSG G:YSR B:R pos=(0.85,1.05)@own_leisure_area Enemy:blue Time:300.00
[INFO] [1772871360.974170226]: [BT] GetChassisDecisions SUCCESS C:CSG G:YSR B:R pos=(0.85,1.05)@own_leisure_area Enemy:blue Time:300.00
[INFO] [1772871360.974227054]: [BT] SendChassisCommand SUCCESS C:CSG G:YSR B:R pos=(0.85,1.05)@own_leisure_area Enemy:blue Time:300.00
[INFO] [1772871360.974262103]: [BT] GetGimbalDecisions SUCCESS C:CSG G:YSR B:R pos=(0.85,1.05)@own_leisure_area Enemy:blue Time:300.00
[INFO] [1772871360.974384092]: [BT] SendGimbalCommand SUCCESS C:CSG G:YSR B:R pos=(0.85,1.05)@own_leisure_area Enemy:blue Time:300.00
[INFO] [1772871360.974421047]: [BT] GetShooterDecisions SUCCESS C:CSG G:YSR B:R pos=(0.85,1.05)@own_leisure_area Enemy:blu[WARN] [1772871361.294180748]: "yaw" passed to lookupTransform argument source_frame does not exist. 
[WARN] [1772871361.423923691]: "yaw" passed to lookupTransform argument target_frame does not exist. 
[WARN] [1772871361.803960417]: "yaw" passed to lookupTransform argument source_frame does not exist. 
[WARN] [1772871361.934122956]: "yaw" passed to lookupTransform argument target_frame does not exist. 
[WARN] [1772871362.303976536]: "yaw" passed to lookupTransform argument source_frame does not exist. 
[WARN] [1772871362.443933436]: "yaw" passed to lookupTransform argument target_frame does not exist. 
e Time:300.00
[INFO] [1772871360.974517121]: [BT] SendShooterCommand SUCCESS C:CSG G:YSR B:R pos=(0.85,1.05)@own_leisure_area Enemy:blue Time:300.00
[INFO] [1772871361.473906767]: [BT] OutputRightSwitchState SUCCESS C:CSG G:YSR B:R pos=(0.85,1.05)@own_leisure_area Enemy:blue Time:300.00 switch=auto state=auto
[INFO] [1772871361.474008101]: [BT] ReviveIfDead SUCCESS C:CSG G:YSR B:R pos=(0.85,1.05)@own_leisure_area Enemy:blue Time:300.00 revive=done
[INFO] [1772871361.474053385]: [BT] GetPresentTime SUCCESS C:CSG G:YSR B:R pos=(0.85,1.05)@own_leisure_area Enemy:blue Time:300.00
[INFO] [1772871361.474110015]: [BT] GetPosInMap SUCCESS C:CSG G:YSR B:R pos=(0.85,1.05)@own_leisure_area Enemy:blue Time:300.00
[INFO] [1772871361.474152498]: [BT] GetPolygonInWhich SUCCESS C:CSG G:YSR B:R pos=(0.85,1.05)@own_leisure_area Enemy:blue Time:300.00 area=own_leisure_area
[INFO] [1772871361.474196158]: [BT] GetSentryCmd SUCCESS C:CSG G:YSR B:R pos=(0.85,1.05)@own_leisure_area Enemy:blue Time:300.00 area=own_leisure_area desired=0 mode=3 acc_sec=109 degraded=0 change=0
[INFO] [1772871361.474363575]: [BT] SetPidPlannerParam SUCCESS C:CSG G:YSR B:R pos=(0.85,1.05)@own_leisure_area Enemy:blue Time:300.00
[INFO] [1772871361.474406963]: [BT] GetChassisDecisions SUCCESS C:CSG G:YSR B:R pos=(0.85,1.05)@own_leisure_area Enemy:blue Time:300.00
[INFO] [1772871361.474466995]: [BT] SendChassisCommand SUCCESS C:CSG G:YSR B:R pos=(0.85,1.05)@own_leisure_area Enemy:blue Time:300.00
[INFO] [1772871361.474501060]: [BT] GetGimbalDecisions SUCCESS C:CSG G:YSR B:R pos=(0.85,1.05)@own_leisure_area Enemy:blue Time:300.00
[INFO] [1772871361.474611851]: [BT] SendGimbalCommand SUCCESS C:CSG G:YSR B:R pos=(0.85,1.05)@own_leisure_area Enemy:blue Time:300.00
[INFO] [1772871361.474650497]: [BT] GetShooterDecisions SUCCESS C:CSG G:YSR B:R pos=(0.85,1.05)@own_leisure_area Enemy:blue Time:300.00
[INFO] [1772871361.474686657]: [BT] SendShooterCommand SUCCESS C:CSG G:YSR B:R pos=(0.85,1.05)@own_leisure_area Enemy:blue Time:300.00
[INFO] [1772871361.983565273]: [BT] OutputRightSwitchState SUCCESS C:CSG G:YSR B:R pos=(0.85,1.05)@own_leisure_area Enemy:blue Time:300.00 switch=auto state=auto
[INFO] [1772871361.983642682]: [BT] ReviveIfDead SUCCESS C:CSG G:YSR B:R pos=(0.85,1.05)@own_leisure_area Enemy:blue Time:300.00 revive=done
[INFO] [1772871361.983672261]: [BT] GetPresentTime SUCCESS C:CSG G:YSR B:R pos=(0.85,1.05)@own_leisure_area Enemy:blue Time:300.00
[INFO] [1772871361.983715516]: [BT] GetPosInMap SUCCESS C:CSG G:YSR B:R pos=(0.85,1.05)@own_leisure_area Enemy:blue Time:300.00
[INFO] [1772871361.983745319]: [BT] GetPolygonInWhich SUCCESS C:CSG G:YSR B:R pos=(0.85,1.05)@own_leisure_area Enemy:blue Time:300.00 area=own_leisure_area
[INFO] [1772871361.983778271]: [BT] GetSentryCmd SUCCESS C:CSG G:YSR B:R pos=(0.85,1.05)@own_leisure_area Enemy:blue Time:300.00 area=own_leisure_area desired=0 mode=3 acc_sec=110 degraded=0 change=0
[INFO] [1772871361.983922262]: [BT] SetPidPlannerParam SUCCESS C:CSG G:YSR B:R pos=(0.85,1.05)@own_leisure_area Enemy:blue Time:300.00
[INFO] [1772871361.983969696]: [BT] GetChassisDecisions SUCCESS C:CSG G:YSR B:R pos=(0.85,1.05)@own_leisure_area Enemy:blue Time:300.00
[INFO] [1772871361.984017793]: [BT] SendChassisCommand SUCCESS C:CSG G:YSR B:R pos=(0.85,1.05)@own_leisure_area Enemy:blue Time:300.00
[INFO] [1772871361.984067630]: [BT] GetGimbalDecisions SUCCESS C:CSG G:YSR B:R pos=(0.85,1.05)@own_leisure_area Enemy:blue Time:300.00
[INFO] [1772871361.984146369]: [BT] SendGimbalCommand SUCCESS C:CSG G:YSR B:R pos=(0.85,1.05)@own_leisure_area Enemy:blue Time:300.00
[INFO] [1772871361.984181153]: [BT] GetShooterDecisions SUCCESS C:CSG G:YSR B:R pos=(0.85,1.05)@own_leisure_area Enemy:blue Time:300.00
[INFO] [1772871361.984219399]: [BT] SendShooterCommand SUCCESS C:CSG G:YSR B:R pos=(0.85,1.05)@own_leisure_area Enemy:blue Time:300.00
[INFO] [1772871362.483585787]: [BT] OutputRightSwitchState SUCCESS C:CSG G:YSR B:R pos=(0.85,1.05)@own_leisure_area Enemy:blue Time:300.00 switch=auto state=auto
[INFO] [1772871362.483702199]: [BT] ReviveIfDead SUCCESS [WARN] [1772871362.814101777]: "yaw" passed to lookupTransform argument source_frame does not exist. 
[WARN] [1772871362.954142212]: "yaw" passed to lookupTransform argument target_frame does not exist. 
[WARN] [1772871363.314173423]: "yaw" passed to lookupTransform argument source_frame does not exist. 
[WARN] [1772871363.454214293]: "yaw" passed to lookupTransform argument target_frame does not exist. 
C:CSG G:YSR B:R pos=(0.85,1.05)@own_leisure_area Enemy:blue Time:300.00 revive=done
[INFO] [1772871362.483837998]: [BT] GetPresentTime SUCCESS C:CSG G:YSR B:R pos=(0.85,1.05)@own_leisure_area Enemy:blue Time:300.00
[INFO] [1772871362.483898930]: [BT] GetPosInMap SUCCESS C:CSG G:YSR B:R pos=(0.85,1.05)@own_leisure_area Enemy:blue Time:300.00
[INFO] [1772871362.483953858]: [BT] GetPolygonInWhich SUCCESS C:CSG G:YSR B:R pos=(0.85,1.05)@own_leisure_area Enemy:blue Time:300.00 area=own_leisure_area
[INFO] [1772871362.483999499]: [BT] GetSentryCmd SUCCESS C:CSG G:YSR B:R pos=(0.85,1.05)@own_leisure_area Enemy:blue Time:300.00 area=own_leisure_area desired=0 mode=3 acc_sec=110 degraded=0 change=0
[INFO] [1772871362.484216209]: [BT] SetPidPlannerParam SUCCESS C:CSG G:YSR B:R pos=(0.85,1.05)@own_leisure_area Enemy:blue Time:300.00
[INFO] [1772871362.484274195]: [BT] GetChassisDecisions SUCCESS C:CSG G:YSR B:R pos=(0.85,1.05)@own_leisure_area Enemy:blue Time:300.00
[INFO] [1772871362.484549962]: [BT] SendChassisCommand SUCCESS C:CSG G:YSR B:R pos=(0.85,1.05)@own_leisure_area Enemy:blue Time:300.00
[INFO] [1772871362.484605710]: [BT] GetGimbalDecisions SUCCESS C:CSG G:YSR B:R pos=(0.85,1.05)@own_leisure_area Enemy:blue Time:300.00
[INFO] [1772871362.484716712]: [BT] SendGimbalCommand SUCCESS C:CSG G:YSR B:R pos=(0.85,1.05)@own_leisure_area Enemy:blue Time:300.00
[INFO] [1772871362.484753779]: [BT] GetShooterDecisions SUCCESS C:CSG G:YSR B:R pos=(0.85,1.05)@own_leisure_area Enemy:blue Time:300.00
[INFO] [1772871362.484795569]: [BT] SendShooterCommand SUCCESS C:CSG G:YSR B:R pos=(0.85,1.05)@own_leisure_area Enemy:blue Time:300.00
[INFO] [1772871362.983598097]: [BT] OutputRightSwitchState SUCCESS C:CSG G:YSR B:R pos=(0.85,1.05)@own_leisure_area Enemy:blue Time:300.00 switch=auto state=auto
[INFO] [1772871362.983705167]: [BT] ReviveIfDead SUCCESS C:CSG G:YSR B:R pos=(0.85,1.05)@own_leisure_area Enemy:blue Time:300.00 revive=done
[INFO] [1772871362.993911780]: [BT] GetPresentTime SUCCESS C:CSG G:YSR B:R pos=(0.85,1.05)@own_leisure_area Enemy:blue Time:300.00
[INFO] [1772871362.994055059]: [BT] GetPosInMap SUCCESS C:CSG G:YSR B:R pos=(0.85,1.05)@own_leisure_area Enemy:blue Time:300.00
[INFO] [1772871362.994109347]: [BT] GetPolygonInWhich SUCCESS C:CSG G:YSR B:R pos=(0.85,1.05)@own_leisure_area Enemy:blue Time:300.00 area=own_leisure_area
[INFO] [1772871362.994157862]: [BT] GetSentryCmd SUCCESS C:CSG G:YSR B:R pos=(0.85,1.05)@own_leisure_area Enemy:blue Time:300.00 area=own_leisure_area desired=0 mode=3 acc_sec=111 degraded=0 change=0
[INFO] [1772871362.994330105]: [BT] SetPidPlannerParam SUCCESS C:CSG G:YSR B:R pos=(0.85,1.05)@own_leisure_area Enemy:blue Time:300.00
[INFO] [1772871362.994380780]: [BT] GetChassisDecisions SUCCESS C:CSG G:YSR B:R pos=(0.85,1.05)@own_leisure_area Enemy:blue Time:300.00
[INFO] [1772871362.994520757]: [BT] SendChassisCommand SUCCESS C:CSG G:YSR B:R pos=(0.85,1.05)@own_leisure_area Enemy:blue Time:300.00
[INFO] [1772871362.994578940]: [BT] GetGimbalDecisions SUCCESS C:CSG G:YSR B:R pos=(0.85,1.05)@own_leisure_area Enemy:blue Time:300.00
[INFO] [1772871362.994670987]: [BT] SendGimbalCommand SUCCESS C:CSG G:YSR B:R pos=(0.85,1.05)@own_leisure_area Enemy:blue Time:300.00
[INFO] [1772871362.994699281]: [BT] GetShooterDecisions SUCCESS C:CSG G:YSR B:R pos=(0.85,1.05)@own_leisure_area Enemy:blue Time:300.00
[INFO] [1772871362.994744692]: [BT] SendShooterCommand SUCCESS C:CSG G:YSR B:R pos=(0.85,1.05)@own_leisure_area Enemy:blue Time:300.00
[INFO] [1772871363.483630556]: [BT] OutputRightSwitchState SUCCESS C:CSG G:YSR B:R pos=(0.85,1.05)@own_leisure_area Enemy:blue Time:300.00 switch=auto state=auto
[INFO] [1772871363.483740402]: [BT] ReviveIfDead SUCCESS C:CSG G:YSR B:R pos=(0.85,1.05)@own_leisure_area Enemy:blue Time:300.00 revive=done
[INFO] [1772871363.503664652]: [BT] GetPresentTime SUCCESS C:CSG G:YSR B:R pos=(0.85,1.05)@own_leisure_area Enemy:blue Time:300.00
[INFO] [1772871363.503786727]: [BT] GetPosInMap SUCCESS C:CSG G:YSR B:R pos=(0.85,1.05)@own_leisure_area Enemy:blue Time:300.00
[INFO] [1772871363.503856[WARN] [1772871363.823956618]: "yaw" passed to lookupTransform argument source_frame does not exist. 
[WARN] [1772871363.963880027]: "yaw" passed to lookupTransform argument target_frame does not exist. 
[WARN] [1772871364.323994817]: "yaw" passed to lookupTransform argument source_frame does not exist. 
[WARN] [1772871364.464020532]: "yaw" passed to lookupTransform argument target_frame does not exist. 
380]: [BT] GetPolygonInWhich SUCCESS C:CSG G:YSR B:R pos=(0.85,1.05)@own_leisure_area Enemy:blue Time:300.00 area=own_leisure_area
[INFO] [1772871363.503999451]: [BT] GetSentryCmd SUCCESS C:CSG G:YSR B:R pos=(0.85,1.05)@own_leisure_area Enemy:blue Time:300.00 area=own_leisure_area desired=0 mode=3 acc_sec=111 degraded=0 change=0
[INFO] [1772871363.504195075]: [BT] SetPidPlannerParam SUCCESS C:CSG G:YSR B:R pos=(0.85,1.05)@own_leisure_area Enemy:blue Time:300.00
[INFO] [1772871363.504260598]: [BT] GetChassisDecisions SUCCESS C:CSG G:YSR B:R pos=(0.85,1.05)@own_leisure_area Enemy:blue Time:300.00
[INFO] [1772871363.504343356]: [BT] SendChassisCommand SUCCESS C:CSG G:YSR B:R pos=(0.85,1.05)@own_leisure_area Enemy:blue Time:300.00
[INFO] [1772871363.504394899]: [BT] GetGimbalDecisions SUCCESS C:CSG G:YSR B:R pos=(0.85,1.05)@own_leisure_area Enemy:blue Time:300.00
[INFO] [1772871363.504504303]: [BT] SendGimbalCommand SUCCESS C:CSG G:YSR B:R pos=(0.85,1.05)@own_leisure_area Enemy:blue Time:300.00
[INFO] [1772871363.504541724]: [BT] GetShooterDecisions SUCCESS C:CSG G:YSR B:R pos=(0.85,1.05)@own_leisure_area Enemy:blue Time:300.00
[INFO] [1772871363.504584054]: [BT] SendShooterCommand SUCCESS C:CSG G:YSR B:R pos=(0.85,1.05)@own_leisure_area Enemy:blue Time:300.00
[INFO] [1772871363.983736484]: [BT] OutputRightSwitchState SUCCESS C:CSG G:YSR B:R pos=(0.85,1.05)@own_leisure_area Enemy:blue Time:300.00 switch=auto state=auto
[INFO] [1772871363.983834108]: [BT] ReviveIfDead SUCCESS C:CSG G:YSR B:R pos=(0.85,1.05)@own_leisure_area Enemy:blue Time:300.00 revive=done
[INFO] [1772871364.013642379]: [BT] GetPresentTime SUCCESS C:CSG G:YSR B:R pos=(0.85,1.05)@own_leisure_area Enemy:blue Time:300.00
[INFO] [1772871364.013767156]: [BT] GetPosInMap SUCCESS C:CSG G:YSR B:R pos=(0.85,1.05)@own_leisure_area Enemy:blue Time:300.00
[INFO] [1772871364.013808268]: [BT] GetPolygonInWhich SUCCESS C:CSG G:YSR B:R pos=(0.85,1.05)@own_leisure_area Enemy:blue Time:300.00 area=own_leisure_area
[INFO] [1772871364.013846604]: [BT] GetSentryCmd SUCCESS C:CSG G:YSR B:R pos=(0.85,1.05)@own_leisure_area Enemy:blue Time:300.00 area=own_leisure_area desired=0 mode=3 acc_sec=112 degraded=0 change=0
[INFO] [1772871364.014007137]: [BT] SetPidPlannerParam SUCCESS C:CSG G:YSR B:R pos=(0.85,1.05)@own_leisure_area Enemy:blue Time:300.00
[INFO] [1772871364.014049942]: [BT] GetChassisDecisions SUCCESS C:CSG G:YSR B:R pos=(0.85,1.05)@own_leisure_area Enemy:blue Time:300.00
[INFO] [1772871364.014104026]: [BT] SendChassisCommand SUCCESS C:CSG G:YSR B:R pos=(0.85,1.05)@own_leisure_area Enemy:blue Time:300.00
[INFO] [1772871364.014162771]: [BT] GetGimbalDecisions SUCCESS C:CSG G:YSR B:R pos=(0.85,1.05)@own_leisure_area Enemy:blue Time:300.00
[INFO] [1772871364.014263442]: [BT] SendGimbalCommand SUCCESS C:CSG G:YSR B:R pos=(0.85,1.05)@own_leisure_area Enemy:blue Time:300.00
[INFO] [1772871364.014302371]: [BT] GetShooterDecisions SUCCESS C:CSG G:YSR B:R pos=(0.85,1.05)@own_leisure_area Enemy:blue Time:300.00
[INFO] [1772871364.014345699]: [BT] SendShooterCommand SUCCESS C:CSG G:YSR B:R pos=(0.85,1.05)@own_leisure_area Enemy:blue Time:300.00
[INFO] [1772871364.493608070]: [BT] OutputRightSwitchState SUCCESS C:CSG G:YSR B:R pos=(0.85,1.05)@own_leisure_area Enemy:blue Time:300.00 switch=auto state=auto
[INFO] [1772871364.493679699]: [BT] ReviveIfDead SUCCESS C:CSG G:YSR B:R pos=(0.85,1.05)@own_leisure_area Enemy:blue Time:300.00 revive=done
[INFO] [1772871364.523647275]: [BT] GetPresentTime SUCCESS C:CSG G:YSR B:R pos=(0.85,1.05)@own_leisure_area Enemy:blue Time:300.00
[INFO] [1772871364.523728399]: [BT] GetPosInMap SUCCESS C:CSG G:YSR B:R pos=(0.85,1.05)@own_leisure_area Enemy:blue Time:300.00
[INFO] [1772871364.523759234]: [BT] GetPolygonInWhich SUCCESS C:CSG G:YSR B:R pos=(0.85,1.05)@own_leisure_area Enemy:blue Time:300.00 area=own_leisure_area
[INFO] [1772871364.523790232]: [BT] GetSentryCmd SUCCESS C:CSG G:YSR B:R pos=(0.85,1.05)@own_leisure_area Enemy:blue Time:300.00 area=own_leisure_area desired=0 mode=3 acc_sec=112 degraded=0 change=0
[INFO] [1772871364.523947306]: [BT] S